company,investor,cn,aa,tps_aa
Wittlebee,White Star Capital,1,0.6213,0.4133
Wittlebee,Rustic Canyon Partners,1,0.6213,0.4133
Mosoro,Alex Zubillaga,1,0.5139,0.1671
Mosoro,Bill Tai,1,0.5139,0.1671
Mosoro,Len Blavatnik,1,0.5139,0.1671
Mosoro,Draper Fisher Jurvetson (DFJ),1,0.5139,0.1671
Actacell,Sequoia Capital,1,0.4551,0.1357
Actacell,Kleiner Perkins Caufield & Byers,1,0.4551,0.1357
Ellie,Science,2,0.8688,0.1027
Branch,AOL Ventures,1,0.2519,0.0913
Branch,Intel Capital,1,0.2519,0.0913
Branch,Howard Lindzon,1,0.2519,0.0913
Branch,White Star Capital,1,0.2519,0.0913
Branch,Ron Conway,1,0.2519,0.0913
Branch,New York Times,1,0.2519,0.0913
Branch,Founder Collective,1,0.2519,0.0913
Branch,Peter Hershberg,1,0.2519,0.0913
Branch,DFJ Growth,1,0.2519,0.0913
Branch,SoftBank Capital,1,0.2519,0.0913
ChallengePost,SoftBank Capital,1,0.2519,0.0913
ChallengePost,Joshua Stylman,1,0.2519,0.0913
Punch!,Ron Conway,1,0.2519,0.0913
Hot Potato,Joshua Stylman,1,0.2519,0.0913
Livestar,RRE Ventures,1,0.2519,0.0913
Livestar,AOL Ventures,1,0.2519,0.0913
Fluidinfo,AOL Ventures,1,0.2519,0.0913
Fluidinfo,Pilot Group,1,0.2519,0.0913
Fluidinfo,Intel Capital,1,0.2519,0.0913
Fluidinfo,Howard Lindzon,1,0.2519,0.0913
Fluidinfo,White Star Capital,1,0.2519,0.0913
Fluidinfo,Ron Conway,1,0.2519,0.0913
Fluidinfo,New York Times,1,0.2519,0.0913
Fluidinfo,Peter Hershberg,1,0.2519,0.0913
Fluidinfo,SV Angel,1,0.2519,0.0913
Picturelife,New York Times,1,0.2519,0.0913
Picturelife,Howard Lindzon,1,0.2519,0.0913
Picturelife,White Star Capital,1,0.2519,0.0913
Picturelife,Ron Conway,1,0.2519,0.0913
Hot Potato,AOL Ventures,1,0.2519,0.0913
Hot Potato,Pilot Group,1,0.2519,0.0913
Hot Potato,Intel Capital,1,0.2519,0.0913
Hot Potato,Howard Lindzon,1,0.2519,0.0913
Hot Potato,White Star Capital,1,0.2519,0.0913
Hot Potato,Ron Conway,1,0.2519,0.0913
Hot Potato,New York Times,1,0.2519,0.0913
Hot Potato,Peter Hershberg,1,0.2519,0.0913
Hot Potato,DFJ Growth,1,0.2519,0.0913
Hot Potato,Lerer Ventures,1,0.2519,0.0913
Hot Potato,SoftBank Capital,1,0.2519,0.0913
RebelMouse,SV Angel,1,0.2519,0.0913
RebelMouse,DFJ Growth,1,0.2519,0.0913
RebelMouse,Joshua Stylman,1,0.2519,0.0913
RebelMouse,RRE Ventures,1,0.2519,0.0913
RebelMouse,AOL Ventures,1,0.2519,0.0913
RebelMouse,Pilot Group,1,0.2519,0.0913
RebelMouse,Intel Capital,1,0.2519,0.0913
RebelMouse,White Star Capital,1,0.2519,0.0913
Punch!,RRE Ventures,1,0.2519,0.0913
Punch!,AOL Ventures,1,0.2519,0.0913
Picturelife,SoftBank Capital,1,0.2519,0.0913
Picturelife,Joshua Stylman,1,0.2519,0.0913
Picturelife,RRE Ventures,1,0.2519,0.0913
Picturelife,AOL Ventures,1,0.2519,0.0913
Picturelife,Pilot Group,1,0.2519,0.0913
Picturelife,Intel Capital,1,0.2519,0.0913
Socratic,Lerer Ventures,1,0.2519,0.0913
Socratic,SoftBank Capital,1,0.2519,0.0913
Socratic,Joshua Stylman,1,0.2519,0.0913
Findery,White Star Capital,1,0.2519,0.0913
Findery,Ron Conway,1,0.2519,0.0913
Findery,New York Times,1,0.2519,0.0913
Findery,Peter Hershberg,1,0.2519,0.0913
Findery,DFJ Growth,1,0.2519,0.0913
Findery,Lerer Ventures,1,0.2519,0.0913
IFTTT,DFJ Growth,1,0.2519,0.0913
IFTTT,SoftBank Capital,1,0.2519,0.0913
IFTTT,Joshua Stylman,1,0.2519,0.0913
RebelMouse,Ron Conway,1,0.2519,0.0913
RebelMouse,New York Times,1,0.2519,0.0913
RebelMouse,Founder Collective,1,0.2519,0.0913
RebelMouse,Peter Hershberg,1,0.2519,0.0913
Socratic,Ron Conway,1,0.2519,0.0913
Socratic,New York Times,1,0.2519,0.0913
Socratic,Founder Collective,1,0.2519,0.0913
Socratic,Peter Hershberg,1,0.2519,0.0913
Findery,Joshua Stylman,1,0.2519,0.0913
IFTTT,RRE Ventures,1,0.2519,0.0913
IFTTT,AOL Ventures,1,0.2519,0.0913
IFTTT,Pilot Group,1,0.2519,0.0913
IFTTT,Intel Capital,1,0.2519,0.0913
IFTTT,Howard Lindzon,1,0.2519,0.0913
IFTTT,White Star Capital,1,0.2519,0.0913
IFTTT,Ron Conway,1,0.2519,0.0913
IFTTT,New York Times,1,0.2519,0.0913
IFTTT,Peter Hershberg,1,0.2519,0.0913
Socratic,SV Angel,1,0.2519,0.0913
Socratic,DFJ Growth,1,0.2519,0.0913
Editorially,AOL Ventures,1,0.2519,0.0913
Editorially,Pilot Group,1,0.2519,0.0913
Editorially,Intel Capital,1,0.2519,0.0913
Editorially,Howard Lindzon,1,0.2519,0.0913
Editorially,White Star Capital,1,0.2519,0.0913
Editorially,Ron Conway,1,0.2519,0.0913
Editorially,New York Times,1,0.2519,0.0913
Editorially,Founder Collective,1,0.2519,0.0913
Editorially,Peter Hershberg,1,0.2519,0.0913
Findery,SoftBank Capital,1,0.2519,0.0913
Socratic,RRE Ventures,1,0.2519,0.0913
Socratic,AOL Ventures,1,0.2519,0.0913
Socratic,Pilot Group,1,0.2519,0.0913
Socratic,Intel Capital,1,0.2519,0.0913
Socratic,Howard Lindzon,1,0.2519,0.0913
Socratic,White Star Capital,1,0.2519,0.0913
Bloglovin,SV Angel,1,0.2519,0.0913
Bloglovin,DFJ Growth,1,0.2519,0.0913
Bloglovin,SoftBank Capital,1,0.2519,0.0913
Bloglovin,Joshua Stylman,1,0.2519,0.0913
gdgt,Ron Conway,1,0.2519,0.0913
gdgt,New York Times,1,0.2519,0.0913
gdgt,Founder Collective,1,0.2519,0.0913
gdgt,Peter Hershberg,1,0.2519,0.0913
gdgt,DFJ Growth,1,0.2519,0.0913
gdgt,SoftBank Capital,1,0.2519,0.0913
gdgt,Joshua Stylman,1,0.2519,0.0913
Findery,RRE Ventures,1,0.2519,0.0913
Findery,AOL Ventures,1,0.2519,0.0913
Findery,Pilot Group,1,0.2519,0.0913
Findery,Intel Capital,1,0.2519,0.0913
Findery,Howard Lindzon,1,0.2519,0.0913
Embedly,RRE Ventures,1,0.2519,0.0913
Embedly,AOL Ventures,1,0.2519,0.0913
Embedly,Pilot Group,1,0.2519,0.0913
Embedly,Intel Capital,1,0.2519,0.0913
Embedly,White Star Capital,1,0.2519,0.0913
gdgt,RRE Ventures,1,0.2519,0.0913
gdgt,Pilot Group,1,0.2519,0.0913
gdgt,Intel Capital,1,0.2519,0.0913
gdgt,Howard Lindzon,1,0.2519,0.0913
gdgt,White Star Capital,1,0.2519,0.0913
Editorially,SV Angel,1,0.2519,0.0913
Bloglovin,Howard Lindzon,1,0.2519,0.0913
Bloglovin,Ron Conway,1,0.2519,0.0913
Bloglovin,New York Times,1,0.2519,0.0913
Bloglovin,Founder Collective,1,0.2519,0.0913
Bloglovin,Peter Hershberg,1,0.2519,0.0913
Estimote,Joshua Stylman,1,0.2519,0.0913
Embedly,Ron Conway,1,0.2519,0.0913
Embedly,New York Times,1,0.2519,0.0913
Embedly,Founder Collective,1,0.2519,0.0913
Embedly,Peter Hershberg,1,0.2519,0.0913
Embedly,DFJ Growth,1,0.2519,0.0913
Embedly,Lerer Ventures,1,0.2519,0.0913
Embedly,SoftBank Capital,1,0.2519,0.0913
Embedly,Joshua Stylman,1,0.2519,0.0913
Bloglovin,AOL Ventures,1,0.2519,0.0913
Bloglovin,Pilot Group,1,0.2519,0.0913
Bloglovin,Intel Capital,1,0.2519,0.0913
Editorially,DFJ Growth,1,0.2519,0.0913
Editorially,SoftBank Capital,1,0.2519,0.0913
Editorially,Joshua Stylman,1,0.2519,0.0913
Editorially,RRE Ventures,1,0.2519,0.0913
Rap Genius,Joshua Stylman,1,0.2519,0.0913
Koa.la,SoftBank Capital,1,0.2519,0.0913
Estimote,RRE Ventures,1,0.2519,0.0913
Estimote,AOL Ventures,1,0.2519,0.0913
Estimote,Pilot Group,1,0.2519,0.0913
Estimote,Intel Capital,1,0.2519,0.0913
Estimote,Howard Lindzon,1,0.2519,0.0913
Estimote,White Star Capital,1,0.2519,0.0913
Estimote,Ron Conway,1,0.2519,0.0913
Estimote,New York Times,1,0.2519,0.0913
Estimote,Founder Collective,1,0.2519,0.0913
Estimote,Peter Hershberg,1,0.2519,0.0913
Estimote,SV Angel,1,0.2519,0.0913
Estimote,DFJ Growth,1,0.2519,0.0913
Estimote,Lerer Ventures,1,0.2519,0.0913
Estimote,SoftBank Capital,1,0.2519,0.0913
Koa.la,Pilot Group,1,0.2519,0.0913
Koa.la,Intel Capital,1,0.2519,0.0913
Koa.la,Howard Lindzon,1,0.2519,0.0913
Koa.la,White Star Capital,1,0.2519,0.0913
Koa.la,Ron Conway,1,0.2519,0.0913
Rap Genius,Intel Capital,1,0.2519,0.0913
Rap Genius,Howard Lindzon,1,0.2519,0.0913
Rap Genius,White Star Capital,1,0.2519,0.0913
Rap Genius,Ron Conway,1,0.2519,0.0913
Rap Genius,New York Times,1,0.2519,0.0913
Rap Genius,Founder Collective,1,0.2519,0.0913
Rap Genius,Peter Hershberg,1,0.2519,0.0913
Rap Genius,SV Angel,1,0.2519,0.0913
Rap Genius,DFJ Growth,1,0.2519,0.0913
Rap Genius,Lerer Ventures,1,0.2519,0.0913
Rap Genius,SoftBank Capital,1,0.2519,0.0913
URX,Ron Conway,1,0.2519,0.0913
URX,New York Times,1,0.2519,0.0913
URX,Founder Collective,1,0.2519,0.0913
URX,Peter Hershberg,1,0.2519,0.0913
URX,DFJ Growth,1,0.2519,0.0913
URX,Lerer Ventures,1,0.2519,0.0913
URX,SoftBank Capital,1,0.2519,0.0913
URX,Joshua Stylman,1,0.2519,0.0913
Koa.la,Joshua Stylman,1,0.2519,0.0913
URX,RRE Ventures,1,0.2519,0.0913
URX,AOL Ventures,1,0.2519,0.0913
URX,Pilot Group,1,0.2519,0.0913
Rap Genius,RRE Ventures,1,0.2519,0.0913
Rap Genius,AOL Ventures,1,0.2519,0.0913
Rap Genius,Pilot Group,1,0.2519,0.0913
Koa.la,AOL Ventures,1,0.2519,0.0913
Namo Media,White Star Capital,1,0.2519,0.0913
Picturelife,Peter Hershberg,1,0.2519,0.0913
Couple,RRE Ventures,1,0.2519,0.0913
Couple,AOL Ventures,1,0.2519,0.0913
Couple,Pilot Group,1,0.2519,0.0913
Couple,Intel Capital,1,0.2519,0.0913
Couple,Howard Lindzon,1,0.2519,0.0913
Couple,White Star Capital,1,0.2519,0.0913
Couple,Ron Conway,1,0.2519,0.0913
Couple,New York Times,1,0.2519,0.0913
ChallengePost,Founder Collective,1,0.2519,0.0913
ChallengePost,Peter Hershberg,1,0.2519,0.0913
ChallengePost,SV Angel,1,0.2519,0.0913
Koa.la,New York Times,1,0.2519,0.0913
Koa.la,Founder Collective,1,0.2519,0.0913
Koa.la,Peter Hershberg,1,0.2519,0.0913
Couple,Peter Hershberg,1,0.2519,0.0913
Couple,DFJ Growth,1,0.2519,0.0913
Couple,SoftBank Capital,1,0.2519,0.0913
Couple,Joshua Stylman,1,0.2519,0.0913
ChallengePost,DFJ Growth,1,0.2519,0.0913
ChallengePost,Lerer Ventures,1,0.2519,0.0913
URX,Intel Capital,1,0.2519,0.0913
URX,Howard Lindzon,1,0.2519,0.0913
URX,White Star Capital,1,0.2519,0.0913
Koa.la,DFJ Growth,1,0.2519,0.0913
Koa.la,Lerer Ventures,1,0.2519,0.0913
Namo Media,RRE Ventures,1,0.2519,0.0913
Namo Media,AOL Ventures,1,0.2519,0.0913
Namo Media,Pilot Group,1,0.2519,0.0913
Namo Media,Intel Capital,1,0.2519,0.0913
Namo Media,Howard Lindzon,1,0.2519,0.0913
Namo Media,New York Times,1,0.2519,0.0913
Namo Media,Founder Collective,1,0.2519,0.0913
Namo Media,Peter Hershberg,1,0.2519,0.0913
Namo Media,SV Angel,1,0.2519,0.0913
Namo Media,DFJ Growth,1,0.2519,0.0913
Namo Media,Lerer Ventures,1,0.2519,0.0913
Namo Media,SoftBank Capital,1,0.2519,0.0913
Namo Media,Joshua Stylman,1,0.2519,0.0913
ChallengePost,RRE Ventures,1,0.2519,0.0913
ChallengePost,AOL Ventures,1,0.2519,0.0913
ChallengePost,Pilot Group,1,0.2519,0.0913
ChallengePost,Intel Capital,1,0.2519,0.0913
ChallengePost,Howard Lindzon,1,0.2519,0.0913
ChallengePost,White Star Capital,1,0.2519,0.0913
ChallengePost,Ron Conway,1,0.2519,0.0913
ChallengePost,New York Times,1,0.2519,0.0913
Punch!,White Star Capital,1,0.2519,0.0913
Livestar,Intel Capital,1,0.2519,0.0913
Livestar,Howard Lindzon,1,0.2519,0.0913
Livestar,White Star Capital,1,0.2519,0.0913
Livestar,Ron Conway,1,0.2519,0.0913
Livestar,New York Times,1,0.2519,0.0913
Livestar,Founder Collective,1,0.2519,0.0913
Livestar,Peter Hershberg,1,0.2519,0.0913
Livestar,DFJ Growth,1,0.2519,0.0913
Livestar,Lerer Ventures,1,0.2519,0.0913
Livestar,SoftBank Capital,1,0.2519,0.0913
Livestar,Joshua Stylman,1,0.2519,0.0913
Punch!,Pilot Group,1,0.2519,0.0913
Punch!,Intel Capital,1,0.2519,0.0913
Punch!,Howard Lindzon,1,0.2519,0.0913
Livestar,Pilot Group,1,0.2519,0.0913
Branch,RRE Ventures,1,0.2519,0.0913
Picturelife,DFJ Growth,1,0.2519,0.0913
Punch!,New York Times,1,0.2519,0.0913
Punch!,Founder Collective,1,0.2519,0.0913
Punch!,Peter Hershberg,1,0.2519,0.0913
Punch!,SV Angel,1,0.2519,0.0913
Punch!,DFJ Growth,1,0.2519,0.0913
Punch!,Lerer Ventures,1,0.2519,0.0913
Punch!,SoftBank Capital,1,0.2519,0.0913
Punch!,Joshua Stylman,1,0.2519,0.0913
Branch,Joshua Stylman,1,0.2519,0.0913
Fluidinfo,Joshua Stylman,1,0.2519,0.0913
Fluidinfo,SoftBank Capital,1,0.2519,0.0913
Fluidinfo,DFJ Growth,1,0.2519,0.0913
Branch,Pilot Group,1,0.2519,0.0913
Namo Media,Ron Conway,1,0.2519,0.0913
Bloglovin,Science,1,0.5581,0.088
Ludia,Science,1,0.5581,0.088
Busbud,Science,1,0.5581,0.088
Shelfari,Kleiner Perkins Caufield & Byers,1,0.417,0.086
Foodista,Kleiner Perkins Caufield & Byers,1,0.417,0.086
Nomi,Groupon,2,0.3758,0.0736
PandoDaily,Groupon,2,0.3758,0.0736
Endorse,Groupon,2,0.3758,0.0736
Swiftype,Groupon,2,0.3783,0.0677
IFTTT,Groupon,2,0.3783,0.0677
MemSQL,Groupon,2,0.3783,0.0677
SnapTell,Groupon,2,0.3783,0.0677
Grubwithus,Groupon,2,0.3783,0.0677
Pulse,Groupon,2,0.3783,0.0677
Mosaic Storage Systems,Makeover Solutions,1,0.4343,0.0556
Wingu,Makeover Solutions,1,0.4343,0.0556
FetchDog,Makeover Solutions,1,0.4343,0.0556
Daz 3d,Makeover Solutions,1,0.2912,0.0544
SimpleReach,Makeover Solutions,1,0.2912,0.0544
Databanq,Makeover Solutions,1,0.2912,0.0544
Pump Audio,Makeover Solutions,1,0.2912,0.0544
NativeEnergy,Makeover Solutions,1,0.2912,0.0544
Zipmark,Makeover Solutions,1,0.2912,0.0544
TopTenREVIEWS,Makeover Solutions,1,0.2912,0.0544
Health Guru Media Inc.,Makeover Solutions,1,0.2912,0.0544
Travora Networks,Makeover Solutions,1,0.2912,0.0544
Koa.la,Groupon,1,0.184,0.0511
Formspring,Groupon,1,0.184,0.0511
Snapguide,Groupon,1,0.184,0.0511
Cloudtop,Groupon,1,0.184,0.0511
YourMechanic,Groupon,1,0.184,0.0511
URX,Groupon,1,0.184,0.0511
Odeo,Groupon,1,0.184,0.0511
BetterWorks (Closed),Groupon,1,0.184,0.0511
Openbucks,Groupon,1,0.184,0.0511
Friend.ly,Groupon,1,0.184,0.0511
Kinnek,Groupon,1,0.184,0.0511
Sunrise,Groupon,1,0.184,0.0511
Wavii,Groupon,1,0.184,0.0511
Circle Inc,Groupon,1,0.184,0.0511
Heap,Groupon,1,0.184,0.0511
Couple,Groupon,1,0.184,0.0511
Sincerely,Groupon,1,0.184,0.0511
Mailbox,Groupon,1,0.184,0.0511
Usermind,Groupon,1,0.184,0.0511
Parse,Groupon,1,0.184,0.0511
Piazza,Groupon,1,0.184,0.0511
Highfive,Groupon,1,0.184,0.0511
Kicksend,Groupon,1,0.184,0.0511
Rupture,Groupon,1,0.184,0.0511
Aardvark,Groupon,1,0.184,0.0511
Pipewise,Groupon,1,0.184,0.0511
Sherpaa,Groupon,1,0.184,0.0511
Thing Labs,Groupon,1,0.184,0.0511
Splice,Groupon,1,0.184,0.0511
SmartThings,Groupon,1,0.184,0.0511
Lionside,Groupon,1,0.184,0.0511
FiftyThree,Groupon,1,0.184,0.0511
Zencoder,Groupon,1,0.184,0.0511
Booshaka,Groupon,1,0.184,0.0511
Vungle,Groupon,1,0.184,0.0511
Clever,Groupon,1,0.184,0.0511
EQAL,Groupon,1,0.184,0.0511
RethinkDB,Groupon,1,0.184,0.0511
Mark43,Groupon,1,0.184,0.0511
Plivo,Groupon,1,0.184,0.0511
Fashism,Groupon,1,0.184,0.0511
Boundless,Groupon,1,0.184,0.0511
Embedly,Groupon,1,0.184,0.0511
Tellme,Groupon,1,0.184,0.0511
Vamo,Groupon,1,0.184,0.0511
Factual,Groupon,1,0.184,0.0511
Canvas Networks,Groupon,1,0.184,0.0511
Lift,Groupon,1,0.184,0.0511
Findery,Groupon,1,0.184,0.0511
CircleCi,Groupon,1,0.184,0.0511
nprogress,Groupon,1,0.184,0.0511
Topguest,Groupon,1,0.184,0.0511
Jelly HQ,Groupon,1,0.184,0.0511
Ink,Groupon,1,0.184,0.0511
Quarterly,Groupon,1,0.184,0.0511
Vook,Groupon,1,0.184,0.0511
Tubular Labs,Groupon,1,0.184,0.0511
Flatiron Health,Groupon,1,0.184,0.0511
Locu,Groupon,1,0.184,0.0511
"Kiwi, Inc.",Groupon,1,0.184,0.0511
Red Hot Labs,Groupon,1,0.184,0.0511
CoTweet,Groupon,1,0.184,0.0511
MessageMe,Groupon,1,0.184,0.0511
Heyday,Groupon,1,0.184,0.0511
BillFloat,Groupon,1,0.184,0.0511
Milo,Groupon,1,0.184,0.0511
Layer,Groupon,1,0.184,0.0511
TransferWise,Groupon,1,0.184,0.0511
StubHub,Groupon,1,0.184,0.0511
GoodRx,Groupon,1,0.184,0.0511
gdgt,Groupon,1,0.184,0.0511
Listia,Groupon,1,0.184,0.0511
Tasty Labs,Groupon,1,0.184,0.0511
LearnUp,Groupon,1,0.184,0.0511
Sift Science,Groupon,1,0.184,0.0511
BabbaCo,Groupon,1,0.184,0.0511
20x200,Groupon,1,0.184,0.0511
Kaggle,Groupon,1,0.184,0.0511
Leo,Groupon,1,0.184,0.0511
UpCounsel,Groupon,1,0.184,0.0511
Strikingly,Groupon,1,0.184,0.0511
PagerDuty,Groupon,1,0.184,0.0511
Crowdtilt,Groupon,1,0.184,0.0511
Unsubscribe.com,Groupon,1,0.184,0.0511
Ning by Glam Media,Groupon,1,0.184,0.0511
imgIX,Groupon,1,0.184,0.0511
Aisle50,Groupon,1,0.184,0.0511
Balanced,Groupon,1,0.184,0.0511
Science Exchange,Groupon,1,0.184,0.0511
Hullabalu,Groupon,1,0.184,0.0511
Exec,Groupon,1,0.184,0.0511
Motally,Groupon,1,0.184,0.0511
Lift Worldwide,Groupon,1,0.184,0.0511
FundersClub,Groupon,1,0.184,0.0511
Patreon,Groupon,1,0.184,0.0511
Eventbrite,Groupon,1,0.184,0.0511
Branch,Groupon,1,0.184,0.0511
Swrve,Groupon,1,0.184,0.0511
OrderAhead,Groupon,1,0.184,0.0511
Hot Potato,Groupon,1,0.184,0.0511
FoundationDB,Groupon,1,0.184,0.0511
Ark,Groupon,1,0.184,0.0511
Citus Data,Groupon,1,0.184,0.0511
Percolate,Groupon,1,0.184,0.0511
DoubleRecall,Groupon,1,0.184,0.0511
Instacart,Groupon,1,0.184,0.0511
Romotive,Groupon,1,0.184,0.0511
Nodejitsu,Groupon,1,0.184,0.0511
dotCloud,Groupon,1,0.184,0.0511
Porch,Groupon,1,0.184,0.0511
GitHub,Groupon,1,0.184,0.0511
Picturelife,Groupon,1,0.184,0.0511
Backplane,Groupon,1,0.184,0.0511
Priceonomics,Groupon,1,0.184,0.0511
Frontback,Groupon,1,0.184,0.0511
Course Hero,Groupon,1,0.184,0.0511
ChatID,Groupon,1,0.184,0.0511
DailyLook,Groupon,1,0.184,0.0511
Livestar,Groupon,1,0.184,0.0511
Blippy Social Commerce,Groupon,1,0.184,0.0511
See Me Group,Groupon,1,0.184,0.0511
Milk,Groupon,1,0.184,0.0511
Blippy Social Commerce,Eons,2,0.4132,0.0442
Circle Internet Financial,Brightcove,2,0.4075,0.0434
OnForce,Brightcove,2,0.4075,0.0434
Gentis,Trellis Bioscience,1,0.4024,0.0412
Kit Check,Trellis Bioscience,1,0.4024,0.0412
Medikly,Trellis Bioscience,1,0.4024,0.0412
ITA Software,Eons,2,0.4056,0.0404
Calithera Biosciences,Ardian,2,0.5472,0.0394
Second Genome,Ardian,2,0.5472,0.0394
Loosecubes,Groupon,2,0.386,0.0391
Fantasy Shopper,Groupon,2,0.386,0.0391
Reaxion Corporation,AtHoc,1,0.6213,0.0357
Internet Identity,Skype,1,0.2176,0.0349
Mind Pirate,Skype,1,0.2176,0.0349
Anunta Technology Management Services,Skype,1,0.2176,0.0349
Traffix Systems,Skype,1,0.2176,0.0349
Orient Green Power,Skype,1,0.2176,0.0349
Stratoscale,Skype,1,0.2176,0.0349
Dekko,Skype,1,0.2176,0.0349
Playdom,Skype,1,0.2176,0.0349
Estimote,Skype,1,0.2176,0.0349
Hadapt,Skype,1,0.2176,0.0349
SelectMinds,Skype,1,0.2176,0.0349
Intigua,Skype,1,0.2176,0.0349
Simply Measured,Skype,1,0.2176,0.0349
DGP Labs,Skype,1,0.2176,0.0349
Defense.net,Skype,1,0.2176,0.0349
Clever,Skype,1,0.2176,0.0349
Dynamic Yield,Skype,1,0.2176,0.0349
Allena Pharmaceuticals,Skype,1,0.2176,0.0349
Infinio,Skype,1,0.2176,0.0349
Piazza,Skype,1,0.2176,0.0349
Wandera,Skype,1,0.2176,0.0349
Smule,Skype,1,0.2176,0.0349
Sling Media,Brightcove,1,0.3396,0.0338
WorldWide Biggies,Brightcove,1,0.3396,0.0338
First30Days,Brightcove,1,0.3396,0.0338
Relationship Science,Brightcove,1,0.3396,0.0338
Stylus Media,Brightcove,1,0.3396,0.0338
Spire,Brightcove,1,0.3396,0.0338
Savored,Brightcove,1,0.3396,0.0338
Storenvy,Eons,2,0.4187,0.0335
Ark,Eons,2,0.4187,0.0335
Ark,AtHoc,2,0.4054,0.032
Axial,Violin Memory,1,0.5581,0.0313
GoodData,Violin Memory,1,0.5581,0.0313
CollegeHumor,Brightcove,1,0.5581,0.0312
HealthCentral,Brightcove,1,0.5581,0.0312
InstantAction,Brightcove,1,0.5581,0.0312
CorrectNet,KGC Capital,1,0.7213,0.0304
Visterra,TripAdvisor,1,0.286,0.03
Receptos,TripAdvisor,1,0.286,0.03
Syros Pharmaceuticals,TripAdvisor,1,0.286,0.03
Editas Medicine,TripAdvisor,1,0.286,0.03
Tetraphase Pharmaceuticals,TripAdvisor,1,0.286,0.03
WikiCell Designs,TripAdvisor,1,0.286,0.03
Eleven Biotherapeutics,TripAdvisor,1,0.286,0.03
ZoomInfo,TripAdvisor,1,0.286,0.03
Ensemble Discovery,TripAdvisor,1,0.286,0.03
Seres Health,TripAdvisor,1,0.286,0.03
Alvine Pharmaceuticals,TripAdvisor,1,0.286,0.03
Pronutria,TripAdvisor,1,0.286,0.03
Parasol Therapeutics,TripAdvisor,1,0.286,0.03
Seventh Sense Biosystems,TripAdvisor,1,0.286,0.03
FundersClub,Eons,2,0.4112,0.0297
FREEjit,Skype,1,0.2042,0.0291
EDITD,Skype,1,0.2042,0.0291
Geckoboard,Skype,1,0.2042,0.0291
Netvibes,Skype,1,0.2042,0.0291
MOO.COM,Skype,1,0.2042,0.0291
Last.fm,Skype,1,0.2042,0.0291
King.com,Skype,1,0.2042,0.0291
XO1,Skype,1,0.2042,0.0291
Factual,Skype,1,0.2042,0.0291
Grey Area,Skype,1,0.2042,0.0291
FilesX,Skype,1,0.2042,0.0291
Mashape,Skype,1,0.2042,0.0291
BABYBOOM.ru,Skype,1,0.2042,0.0291
B-hive Networks,Skype,1,0.2042,0.0291
Datadog,Skype,1,0.2042,0.0291
CatchFree,Skype,1,0.2042,0.0291
Wool and the Gang,Skype,1,0.2042,0.0291
Swoon Editions,Skype,1,0.2042,0.0291
Snapguide,Skype,1,0.2042,0.0291
Netlog,Skype,1,0.2042,0.0291
MetaPack,Skype,1,0.2042,0.0291
LOVEFiLM,Skype,1,0.2042,0.0291
basno,Skype,1,0.2042,0.0291
Koality,Skype,1,0.2042,0.0291
OpenBuildings,Skype,1,0.2042,0.0291
Abe's Market,Skype,1,0.2042,0.0291
AllPeers,Skype,1,0.2042,0.0291
BOKU,Skype,1,0.2042,0.0291
Amen.,Skype,1,0.2042,0.0291
Astley Clarke,Skype,1,0.2042,0.0291
Frontback,Skype,1,0.2042,0.0291
Algolia,Skype,1,0.2042,0.0291
Brit + Co.,Skype,1,0.2042,0.0291
Adzuna,Skype,1,0.2042,0.0291
Go Try It On,Skype,1,0.2042,0.0291
TransferWise,Skype,1,0.2042,0.0291
Joost,Skype,1,0.2042,0.0291
PeoplePerHour.com,Skype,1,0.2042,0.0291
Rad,Skype,1,0.2042,0.0291
The Business of Fashion,Skype,1,0.2042,0.0291
Milestone Systems,Skype,1,0.2042,0.0291
NumberFour,Skype,1,0.2042,0.0291
Strikingly,Skype,1,0.2042,0.0291
GenSight Biologics,Skype,1,0.2042,0.0291
Drivy,Skype,1,0.2042,0.0291
Capitaine Train,Skype,1,0.2042,0.0291
Tonara,Skype,1,0.2042,0.0291
Rebtel,Skype,1,0.2042,0.0291
Squarespace,Skype,1,0.2042,0.0291
Kaggle,Skype,1,0.2042,0.0291
Clinkle,Skype,1,0.2042,0.0291
Dimdim,Skype,1,0.2042,0.0291
Interlude,Eons,2,0.3852,0.0284
Strobe,XO Group,1,0.2659,0.0277
kwiry,XO Group,1,0.2659,0.0277
Krillion,XO Group,1,0.2659,0.0277
inFreeDA,XO Group,1,0.2659,0.0277
Star Analytics,XO Group,1,0.2659,0.0277
PLUMgrid,XO Group,1,0.2659,0.0277
Pancetera,XO Group,1,0.2659,0.0277
Influitive,XO Group,1,0.2659,0.0277
Evostor,XO Group,1,0.2659,0.0277
6connect,XO Group,1,0.2659,0.0277
Fundly,Trellis Bioscience,1,0.2612,0.0253
Planet Soho,Ardian,1,0.2612,0.0253
Fundly,Ardian,1,0.2612,0.0253
Danal d/b/a BilltoMobile,Ardian,1,0.2612,0.0253
Calithera Biosciences,Trellis Bioscience,1,0.2612,0.0253
Utterz,Ardian,1,0.2612,0.0253
SetPoint Medical,Ardian,1,0.2612,0.0253
Planet Soho,Trellis Bioscience,1,0.2612,0.0253
SetPoint Medical,Trellis Bioscience,1,0.2612,0.0253
HealthLoop,Ardian,1,0.2612,0.0253
HealthLoop,Trellis Bioscience,1,0.2612,0.0253
R2 Semiconductor,Trellis Bioscience,1,0.2612,0.0253
Snocap,Trellis Bioscience,1,0.2612,0.0253
Orb Networks,Ardian,1,0.2612,0.0253
Orb Networks,Trellis Bioscience,1,0.2612,0.0253
Mosaic Biosciences,Trellis Bioscience,1,0.2612,0.0253
CLK Design Automation,Ardian,1,0.2612,0.0253
CLK Design Automation,Trellis Bioscience,1,0.2612,0.0253
Promedior,Ardian,1,0.2612,0.0253
Principia BioPharma,Ardian,1,0.2612,0.0253
Principia BioPharma,Trellis Bioscience,1,0.2612,0.0253
R2 Semiconductor,Ardian,1,0.2612,0.0253
Utterz,Trellis Bioscience,1,0.2612,0.0253
Danal d/b/a BilltoMobile,Trellis Bioscience,1,0.2612,0.0253
Second Genome,Trellis Bioscience,1,0.2612,0.0253
Arisdyne Systems,Ardian,1,0.2612,0.0253
Arisdyne Systems,Trellis Bioscience,1,0.2612,0.0253
Mosaic Biosciences,Ardian,1,0.2612,0.0253
Scioderm,Ardian,1,0.2612,0.0253
Scioderm,Trellis Bioscience,1,0.2612,0.0253
Convo,Ardian,1,0.2612,0.0253
Snocap,Ardian,1,0.2612,0.0253
Convo,Trellis Bioscience,1,0.2612,0.0253
Studyplaces,Google,1,0.1998,0.0249
ARMO BioSciences,Google,1,0.1998,0.0249
Synack,Google,1,0.1998,0.0249
Chill.com,Amazon,1,0.1998,0.0249
OUYA,Google,1,0.1998,0.0249
Studyplaces,Amazon,1,0.1998,0.0249
OUYA,Amazon,1,0.1998,0.0249
Nodality,Google,1,0.1998,0.0249
Solidia Technologies,Amazon,1,0.1998,0.0249
Level,Amazon,1,0.1998,0.0249
ARMO BioSciences,Amazon,1,0.1998,0.0249
MyFitnessPal,Google,1,0.1998,0.0249
MyFitnessPal,Amazon,1,0.1998,0.0249
Leo,Google,1,0.1998,0.0249
Apcera,Google,1,0.1998,0.0249
Emu Messenger,Amazon,1,0.1998,0.0249
Emu Messenger,Google,1,0.1998,0.0249
Amazon,Google,1,0.1998,0.0249
TradeHero,Amazon,1,0.1998,0.0249
Apcera,Amazon,1,0.1998,0.0249
Chill.com,Google,1,0.1998,0.0249
Synack,Amazon,1,0.1998,0.0249
Level,Google,1,0.1998,0.0249
Solasta,Google,1,0.1998,0.0249
Solasta,Amazon,1,0.1998,0.0249
Google,Amazon,1,0.1998,0.0249
Telogis,Amazon,1,0.1998,0.0249
Telogis,Google,1,0.1998,0.0249
HX Diagnostics,Google,1,0.1998,0.0249
Ionic Security,Google,1,0.1998,0.0249
HX Diagnostics,Amazon,1,0.1998,0.0249
Luvocracy,Amazon,1,0.1998,0.0249
Luvocracy,Google,1,0.1998,0.0249
Stipple,Google,1,0.1998,0.0249
iZumi Bio,Amazon,1,0.1998,0.0249
iZumi Bio,Google,1,0.1998,0.0249
Upstart,Amazon,1,0.1998,0.0249
Upstart,Google,1,0.1998,0.0249
vLine,Google,1,0.1998,0.0249
vLine,Amazon,1,0.1998,0.0249
Stipple,Amazon,1,0.1998,0.0249
TradeHero,Google,1,0.1998,0.0249
Leo,Amazon,1,0.1998,0.0249
Manzuo.com,Amazon,1,0.1998,0.0249
Booyah,Google,1,0.1998,0.0249
Booyah,Amazon,1,0.1998,0.0249
Manzuo.com,Google,1,0.1998,0.0249
Platial,Amazon,1,0.1998,0.0249
Plum District,Amazon,1,0.1998,0.0249
Plum District,Google,1,0.1998,0.0249
ClearStory Data,Amazon,1,0.1998,0.0249
Ionic Security,Amazon,1,0.1998,0.0249
CafeBots,Amazon,1,0.1998,0.0249
CafeBots,Google,1,0.1998,0.0249
Platial,Google,1,0.1998,0.0249
Storenvy,Amazon,1,0.1998,0.0249
Workspot,Google,1,0.1998,0.0249
Storenvy,Google,1,0.1998,0.0249
Pixtronix,Google,1,0.1998,0.0249
Pixtronix,Amazon,1,0.1998,0.0249
EdgeSpring,Amazon,1,0.1998,0.0249
ClearStory Data,Google,1,0.1998,0.0249
EdgeSpring,Google,1,0.1998,0.0249
Workspot,Amazon,1,0.1998,0.0249
Swiftype,Google,1,0.1998,0.0249
Airtime,Google,1,0.1998,0.0249
Gumroad,Google,1,0.1998,0.0249
N3TWORK,Google,1,0.1998,0.0249
N3TWORK,Amazon,1,0.1998,0.0249
Callaway Digital Arts,Google,1,0.1998,0.0249
Offermatic,Google,1,0.1998,0.0249
Zumper,Amazon,1,0.1998,0.0249
Invuity,Amazon,1,0.1998,0.0249
Invuity,Google,1,0.1998,0.0249
Offermatic,Amazon,1,0.1998,0.0249
Swiftype,Amazon,1,0.1998,0.0249
Zumper,Google,1,0.1998,0.0249
Spinal Modulation,Google,1,0.1998,0.0249
Spinal Modulation,Amazon,1,0.1998,0.0249
Gumroad,Amazon,1,0.1998,0.0249
Airtime,Amazon,1,0.1998,0.0249
Callaway Digital Arts,Amazon,1,0.1998,0.0249
Fleksy,Google,1,0.1998,0.0249
Fleksy,Amazon,1,0.1998,0.0249
Zaarly,Google,1,0.1998,0.0249
Nodality,Amazon,1,0.1998,0.0249
Ausra,Amazon,1,0.1998,0.0249
Solidia Technologies,Google,1,0.1998,0.0249
Ausra,Google,1,0.1998,0.0249
Zaarly,Amazon,1,0.1998,0.0249
Fundly,Eons,1,0.2233,0.0247
Patreon,Eons,1,0.2233,0.0247
Live Gamer,Eons,1,0.2233,0.0247
M2Z Networks,Eons,1,0.2233,0.0247
Pebble,Eons,1,0.2233,0.0247
NoRedInk,Eons,1,0.2233,0.0247
Cotap,Eons,1,0.2233,0.0247
ToyTalk,Eons,1,0.2233,0.0247
Unsubscribe.com,Eons,1,0.2233,0.0247
MotherKnows,Eons,1,0.2233,0.0247
Parascale,Eons,1,0.2233,0.0247
Home-Account,Eons,1,0.2233,0.0247
24M Technologies,Eons,1,0.2233,0.0247
Cheers,Eons,1,0.2233,0.0247
One Season,Eons,1,0.2233,0.0247
Cybereason,Eons,1,0.2233,0.0247
Dailybreak Media,Eons,1,0.2233,0.0247
Crushpath,Eons,1,0.2233,0.0247
Sincerely,Eons,1,0.2233,0.0247
Mailbox,Eons,1,0.2233,0.0247
Rive Technology,Eons,1,0.2233,0.0247
Odeo,Eons,1,0.2233,0.0247
WonderHill,Eons,1,0.2233,0.0247
Scan,Eons,1,0.2233,0.0247
Qubole,Eons,1,0.2233,0.0247
Mashape,Eons,1,0.2233,0.0247
TalentBin,Eons,1,0.2233,0.0247
Treasure Data,Eons,1,0.2233,0.0247
Vurb,Eons,1,0.2233,0.0247
Wanderfly,Eons,1,0.2233,0.0247
Glyde,Eons,1,0.2233,0.0247
Refresh.io,Eons,1,0.2233,0.0247
ITI Tech,Eons,1,0.2233,0.0247
Concept.io,Eons,1,0.2233,0.0247
Usermind,Eons,1,0.2233,0.0247
Massive Health,Eons,1,0.2233,0.0247
Performable,Eons,1,0.2233,0.0247
Aisle50,zulily,1,0.2711,0.0235
Blippy Social Commerce,zulily,1,0.2711,0.0235
Aardvark,zulily,1,0.2711,0.0235
threadsy,zulily,1,0.2711,0.0235
Eat Club,zulily,1,0.2711,0.0235
Gigwalk,zulily,1,0.2711,0.0235
PacketTrap Networks,zulily,1,0.2711,0.0235
DataTorrent,zulily,1,0.2711,0.0235
Memolane,zulily,1,0.2711,0.0235
Red Swoosh,zulily,1,0.2711,0.0235
RelayRides,zulily,1,0.2711,0.0235
Samba TV,zulily,1,0.2711,0.0235
DITTO.com,zulily,1,0.2711,0.0235
Massive Health,AtHoc,1,0.21,0.0231
PLYmedia,AtHoc,1,0.21,0.0231
Threadflip,AtHoc,1,0.21,0.0231
Calista Technologies,AtHoc,1,0.21,0.0231
Wantful,AtHoc,1,0.21,0.0231
Red Hot Labs,AtHoc,1,0.21,0.0231
Matterport,AtHoc,1,0.21,0.0231
EnStorage,AtHoc,1,0.21,0.0231
SupersonicAds,AtHoc,1,0.21,0.0231
PandoDaily,AtHoc,1,0.21,0.0231
Spark Mobile,AtHoc,1,0.21,0.0231
1000memories,AtHoc,1,0.21,0.0231
URX,AtHoc,1,0.21,0.0231
MessageMe,AtHoc,1,0.21,0.0231
Betable,AtHoc,1,0.21,0.0231
Zumper,AtHoc,1,0.21,0.0231
Union Bay Networks,AtHoc,1,0.21,0.0231
Rally.org,AtHoc,1,0.21,0.0231
Glimpse,AtHoc,1,0.21,0.0231
AwarenessHub,AtHoc,1,0.21,0.0231
SmartThings,AtHoc,1,0.21,0.0231
Game Closure,AtHoc,1,0.21,0.0231
Wink,AtHoc,1,0.21,0.0231
ToyTalk,AtHoc,1,0.21,0.0231
Citrus Lane,AtHoc,1,0.21,0.0231
Synack,AtHoc,1,0.21,0.0231
mParticle,AtHoc,1,0.21,0.0231
Refocus Imaging,AtHoc,1,0.21,0.0231
WEbook,AtHoc,1,0.21,0.0231
Music Nation,AtHoc,1,0.21,0.0231
IFTTT,AtHoc,1,0.21,0.0231
Leo,AtHoc,1,0.21,0.0231
Qwiki,AtHoc,1,0.21,0.0231
Gigwalk,AtHoc,1,0.21,0.0231
Car Advisory Network,AtHoc,1,0.21,0.0231
CardSpring,AtHoc,1,0.21,0.0231
Agari Data,AtHoc,1,0.21,0.0231
"Tidemark Systems, Inc.",AtHoc,1,0.21,0.0231
Razer,Brightcove,1,0.1918,0.0225
Razer,Webroot,1,0.1918,0.0225
Yardsellr,Groupon,1,0.1918,0.0225
Yardsellr,Webroot,1,0.1918,0.0225
lynda.com,Webroot,1,0.1918,0.0225
JumpCam,zulily,1,0.2276,0.0225
Lenddo,Groupon,1,0.1918,0.0225
Lenddo,Webroot,1,0.1918,0.0225
LightSpeed Retail,Groupon,1,0.1918,0.0225
Lenddo,Brightcove,1,0.1918,0.0225
LightSpeed Retail,Webroot,1,0.1918,0.0225
LightSpeed Retail,Brightcove,1,0.1918,0.0225
Yardsellr,Brightcove,1,0.1918,0.0225
lynda.com,Groupon,1,0.1918,0.0225
Rovio Entertainment,Webroot,1,0.1918,0.0225
Rovio Entertainment,Groupon,1,0.1918,0.0225
Fantasy Shopper,Brightcove,1,0.1918,0.0225
Fantasy Shopper,Webroot,1,0.1918,0.0225
BlueSprig,Webroot,1,0.1918,0.0225
BlueSprig,Brightcove,1,0.1918,0.0225
HealthcareMagic,Webroot,1,0.1918,0.0225
HealthcareMagic,Brightcove,1,0.1918,0.0225
Namo Media,zulily,1,0.2276,0.0225
Carrier IQ,Brightcove,1,0.1918,0.0225
HealthcareMagic,Groupon,1,0.1918,0.0225
Moovweb,zulily,1,0.2276,0.0225
Carrier IQ,Webroot,1,0.1918,0.0225
Carrier IQ,Groupon,1,0.1918,0.0225
DotLoop,zulily,1,0.2276,0.0225
Xoopit,Groupon,1,0.1918,0.0225
mSpot,zulily,1,0.2276,0.0225
PandoDaily,Brightcove,1,0.1918,0.0225
Venmo,Groupon,1,0.1918,0.0225
Venmo,Webroot,1,0.1918,0.0225
Venmo,Brightcove,1,0.1918,0.0225
Loosecubes,Webroot,1,0.1918,0.0225
Loosecubes,Brightcove,1,0.1918,0.0225
Rovio Entertainment,Brightcove,1,0.1918,0.0225
Netvibes,Brightcove,1,0.1918,0.0225
Netvibes,Webroot,1,0.1918,0.0225
Netvibes,Groupon,1,0.1918,0.0225
FitStar,zulily,1,0.2276,0.0225
Animoca,Webroot,1,0.1918,0.0225
Animoca,Groupon,1,0.1918,0.0225
Xoopit,Webroot,1,0.1918,0.0225
Xoopit,Brightcove,1,0.1918,0.0225
Azumio,Brightcove,1,0.1918,0.0225
Azumio,Webroot,1,0.1918,0.0225
Azumio,Groupon,1,0.1918,0.0225
Pixate,Brightcove,1,0.1918,0.0225
Pixate,Webroot,1,0.1918,0.0225
Pixate,Groupon,1,0.1918,0.0225
Abe's Market,Brightcove,1,0.1918,0.0225
Abe's Market,Webroot,1,0.1918,0.0225
Abe's Market,Groupon,1,0.1918,0.0225
Fluid Entertainment,zulily,1,0.2276,0.0225
Endorse,Brightcove,1,0.1918,0.0225
OnForce,Groupon,1,0.1918,0.0225
AirWatch,Brightcove,1,0.1918,0.0225
AirWatch,Webroot,1,0.1918,0.0225
Duetto,zulily,1,0.2276,0.0225
lynda.com,Brightcove,1,0.1918,0.0225
BlueSprig,Groupon,1,0.1918,0.0225
Armor5,zulily,1,0.2276,0.0225
Razer,Groupon,1,0.1918,0.0225
GoCardless,Groupon,1,0.1918,0.0225
MetraTech,Brightcove,1,0.1918,0.0225
MetraTech,Webroot,1,0.1918,0.0225
MetraTech,Groupon,1,0.1918,0.0225
GoCardless,Webroot,1,0.1918,0.0225
Affinity Labs,zulily,1,0.2276,0.0225
Code42,Brightcove,1,0.1918,0.0225
MongoHQ,zulily,1,0.2276,0.0225
CardSpring,Groupon,1,0.1918,0.0225
Code42,Groupon,1,0.1918,0.0225
Code42,Webroot,1,0.1918,0.0225
GoCardless,Brightcove,1,0.1918,0.0225
Cloud9 IDE,Brightcove,1,0.1918,0.0225
Trufa,Webroot,1,0.1918,0.0225
Trufa,Groupon,1,0.1918,0.0225
Airtime,Brightcove,1,0.1918,0.0225
Airtime,Webroot,1,0.1918,0.0225
Airtime,Groupon,1,0.1918,0.0225
Schematic Labs,Brightcove,1,0.1918,0.0225
Schematic Labs,Webroot,1,0.1918,0.0225
Schematic Labs,Groupon,1,0.1918,0.0225
Webroot,Brightcove,1,0.1918,0.0225
Webroot,Groupon,1,0.1918,0.0225
Circle Internet Financial,Webroot,1,0.1918,0.0225
Circle Internet Financial,Groupon,1,0.1918,0.0225
Cloudability,zulily,1,0.2276,0.0225
Animoca,Brightcove,1,0.1918,0.0225
AirWatch,Groupon,1,0.1918,0.0225
PandoDaily,Webroot,1,0.1918,0.0225
OnForce,Webroot,1,0.1918,0.0225
Tenable Network Security,Groupon,1,0.1918,0.0225
AdECN,Groupon,1,0.1918,0.0225
Tenable Network Security,Brightcove,1,0.1918,0.0225
AdECN,Brightcove,1,0.1918,0.0225
Atlassian,Groupon,1,0.1918,0.0225
Atlassian,Webroot,1,0.1918,0.0225
AdECN,Webroot,1,0.1918,0.0225
Atlassian,Brightcove,1,0.1918,0.0225
Tenable Network Security,Webroot,1,0.1918,0.0225
Squarespace,Webroot,1,0.1918,0.0225
Trufa,Brightcove,1,0.1918,0.0225
Car Advisory Network,Groupon,1,0.1918,0.0225
Car Advisory Network,Webroot,1,0.1918,0.0225
Car Advisory Network,Brightcove,1,0.1918,0.0225
Cheers,zulily,1,0.2276,0.0225
Green Throttle Games,zulily,1,0.2276,0.0225
Birchbox,Brightcove,1,0.1918,0.0225
Birchbox,Webroot,1,0.1918,0.0225
Birchbox,Groupon,1,0.1918,0.0225
Origami Logic,Brightcove,1,0.1918,0.0225
Origami Logic,Webroot,1,0.1918,0.0225
Origami Logic,Groupon,1,0.1918,0.0225
BaubleBar,Groupon,1,0.1918,0.0225
Qriously,Brightcove,1,0.1918,0.0225
Qriously,Webroot,1,0.1918,0.0225
BaubleBar,Webroot,1,0.1918,0.0225
AdRoll,Groupon,1,0.1918,0.0225
AdRoll,Brightcove,1,0.1918,0.0225
AdRoll,Webroot,1,0.1918,0.0225
BaubleBar,Brightcove,1,0.1918,0.0225
ProtectWise,zulily,1,0.2276,0.0225
MyFitnessPal,Groupon,1,0.1918,0.0225
Bix,zulily,1,0.2276,0.0225
Parallocity,Webroot,1,0.1918,0.0225
Parallocity,Groupon,1,0.1918,0.0225
Parallocity,Brightcove,1,0.1918,0.0225
Lightstorm Networks,zulily,1,0.2276,0.0225
HasOffers,Groupon,1,0.1918,0.0225
HasOffers,Webroot,1,0.1918,0.0225
HasOffers,Brightcove,1,0.1918,0.0225
Squarespace,Brightcove,1,0.1918,0.0225
Endorse,Webroot,1,0.1918,0.0225
MyFitnessPal,Webroot,1,0.1918,0.0225
MyFitnessPal,Brightcove,1,0.1918,0.0225
Nomi,Webroot,1,0.1918,0.0225
Nomi,Brightcove,1,0.1918,0.0225
Squarespace,Groupon,1,0.1918,0.0225
Educreations,Webroot,1,0.1918,0.0225
Educreations,Groupon,1,0.1918,0.0225
dotCloud,zulily,1,0.2276,0.0225
Qriously,Groupon,1,0.1918,0.0225
Forus Health,Brightcove,1,0.1918,0.0225
Forus Health,Webroot,1,0.1918,0.0225
Forus Health,Groupon,1,0.1918,0.0225
Dragonplay,Brightcove,1,0.1918,0.0225
TaxiForSure.com,Brightcove,1,0.1918,0.0225
LetsBuy.com,Groupon,1,0.1918,0.0225
LetsBuy.com,Webroot,1,0.1918,0.0225
LetsBuy.com,Brightcove,1,0.1918,0.0225
RJMetrics,zulily,1,0.2276,0.0225
3LM,Webroot,1,0.1918,0.0225
Educreations,Brightcove,1,0.1918,0.0225
3LM,Groupon,1,0.1918,0.0225
Clinkle,Brightcove,1,0.1918,0.0225
Clinkle,Webroot,1,0.1918,0.0225
Dapper,Brightcove,1,0.1918,0.0225
Dapper,Groupon,1,0.1918,0.0225
Grovo,Groupon,1,0.1918,0.0225
3LM,Brightcove,1,0.1918,0.0225
Lyst,Groupon,1,0.1918,0.0225
Dapper,Webroot,1,0.1918,0.0225
Lyst,Webroot,1,0.1918,0.0225
Lyst,Brightcove,1,0.1918,0.0225
Gudville,Groupon,1,0.1918,0.0225
Codefast,zulily,1,0.2276,0.0225
Gudville,Webroot,1,0.1918,0.0225
Clinkle,Groupon,1,0.1918,0.0225
TaxiForSure.com,Groupon,1,0.1918,0.0225
TaxiForSure.com,Webroot,1,0.1918,0.0225
One Jackson,zulily,1,0.2276,0.0225
One Jackson,Groupon,1,0.1918,0.0225
Gudville,Brightcove,1,0.1918,0.0225
One Jackson,Brightcove,1,0.1918,0.0225
CardSpring,Brightcove,1,0.1918,0.0225
Sentinel,Groupon,1,0.1918,0.0225
Sentinel,Webroot,1,0.1918,0.0225
One Jackson,Webroot,1,0.1918,0.0225
Sentinel,Brightcove,1,0.1918,0.0225
Top10.com,Groupon,1,0.1918,0.0225
Top10.com,Brightcove,1,0.1918,0.0225
Top10.com,Webroot,1,0.1918,0.0225
Modulus Video,zulily,1,0.2276,0.0225
StackMob,zulily,1,0.2276,0.0225
Dragonplay,Groupon,1,0.1918,0.0225
CardSpring,Webroot,1,0.1918,0.0225
Dragonplay,Webroot,1,0.1918,0.0225
Perfect Market,zulily,1,0.2276,0.0225
LocBox,Groupon,1,0.1918,0.0225
LocBox,Webroot,1,0.1918,0.0225
LocBox,Brightcove,1,0.1918,0.0225
Shoes4you,Groupon,1,0.1918,0.0225
Shoes4you,Webroot,1,0.1918,0.0225
Shoes4you,Brightcove,1,0.1918,0.0225
Ellie,zulily,1,0.2276,0.0225
Grovo,Webroot,1,0.1918,0.0225
Grovo,Brightcove,1,0.1918,0.0225
Citus Data,zulily,1,0.2276,0.0225
View the Space,zulily,1,0.2276,0.0225
NextGreatPlace,zulily,1,0.2276,0.0225
Cloud9 IDE,Groupon,1,0.1918,0.0225
Cloud9 IDE,Webroot,1,0.1918,0.0225
Shareaholic,Eons,1,0.2158,0.0209
CoachUp,Brightcove,1,0.2158,0.0209
Shareaholic,Brightcove,1,0.2158,0.0209
NatureBox,Eons,1,0.2158,0.0209
NatureBox,Brightcove,1,0.2158,0.0209
Red Hot Labs,Eons,1,0.2158,0.0209
Red Hot Labs,Brightcove,1,0.2158,0.0209
CoachUp,Eons,1,0.2158,0.0209
Plum District,Eons,1,0.2158,0.0209
StyleSaint,Eons,1,0.2158,0.0209
StyleSaint,Brightcove,1,0.2158,0.0209
Mark43,Eons,1,0.2158,0.0209
Mark43,Brightcove,1,0.2158,0.0209
Trover,Eons,1,0.2158,0.0209
Going,Brightcove,1,0.2158,0.0209
Highfive,Eons,1,0.2158,0.0209
Highfive,Brightcove,1,0.2158,0.0209
Going,Eons,1,0.2158,0.0209
FundersClub,Brightcove,1,0.2158,0.0209
ClassDojo,Eons,1,0.2158,0.0209
ClassDojo,Brightcove,1,0.2158,0.0209
Chloe & Isabel,Eons,1,0.2158,0.0209
Chloe & Isabel,Brightcove,1,0.2158,0.0209
Game Closure,Eons,1,0.2158,0.0209
Game Closure,Brightcove,1,0.2158,0.0209
GoodData,Eons,1,0.2158,0.0209
GoodData,Brightcove,1,0.2158,0.0209
"Sphere (Spherical, Inc.)",Eons,1,0.2158,0.0209
"Sphere (Spherical, Inc.)",Brightcove,1,0.2158,0.0209
Datto,Brightcove,1,0.2158,0.0209
Sunglass,Eons,1,0.2158,0.0209
Sunglass,Brightcove,1,0.2158,0.0209
FlightCar,Eons,1,0.2158,0.0209
FlightCar,Brightcove,1,0.2158,0.0209
Listia,Eons,1,0.2158,0.0209
Listia,Brightcove,1,0.2158,0.0209
MocoSpace,Brightcove,1,0.2158,0.0209
Nodejitsu,Eons,1,0.2158,0.0209
Nodejitsu,Brightcove,1,0.2158,0.0209
WonderHowTo,Eons,1,0.2158,0.0209
WonderHowTo,Brightcove,1,0.2158,0.0209
Oscar,Eons,1,0.2158,0.0209
Oscar,Brightcove,1,0.2158,0.0209
Handybook,Eons,1,0.2158,0.0209
Handybook,Brightcove,1,0.2158,0.0209
Datto,Eons,1,0.2158,0.0209
Humedica,Eons,1,0.2158,0.0209
Humedica,Brightcove,1,0.2158,0.0209
MovingHealth,Eons,1,0.2158,0.0209
MovingHealth,Brightcove,1,0.2158,0.0209
MocoSpace,Eons,1,0.2158,0.0209
LoyalBlocks,Eons,1,0.2158,0.0209
Opsmatic,Eons,1,0.2158,0.0209
PhotoShelter,Eons,1,0.2158,0.0209
PhotoShelter,Brightcove,1,0.2158,0.0209
Opsmatic,Brightcove,1,0.2158,0.0209
Locu,Eons,1,0.2158,0.0209
Locu,Brightcove,1,0.2158,0.0209
OnForce,Eons,1,0.2158,0.0209
Trover,Brightcove,1,0.2158,0.0209
LoyalBlocks,Brightcove,1,0.2158,0.0209
MileWise,Eons,1,0.2158,0.0209
MileWise,Brightcove,1,0.2158,0.0209
This Technology,Eons,1,0.2158,0.0209
This Technology,Brightcove,1,0.2158,0.0209
DC Devices,Eons,1,0.2158,0.0209
DC Devices,Brightcove,1,0.2158,0.0209
Abine,Eons,1,0.2158,0.0209
Abine,Brightcove,1,0.2158,0.0209
DGP Labs,Eons,1,0.2158,0.0209
DGP Labs,Brightcove,1,0.2158,0.0209
Wakonda Technologies,Eons,1,0.2158,0.0209
Circle Internet Financial,Eons,1,0.2158,0.0209
YPlan,Eons,1,0.2158,0.0209
YPlan,Brightcove,1,0.2158,0.0209
CyPhy Works,Eons,1,0.2158,0.0209
CyPhy Works,Brightcove,1,0.2158,0.0209
Wakonda Technologies,Brightcove,1,0.2158,0.0209
Cisco,Intel Capital,3,2.0897,0.0209
Retail Convergence,Eons,1,0.2158,0.0209
Retail Convergence,Brightcove,1,0.2158,0.0209
BetterLesson,Eons,1,0.2158,0.0209
BetterLesson,Brightcove,1,0.2158,0.0209
Thumb,Eons,1,0.2158,0.0209
Thumb,Brightcove,1,0.2158,0.0209
Getaround,Eons,1,0.2158,0.0209
Getaround,Brightcove,1,0.2158,0.0209
Plum District,Brightcove,1,0.2158,0.0209
ParElastic,Brightcove,1,0.2158,0.0209
ParElastic,Eons,1,0.2158,0.0209
ITA Software,Brightcove,1,0.2158,0.0209
Piazza,Cisco,1,0.1898,0.0195
Good Eggs,Google,1,0.1898,0.0195
Comviva,Eons,1,0.1898,0.0195
SCIO Health Analytics,Cisco,1,0.1898,0.0195
ITA Software,Cisco,1,0.1898,0.0195
Kenshoo,Cisco,1,0.1898,0.0195
Good Eggs,Eons,1,0.1898,0.0195
Good Eggs,Cisco,1,0.1898,0.0195
Comviva,Yahoo!,1,0.1898,0.0195
FireEye,Cisco,1,0.1898,0.0195
FireEye,Eons,1,0.1898,0.0195
FireEye,Google,1,0.1898,0.0195
FireEye,Yahoo!,1,0.1898,0.0195
Comviva,Google,1,0.1898,0.0195
SCIO Health Analytics,Eons,1,0.1898,0.0195
SCIO Health Analytics,Google,1,0.1898,0.0195
SCIO Health Analytics,Yahoo!,1,0.1898,0.0195
Kenshoo,Eons,1,0.1898,0.0195
Kenshoo,Google,1,0.1898,0.0195
Piazza,Google,1,0.1898,0.0195
Piazza,Yahoo!,1,0.1898,0.0195
ITA Software,Google,1,0.1898,0.0195
ITA Software,Yahoo!,1,0.1898,0.0195
Piazza,Eons,1,0.1898,0.0195
"Kiwi, Inc.",Eons,1,0.1898,0.0195
"Kiwi, Inc.",Google,1,0.1898,0.0195
"Kiwi, Inc.",Yahoo!,1,0.1898,0.0195
MadeiraCloud,Eons,1,0.1898,0.0195
MadeiraCloud,Google,1,0.1898,0.0195
MadeiraCloud,Yahoo!,1,0.1898,0.0195
Sourcebits,Cisco,1,0.1898,0.0195
Sourcebits,Eons,1,0.1898,0.0195
Sourcebits,Google,1,0.1898,0.0195
Sourcebits,Yahoo!,1,0.1898,0.0195
AdNear,Cisco,1,0.1898,0.0195
Minglebox,Cisco,1,0.1898,0.0195
Minglebox,Eons,1,0.1898,0.0195
Minglebox,Google,1,0.1898,0.0195
Adallom,Cisco,1,0.1898,0.0195
Adallom,Eons,1,0.1898,0.0195
Adallom,Google,1,0.1898,0.0195
Adallom,Yahoo!,1,0.1898,0.0195
Cisco,Eons,1,0.1898,0.0195
Minglebox,Yahoo!,1,0.1898,0.0195
MadeiraCloud,Cisco,1,0.1898,0.0195
99times.cn,Google,1,0.1898,0.0195
99times.cn,Yahoo!,1,0.1898,0.0195
Insider Pages,Cisco,1,0.1898,0.0195
Insider Pages,Eons,1,0.1898,0.0195
Insider Pages,Google,1,0.1898,0.0195
Insider Pages,Yahoo!,1,0.1898,0.0195
Cisco,Google,1,0.1898,0.0195
Duck Duck Moose,Cisco,1,0.1898,0.0195
Duck Duck Moose,Eons,1,0.1898,0.0195
Duck Duck Moose,Google,1,0.1898,0.0195
Duck Duck Moose,Yahoo!,1,0.1898,0.0195
SatNav Technologies,Cisco,1,0.1898,0.0195
SatNav Technologies,Eons,1,0.1898,0.0195
SatNav Technologies,Google,1,0.1898,0.0195
SatNav Technologies,Yahoo!,1,0.1898,0.0195
AdNear,Google,1,0.1898,0.0195
AdNear,Yahoo!,1,0.1898,0.0195
Instacart,Cisco,1,0.1898,0.0195
Instacart,Eons,1,0.1898,0.0195
Instacart,Google,1,0.1898,0.0195
MoboTap,Cisco,1,0.1898,0.0195
MoboTap,Eons,1,0.1898,0.0195
MoboTap,Google,1,0.1898,0.0195
MoboTap,Yahoo!,1,0.1898,0.0195
Waps.cn,Cisco,1,0.1898,0.0195
Waps.cn,Eons,1,0.1898,0.0195
Waps.cn,Google,1,0.1898,0.0195
Waps.cn,Yahoo!,1,0.1898,0.0195
"Kiwi, Inc.",Cisco,1,0.1898,0.0195
Acton Pharmaceuticals,Eons,1,0.1898,0.0195
Acton Pharmaceuticals,Google,1,0.1898,0.0195
Acton Pharmaceuticals,Yahoo!,1,0.1898,0.0195
Idea Device,Cisco,1,0.1898,0.0195
Idea Device,Eons,1,0.1898,0.0195
Idea Device,Google,1,0.1898,0.0195
Idea Device,Yahoo!,1,0.1898,0.0195
Cisco,Yahoo!,1,0.1898,0.0195
girnarsoft,Cisco,1,0.1898,0.0195
girnarsoft,Eons,1,0.1898,0.0195
girnarsoft,Google,1,0.1898,0.0195
girnarsoft,Yahoo!,1,0.1898,0.0195
99times.cn,Cisco,1,0.1898,0.0195
99times.cn,Eons,1,0.1898,0.0195
Outright,Cisco,1,0.1898,0.0195
Comsenz,Cisco,1,0.1898,0.0195
Comsenz,Eons,1,0.1898,0.0195
Comsenz,Google,1,0.1898,0.0195
Google,Eons,1,0.1898,0.0195
Outright,Eons,1,0.1898,0.0195
Acton Pharmaceuticals,Cisco,1,0.1898,0.0195
Shopular,Yahoo!,1,0.1898,0.0195
Plain Vanilla,Cisco,1,0.1898,0.0195
Shopular,Cisco,1,0.1898,0.0195
Shopular,Eons,1,0.1898,0.0195
Shopular,Google,1,0.1898,0.0195
Comprehend Systems,Google,1,0.1898,0.0195
Comprehend Systems,Yahoo!,1,0.1898,0.0195
Outright,Google,1,0.1898,0.0195
Outright,Yahoo!,1,0.1898,0.0195
Comsenz,Yahoo!,1,0.1898,0.0195
Joost,Cisco,1,0.1898,0.0195
Joost,Eons,1,0.1898,0.0195
Joost,Google,1,0.1898,0.0195
Joost,Yahoo!,1,0.1898,0.0195
Mixer Labs,Cisco,1,0.1898,0.0195
Mixer Labs,Eons,1,0.1898,0.0195
Mixer Labs,Google,1,0.1898,0.0195
Mixer Labs,Yahoo!,1,0.1898,0.0195
Pocket Gems,Google,1,0.1898,0.0195
Jigsee,Eons,1,0.1898,0.0195
Jigsee,Google,1,0.1898,0.0195
Jigsee,Yahoo!,1,0.1898,0.0195
Plain Vanilla,Eons,1,0.1898,0.0195
Plain Vanilla,Google,1,0.1898,0.0195
Plain Vanilla,Yahoo!,1,0.1898,0.0195
AdNear,Eons,1,0.1898,0.0195
Oorja Protonics,Cisco,1,0.1898,0.0195
Oorja Protonics,Eons,1,0.1898,0.0195
Oorja Protonics,Google,1,0.1898,0.0195
Oorja Protonics,Yahoo!,1,0.1898,0.0195
Roambi,Cisco,1,0.1898,0.0195
Roambi,Eons,1,0.1898,0.0195
Roambi,Google,1,0.1898,0.0195
Roambi,Yahoo!,1,0.1898,0.0195
Dexetra,Cisco,1,0.1898,0.0195
Dexetra,Eons,1,0.1898,0.0195
Google,Cisco,1,0.1898,0.0195
Dexetra,Google,1,0.1898,0.0195
Dexetra,Yahoo!,1,0.1898,0.0195
Comprehend Systems,Cisco,1,0.1898,0.0195
Comprehend Systems,Eons,1,0.1898,0.0195
Zazma,Cisco,1,0.1898,0.0195
Zazma,Eons,1,0.1898,0.0195
Zazma,Google,1,0.1898,0.0195
Zazma,Yahoo!,1,0.1898,0.0195
Pyramid Analytics,Cisco,1,0.1898,0.0195
Pyramid Analytics,Eons,1,0.1898,0.0195
Pyramid Analytics,Google,1,0.1898,0.0195
Pyramid Analytics,Yahoo!,1,0.1898,0.0195
Collactive,Cisco,1,0.1898,0.0195
Collactive,Eons,1,0.1898,0.0195
Collactive,Google,1,0.1898,0.0195
Pocket Gems,Yahoo!,1,0.1898,0.0195
HealthCentral,Cisco,1,0.1898,0.0195
HealthCentral,Eons,1,0.1898,0.0195
HealthCentral,Google,1,0.1898,0.0195
Google,Yahoo!,1,0.1898,0.0195
Pocket Gems,Cisco,1,0.1898,0.0195
Pocket Gems,Eons,1,0.1898,0.0195
DailyBooth,Cisco,1,0.1898,0.0195
DailyBooth,Eons,1,0.1898,0.0195
DailyBooth,Google,1,0.1898,0.0195
DailyBooth,Yahoo!,1,0.1898,0.0195
indeni,Cisco,1,0.1898,0.0195
indeni,Eons,1,0.1898,0.0195
indeni,Google,1,0.1898,0.0195
indeni,Yahoo!,1,0.1898,0.0195
Guruji,Google,1,0.1898,0.0195
Guruji,Yahoo!,1,0.1898,0.0195
Advanced Power Projects,Cisco,1,0.1898,0.0195
Advanced Power Projects,Eons,1,0.1898,0.0195
Advanced Power Projects,Google,1,0.1898,0.0195
Advanced Power Projects,Yahoo!,1,0.1898,0.0195
Kenshoo,Yahoo!,1,0.1898,0.0195
HealthCentral,Yahoo!,1,0.1898,0.0195
Cue,Cisco,1,0.1898,0.0195
Cue,Eons,1,0.1898,0.0195
Cue,Google,1,0.1898,0.0195
Cue,Yahoo!,1,0.1898,0.0195
Romotive,Cisco,1,0.1898,0.0195
Romotive,Eons,1,0.1898,0.0195
Romotive,Google,1,0.1898,0.0195
Romotive,Yahoo!,1,0.1898,0.0195
Versa Networks,Cisco,1,0.1898,0.0195
Versa Networks,Eons,1,0.1898,0.0195
Logical Apps,Eons,1,0.1898,0.0195
Logical Apps,Google,1,0.1898,0.0195
Logical Apps,Yahoo!,1,0.1898,0.0195
ImageShack,Cisco,1,0.1898,0.0195
ImageShack,Eons,1,0.1898,0.0195
ImageShack,Google,1,0.1898,0.0195
ImageShack,Yahoo!,1,0.1898,0.0195
Versa Networks,Google,1,0.1898,0.0195
Versa Networks,Yahoo!,1,0.1898,0.0195
Clever,Cisco,1,0.1898,0.0195
Clever,Eons,1,0.1898,0.0195
Clever,Google,1,0.1898,0.0195
Clever,Yahoo!,1,0.1898,0.0195
Atom Entertainment,Cisco,1,0.1898,0.0195
Atom Entertainment,Eons,1,0.1898,0.0195
Atom Entertainment,Google,1,0.1898,0.0195
Atom Entertainment,Yahoo!,1,0.1898,0.0195
Sofa Labs,Cisco,1,0.1898,0.0195
Sofa Labs,Eons,1,0.1898,0.0195
Sofa Labs,Google,1,0.1898,0.0195
Sofa Labs,Yahoo!,1,0.1898,0.0195
Songbird,Cisco,1,0.1898,0.0195
Songbird,Eons,1,0.1898,0.0195
Songbird,Google,1,0.1898,0.0195
Songbird,Yahoo!,1,0.1898,0.0195
Blippy Social Commerce,Cisco,1,0.1898,0.0195
Blippy Social Commerce,Google,1,0.1898,0.0195
Capillary Technologies,Cisco,1,0.1898,0.0195
Capillary Technologies,Eons,1,0.1898,0.0195
Capillary Technologies,Google,1,0.1898,0.0195
Capillary Technologies,Yahoo!,1,0.1898,0.0195
Jigsee,Cisco,1,0.1898,0.0195
FoundValue,Cisco,1,0.1898,0.0195
FoundValue,Google,1,0.1898,0.0195
FoundValue,Yahoo!,1,0.1898,0.0195
Bihu.com,Cisco,1,0.1898,0.0195
Bihu.com,Eons,1,0.1898,0.0195
Bihu.com,Google,1,0.1898,0.0195
Bihu.com,Yahoo!,1,0.1898,0.0195
Collactive,Yahoo!,1,0.1898,0.0195
Instacart,Yahoo!,1,0.1898,0.0195
Guruji,Cisco,1,0.1898,0.0195
Guruji,Eons,1,0.1898,0.0195
Logical Apps,Cisco,1,0.1898,0.0195
Blippy Social Commerce,Yahoo!,1,0.1898,0.0195
FutureAdvisor,Cisco,1,0.1898,0.0195
FutureAdvisor,Eons,1,0.1898,0.0195
FutureAdvisor,Google,1,0.1898,0.0195
FutureAdvisor,Yahoo!,1,0.1898,0.0195
Interlude,Google,1,0.1898,0.0195
Interlude,Yahoo!,1,0.1898,0.0195
Interlude,Cisco,1,0.1898,0.0195
FoundValue,Eons,1,0.1898,0.0195
eCardio,Cisco,1,0.1898,0.0195
eCardio,Eons,1,0.1898,0.0195
eCardio,Google,1,0.1898,0.0195
eCardio,Yahoo!,1,0.1898,0.0195
Good Eggs,Yahoo!,1,0.1898,0.0195
Virool,Y Combinator,1,0.2791,0.019
Virool,General Catalyst Partners,1,0.2791,0.019
Virool,Dan Rose,1,0.2791,0.019
Virool,Western Technology Investment,1,0.2791,0.019
Virool,Andreessen Horowitz,1,0.2791,0.019
Virool,Jack Abraham,1,0.2791,0.019
Virool,Digital Garage,1,0.2791,0.019
Virool,Intel Capital,1,0.2791,0.019
Virool,Timothy Draper,1,0.2791,0.019
Virool,Spark Capital,1,0.2791,0.019
Virool,First Round Capital,1,0.2791,0.019
Thalmic Labs,Pejman Nozad,1,0.2791,0.019
Thalmic Labs,Felicis Ventures,1,0.2791,0.019
Thalmic Labs,Aaron Levie,1,0.2791,0.019
Thalmic Labs,SV Angel,1,0.2791,0.019
Thalmic Labs,Chris Dixon,1,0.2791,0.019
Thalmic Labs,Draper Fisher Jurvetson (DFJ),1,0.2791,0.019
Thalmic Labs,Y Combinator,1,0.2791,0.019
Thalmic Labs,General Catalyst Partners,1,0.2791,0.019
Parsely,Chris Dixon,1,0.2791,0.019
Parsely,Draper Fisher Jurvetson (DFJ),1,0.2791,0.019
Parsely,Y Combinator,1,0.2791,0.019
Parsely,General Catalyst Partners,1,0.2791,0.019
Parsely,Dan Rose,1,0.2791,0.019
Parsely,Western Technology Investment,1,0.2791,0.019
Parsely,Andreessen Horowitz,1,0.2791,0.019
Parsely,Jack Abraham,1,0.2791,0.019
Parsely,Digital Garage,1,0.2791,0.019
Parsely,Plug & Play Ventures,1,0.2791,0.019
Parsely,Intel Capital,1,0.2791,0.019
Parsely,Timothy Draper,1,0.2791,0.019
Parsely,Spark Capital,1,0.2791,0.019
Parsely,First Round Capital,1,0.2791,0.019
Parsely,Pejman Nozad,1,0.2791,0.019
Parsely,Felicis Ventures,1,0.2791,0.019
Parsely,Aaron Levie,1,0.2791,0.019
Parsely,SV Angel,1,0.2791,0.019
Thalmic Labs,Dan Rose,1,0.2791,0.019
Thalmic Labs,Western Technology Investment,1,0.2791,0.019
Thalmic Labs,Andreessen Horowitz,1,0.2791,0.019
Thalmic Labs,Jack Abraham,1,0.2791,0.019
Thalmic Labs,Digital Garage,1,0.2791,0.019
Thalmic Labs,Plug & Play Ventures,1,0.2791,0.019
Thalmic Labs,Timothy Draper,1,0.2791,0.019
Thalmic Labs,First Round Capital,1,0.2791,0.019
Strikingly,First Round Capital,1,0.2791,0.019
YouEye,Pejman Nozad,1,0.2791,0.019
YouEye,Felicis Ventures,1,0.2791,0.019
YouEye,Aaron Levie,1,0.2791,0.019
YouEye,SV Angel,1,0.2791,0.019
YouEye,Chris Dixon,1,0.2791,0.019
YouEye,Draper Fisher Jurvetson (DFJ),1,0.2791,0.019
YouEye,Y Combinator,1,0.2791,0.019
YouEye,General Catalyst Partners,1,0.2791,0.019
YouEye,Dan Rose,1,0.2791,0.019
YouEye,Western Technology Investment,1,0.2791,0.019
YouEye,Andreessen Horowitz,1,0.2791,0.019
YouEye,Jack Abraham,1,0.2791,0.019
YouEye,Digital Garage,1,0.2791,0.019
YouEye,Plug & Play Ventures,1,0.2791,0.019
YouEye,Intel Capital,1,0.2791,0.019
YouEye,Timothy Draper,1,0.2791,0.019
YouEye,Spark Capital,1,0.2791,0.019
YouEye,First Round Capital,1,0.2791,0.019
Strikingly,General Catalyst Partners,1,0.2791,0.019
Strikingly,Dan Rose,1,0.2791,0.019
Strikingly,Western Technology Investment,1,0.2791,0.019
Strikingly,Andreessen Horowitz,1,0.2791,0.019
Strikingly,Jack Abraham,1,0.2791,0.019
Strikingly,Digital Garage,1,0.2791,0.019
Strikingly,Plug & Play Ventures,1,0.2791,0.019
Strikingly,Intel Capital,1,0.2791,0.019
Strikingly,Timothy Draper,1,0.2791,0.019
Strikingly,Spark Capital,1,0.2791,0.019
Strikingly,Pejman Nozad,1,0.2791,0.019
Strikingly,Felicis Ventures,1,0.2791,0.019
Strikingly,Aaron Levie,1,0.2791,0.019
Strikingly,Chris Dixon,1,0.2791,0.019
Strikingly,Draper Fisher Jurvetson (DFJ),1,0.2791,0.019
Lob,Pejman Nozad,1,0.2791,0.019
Lob,Felicis Ventures,1,0.2791,0.019
Lob,Aaron Levie,1,0.2791,0.019
Lob,SV Angel,1,0.2791,0.019
Lob,Chris Dixon,1,0.2791,0.019
Lob,Draper Fisher Jurvetson (DFJ),1,0.2791,0.019
Lob,Y Combinator,1,0.2791,0.019
Lob,General Catalyst Partners,1,0.2791,0.019
Lob,Dan Rose,1,0.2791,0.019
Lob,Western Technology Investment,1,0.2791,0.019
Lob,Andreessen Horowitz,1,0.2791,0.019
Lob,Jack Abraham,1,0.2791,0.019
Lob,Digital Garage,1,0.2791,0.019
Lob,Plug & Play Ventures,1,0.2791,0.019
Lob,Intel Capital,1,0.2791,0.019
Lob,Timothy Draper,1,0.2791,0.019
Lob,Spark Capital,1,0.2791,0.019
Lob,First Round Capital,1,0.2791,0.019
LE TOTE,Jack Abraham,1,0.2791,0.019
LE TOTE,Digital Garage,1,0.2791,0.019
LE TOTE,Plug & Play Ventures,1,0.2791,0.019
LE TOTE,Intel Capital,1,0.2791,0.019
LE TOTE,Timothy Draper,1,0.2791,0.019
LE TOTE,Spark Capital,1,0.2791,0.019
LE TOTE,First Round Capital,1,0.2791,0.019
Prizeo,Western Technology Investment,1,0.2791,0.019
Prizeo,Andreessen Horowitz,1,0.2791,0.019
Prizeo,Jack Abraham,1,0.2791,0.019
Prizeo,Digital Garage,1,0.2791,0.019
Prizeo,Plug & Play Ventures,1,0.2791,0.019
Prizeo,Intel Capital,1,0.2791,0.019
Prizeo,Timothy Draper,1,0.2791,0.019
Prizeo,Spark Capital,1,0.2791,0.019
Prizeo,First Round Capital,1,0.2791,0.019
LE TOTE,Pejman Nozad,1,0.2791,0.019
LE TOTE,Felicis Ventures,1,0.2791,0.019
LE TOTE,Aaron Levie,1,0.2791,0.019
LE TOTE,SV Angel,1,0.2791,0.019
LE TOTE,Chris Dixon,1,0.2791,0.019
LE TOTE,Draper Fisher Jurvetson (DFJ),1,0.2791,0.019
LE TOTE,General Catalyst Partners,1,0.2791,0.019
LE TOTE,Dan Rose,1,0.2791,0.019
LE TOTE,Western Technology Investment,1,0.2791,0.019
Goldbely,Pejman Nozad,1,0.2791,0.019
Goldbely,Felicis Ventures,1,0.2791,0.019
Goldbely,Aaron Levie,1,0.2791,0.019
Goldbely,SV Angel,1,0.2791,0.019
Goldbely,Chris Dixon,1,0.2791,0.019
Prizeo,Pejman Nozad,1,0.2791,0.019
Prizeo,Felicis Ventures,1,0.2791,0.019
Prizeo,Aaron Levie,1,0.2791,0.019
Prizeo,SV Angel,1,0.2791,0.019
Prizeo,Chris Dixon,1,0.2791,0.019
Prizeo,Draper Fisher Jurvetson (DFJ),1,0.2791,0.019
Goldbely,Digital Garage,1,0.2791,0.019
Goldbely,Plug & Play Ventures,1,0.2791,0.019
Goldbely,Spark Capital,1,0.2791,0.019
Goldbely,First Round Capital,1,0.2791,0.019
Prizeo,General Catalyst Partners,1,0.2791,0.019
Prizeo,Dan Rose,1,0.2791,0.019
True&Co,Felicis Ventures,1,0.2791,0.019
True&Co,Aaron Levie,1,0.2791,0.019
True&Co,SV Angel,1,0.2791,0.019
True&Co,Chris Dixon,1,0.2791,0.019
True&Co,Draper Fisher Jurvetson (DFJ),1,0.2791,0.019
True&Co,Y Combinator,1,0.2791,0.019
Goldbely,Draper Fisher Jurvetson (DFJ),1,0.2791,0.019
Goldbely,General Catalyst Partners,1,0.2791,0.019
Goldbely,Dan Rose,1,0.2791,0.019
Goldbely,Western Technology Investment,1,0.2791,0.019
Goldbely,Andreessen Horowitz,1,0.2791,0.019
Goldbely,Jack Abraham,1,0.2791,0.019
True&Co,General Catalyst Partners,1,0.2791,0.019
True&Co,Dan Rose,1,0.2791,0.019
True&Co,Western Technology Investment,1,0.2791,0.019
True&Co,Andreessen Horowitz,1,0.2791,0.019
True&Co,Jack Abraham,1,0.2791,0.019
True&Co,Digital Garage,1,0.2791,0.019
True&Co,Plug & Play Ventures,1,0.2791,0.019
True&Co,Intel Capital,1,0.2791,0.019
True&Co,Timothy Draper,1,0.2791,0.019
True&Co,Spark Capital,1,0.2791,0.019
Virool,Pejman Nozad,1,0.2791,0.019
Virool,Felicis Ventures,1,0.2791,0.019
Virool,Aaron Levie,1,0.2791,0.019
Virool,SV Angel,1,0.2791,0.019
Virool,Chris Dixon,1,0.2791,0.019
Sidecar.me,AdmitOne Security,1,0.237,0.0184
Klir Technologies,AdmitOne Security,1,0.237,0.0184
Swiftype,AdmitOne Security,1,0.237,0.0184
OrderAhead,AdmitOne Security,1,0.237,0.0184
Korrio,AdmitOne Security,1,0.237,0.0184
Mashape,AdmitOne Security,1,0.237,0.0184
Onehub,AdmitOne Security,1,0.237,0.0184
Blowtorch,AdmitOne Security,1,0.237,0.0184
Kickball Labs,AdmitOne Security,1,0.237,0.0184
StrongLoop,AdmitOne Security,1,0.237,0.0184
Parse,AdmitOne Security,1,0.237,0.0184
Amiato,AdmitOne Security,1,0.237,0.0184
Iron.io,AdmitOne Security,1,0.237,0.0184
RLX Technologies,AdmitOne Security,1,0.237,0.0184
TellWise,AdmitOne Security,1,0.237,0.0184
Vayusa,AdmitOne Security,1,0.237,0.0184
Yeelion,AdmitOne Security,1,0.237,0.0184
Continuuity,AdmitOne Security,1,0.237,0.0184
Appature,AdmitOne Security,1,0.237,0.0184
VM6 Software,AdmitOne Security,1,0.237,0.0184
DailyBooth,AdmitOne Security,1,0.237,0.0184
Zencoder,AdmitOne Security,1,0.237,0.0184
fotopedia,AdmitOne Security,1,0.237,0.0184
Twisted Pair Solutions,AdmitOne Security,1,0.237,0.0184
ChinaCache,AdmitOne Security,1,0.237,0.0184
Earth Class Mail,AdmitOne Security,1,0.237,0.0184
Cisco,JAFCO Asia,2,1.8205,0.0182
Salesforce,Google Ventures,2,1.7662,0.0177
Acylin Therapeutics,AdmitOne Security,1,0.297,0.0174
EnerG2,AdmitOne Security,1,0.297,0.0174
Complete Genomics,AdmitOne Security,1,0.297,0.0174
Oncofactor Corporation,AdmitOne Security,1,0.297,0.0174
Groove Biopharma.,AdmitOne Security,1,0.297,0.0174
Napera Networks,AdmitOne Security,1,0.297,0.0174
Arzeda,AdmitOne Security,1,0.297,0.0174
JotSpot,Webroot,1,0.2289,0.0172
Redbeacon,Webroot,1,0.2289,0.0172
Syntertainment,Webroot,1,0.2289,0.0172
Kiwi Crate,Webroot,1,0.2289,0.0172
India Property Online,Webroot,1,0.2289,0.0172
Snap Technologies,Webroot,1,0.2289,0.0172
Amagi Media Labs,Webroot,1,0.2289,0.0172
Tempo AI,Webroot,1,0.2289,0.0172
Tagged,Webroot,1,0.2289,0.0172
The Beer CafÃ©,Webroot,1,0.2289,0.0172
TrustRadius,Webroot,1,0.2289,0.0172
RSI (Reel Solar Inc),Webroot,1,0.2289,0.0172
Viralheat,Webroot,1,0.2289,0.0172
Quickoffice,Webroot,1,0.2289,0.0172
FiveStars Loyalty,Webroot,1,0.2289,0.0172
SwiftStack,Webroot,1,0.2289,0.0172
Affinity Labs,Webroot,1,0.2289,0.0172
PingCo.com,Webroot,1,0.2289,0.0172
Zirtual,Webroot,1,0.2289,0.0172
OUYA,Webroot,1,0.2289,0.0172
Redington,Sequoia Capital,1,0.3034,0.0168
Moxtra,Sequoia Capital,1,0.3034,0.0168
Ambow Education,Sequoia Capital,1,0.3034,0.0168
ThingMagic,Sequoia Capital,1,0.3034,0.0168
CinemaNow,Sequoia Capital,1,0.3034,0.0168
Cinarra Systems,Sequoia Capital,1,0.3034,0.0168
Kalon Semiconductor,Sequoia Capital,1,0.3034,0.0168
Qyuki,Sequoia Capital,1,0.3034,0.0168
Cartiva,Groupon,1,0.1943,0.0166
RebelMouse,Groupon,1,0.1943,0.0166
The Point,Groupon,1,0.1943,0.0166
Zumper,Groupon,1,0.1943,0.0166
Wi-Chi,Groupon,1,0.1943,0.0166
SmartTurn,Groupon,1,0.1943,0.0166
GraphLab,Groupon,1,0.1943,0.0166
Terrajoule,Groupon,1,0.1943,0.0166
IfOnly,Groupon,1,0.1943,0.0166
Alien Technology,Groupon,1,0.1943,0.0166
Zyngenia,Groupon,1,0.1943,0.0166
3Jam,Groupon,1,0.1943,0.0166
Ringthree Technologies,Groupon,1,0.1943,0.0166
Jentro Technologies,Groupon,1,0.1943,0.0166
Punch!,Groupon,1,0.1943,0.0166
Playdom,Groupon,1,0.1943,0.0166
MOVE Guides,Groupon,1,0.1943,0.0166
Nurien Software,Groupon,1,0.1943,0.0166
Eventup,Groupon,1,0.1943,0.0166
TalentBin,Groupon,1,0.1943,0.0166
Popdust,Groupon,1,0.1943,0.0166
MyFit,Groupon,1,0.1943,0.0166
SocialRadar,Groupon,1,0.1943,0.0166
Hired,Groupon,1,0.1943,0.0166
BeachMint,Groupon,1,0.1943,0.0166
Upstart,Groupon,1,0.1943,0.0166
Plusmo,Groupon,1,0.1943,0.0166
Proteostasis Therapeutics,Groupon,1,0.1943,0.0166
Stormpath,Groupon,1,0.1943,0.0166
Bitglass,Groupon,1,0.1943,0.0166
Compiere,Groupon,1,0.1943,0.0166
Plaid,Groupon,1,0.1943,0.0166
Cleave Biosciences,Groupon,1,0.1943,0.0166
Vibrynt,Groupon,1,0.1943,0.0166
Mersana Therapeutics,Groupon,1,0.1943,0.0166
Satori Pharmaceuticals,Groupon,1,0.1943,0.0166
Umami,Groupon,1,0.1943,0.0166
Prospex Medical,Groupon,1,0.1943,0.0166
One Block Off the Grid (1BOG),Groupon,1,0.1943,0.0166
Koozoo,Groupon,1,0.1943,0.0166
Curalate,Groupon,1,0.1943,0.0166
AVOS Systems,Groupon,1,0.1943,0.0166
Influitive,Groupon,1,0.1943,0.0166
Clovis Oncology,Groupon,1,0.1943,0.0166
Omada Health,Groupon,1,0.1943,0.0166
Mashape,Groupon,1,0.1943,0.0166
Philo,Groupon,1,0.1943,0.0166
Galera Therapeutics,Groupon,1,0.1943,0.0166
ThirdLove,Groupon,1,0.1943,0.0166
Silk,Groupon,1,0.1943,0.0166
Cisco,Comcast,2,1.6316,0.0163
WhitePages.com,Webroot,1,0.4809,0.0155
Tiny Prints,Webroot,1,0.4809,0.0155
Amazon,New Enterprise Associates,2,1.5316,0.0153
Marketfish,Science,1,0.3107,0.0148
Perfect Market,Science,1,0.3107,0.0148
Mertado,Science,1,0.3107,0.0148
Chromatik,Science,1,0.3107,0.0148
Amazon,Madrona Venture Group,2,1.4427,0.0144
Smadex,Caixa Capital Risc,1,1.4427,0.0144
Visual Revenue,Yahoo!,1,1.4427,0.0144
easy2comply (Dynasec),BuscapÃ©,1,1.4427,0.0144
Fotolia,DFJ Frontier,1,1.4427,0.0144
Cisco,Menlo Ventures,1,1.4427,0.0144
Salesforce,Sierra Ventures,1,1.4427,0.0144
Cisco,Violin Memory,1,1.4427,0.0144
Yandex,Rhodium,1,1.4427,0.0144
Cisco,Investcorp Gulf Investments,1,1.4427,0.0144
Cisco,Almaz Capital,1,1.4427,0.0144
devsisters,Storm Ventures,1,1.4427,0.0144
QuickPay,Ardian,1,0.286,0.0141
Wakonda Technologies,Ardian,1,0.286,0.0141
Cedexis,Ardian,1,0.286,0.0141
Evergage,Ardian,1,0.286,0.0141
Modria,Ardian,1,0.286,0.0141
Solar Junction,Ardian,1,0.286,0.0141
Rive Technology,Ardian,1,0.286,0.0141
Browster,Ardian,1,0.286,0.0141
Engage,Ardian,1,0.286,0.0141
Juniper Medical,Ardian,1,0.286,0.0141
Altura Medical,Ardian,1,0.286,0.0141
Cisco,Index Ventures,2,1.3427,0.0134
Virool,Skype,1,0.198,0.0127
PopJax,Skype,1,0.198,0.0127
D.light Design,Skype,1,0.198,0.0127
Jing-Jin Electric Technologies,Skype,1,0.198,0.0127
Concept.io,Skype,1,0.198,0.0127
RethinkDB,Skype,1,0.198,0.0127
Pressmart,Skype,1,0.198,0.0127
Thumb,Skype,1,0.198,0.0127
Stiki Digital,Skype,1,0.198,0.0127
CastTV,Skype,1,0.198,0.0127
Graspr,Skype,1,0.198,0.0127
Edvert,Skype,1,0.198,0.0127
Lemon,Skype,1,0.198,0.0127
Solicore,Skype,1,0.198,0.0127
WaterSmart Software,Skype,1,0.198,0.0127
5 Minutes,Skype,1,0.198,0.0127
Nottingham Technology,Skype,1,0.198,0.0127
mBeat Media,Skype,1,0.198,0.0127
Spinal Modulation,Skype,1,0.198,0.0127
Pentalum Technologies,Skype,1,0.198,0.0127
Glycos Biotechnologies,Skype,1,0.198,0.0127
Ultriva,Skype,1,0.198,0.0127
Renewable Funding,Skype,1,0.198,0.0127
FundersClub,Skype,1,0.198,0.0127
Spiral Genetics,Skype,1,0.198,0.0127
Boxbe,Skype,1,0.198,0.0127
Power.com,Skype,1,0.198,0.0127
Vadver,Skype,1,0.198,0.0127
Five minutes,Skype,1,0.198,0.0127
Mobim,Skype,1,0.198,0.0127
eShares,Skype,1,0.198,0.0127
TopChalks,Skype,1,0.198,0.0127
Emu Messenger,Skype,1,0.198,0.0127
Fotomoto,Skype,1,0.198,0.0127
ChinaCache,Skype,1,0.198,0.0127
Miartech (Shanghai),Skype,1,0.198,0.0127
EatLime,Skype,1,0.198,0.0127
Vizional Technologies,Skype,1,0.198,0.0127
Thuuz,Skype,1,0.198,0.0127
FFWD Wheels,Skype,1,0.198,0.0127
Samba Tech,Skype,1,0.198,0.0127
NearbyNow,Skype,1,0.198,0.0127
"LendKey Technologies, Inc.",Skype,1,0.198,0.0127
iList,Skype,1,0.198,0.0127
Podcast Ready,Skype,1,0.198,0.0127
Qingdao Crystech Coating,Skype,1,0.198,0.0127
Mimeo,Skype,1,0.198,0.0127
NanoTune,Skype,1,0.198,0.0127
Selligy,Skype,1,0.198,0.0127
isocket,Skype,1,0.198,0.0127
Retrofit,Skype,1,0.198,0.0127
Solar Junction,Skype,1,0.198,0.0127
Planet Metrics,Skype,1,0.198,0.0127
Telly,Skype,1,0.198,0.0127
Newsle,Skype,1,0.198,0.0127
FundersClub,500 Startups,3,1.2213,0.0122
FundersClub,Scrum Ventures,3,1.2031,0.012
Cisco,True Ventures,2,1.1794,0.0118
Cisco,Data Collective,2,1.1794,0.0118
Google,Skype,2,1.1765,0.0118
Google,Index Ventures,2,1.1765,0.0118
FundersClub,Alexis Ohanian,3,1.1526,0.0115
FundersClub,Paul Buchheit,3,1.1417,0.0114
FundersClub,Sam Altman,3,1.1417,0.0114
Amazon,First Round Capital,2,1.1384,0.0114
Vacation Listing Service,zulily,1,0.2912,0.0111
KidZui,zulily,1,0.2912,0.0111
Combatant Gentlemen,zulily,1,0.2912,0.0111
Gigi Hill,zulily,1,0.2912,0.0111
Lively Inc.,zulily,1,0.2912,0.0111
Koru,zulily,1,0.2912,0.0111
"Madison Reed, Inc.",zulily,1,0.2912,0.0111
Newsle,zulily,1,0.2912,0.0111
Lemon,zulily,1,0.2912,0.0111
August,zulily,1,0.2912,0.0111
CircleUp,zulily,1,0.2912,0.0111
Course Hero,zulily,1,0.2912,0.0111
Tred,zulily,1,0.2912,0.0111
Salesforce,Y Combinator,3,1.0717,0.0107
Amazon,Bessemer Venture Partners,2,1.0384,0.0104
Salesforce,Atlas Venture,2,0.9906,0.0099
Staaff,Iris Capital,1,0.9102,0.0091
FlipKey,Flagship Ventures,1,0.9102,0.0091
Amazon,Bay Partners,1,0.9102,0.0091
Amazon,Benchmark,1,0.9102,0.0091
Cisco,Technology Venture Partners,1,0.9102,0.0091
Salesforce,Illuminate Ventures,1,0.9102,0.0091
Staaff,IDInvest Partners,1,0.9102,0.0091
Cisco,Investment Arm,1,0.9102,0.0091
Cisco,e.ventures,1,0.9102,0.0091
Salesforce,Trinity Ventures,1,0.9102,0.0091
Trovit,Cabiedes & Partners,1,0.9102,0.0091
Amazon,Hummer Winblad Venture Partners,1,0.9102,0.0091
Cisco,Panorama Capital,1,0.9102,0.0091
Salesforce,Safeguard Scientifics,1,0.9102,0.0091
Elevator Labs,Charles Schwab,1,0.9102,0.0091
Cisco,Clearstone Venture Partners,1,0.9102,0.0091
Salesforce,Emergence Capital Partners,1,0.9102,0.0091
Hello Music,Charles Schwab,1,0.9102,0.0091
Salesforce,Sequoia Capital,1,0.9102,0.0091
Pricing Engine,AOL,1,0.9102,0.0091
Pricing Engine,Hummer Winblad Venture Partners,1,0.9102,0.0091
Mirantis,Eons,1,0.1954,0.0089
boo-box,AtHoc,1,0.1954,0.0089
Indisys,AtHoc,1,0.1954,0.0089
Thalmic Labs,AtHoc,1,0.1954,0.0089
Thalmic Labs,Eons,1,0.1954,0.0089
TextDigger,AtHoc,1,0.1954,0.0089
Animoca,AtHoc,1,0.1954,0.0089
Punchbowl,Eons,1,0.1954,0.0089
Punchbowl,AtHoc,1,0.1954,0.0089
Nexmo,AtHoc,1,0.1954,0.0089
Althea Systems,Eons,1,0.1954,0.0089
iovation,Eons,1,0.1954,0.0089
Telligent Systems,AtHoc,1,0.1954,0.0089
Mobixell Networks,Eons,1,0.1954,0.0089
Interlude,AtHoc,1,0.1954,0.0089
Grupanya,Eons,1,0.1954,0.0089
Olaworks,AtHoc,1,0.1954,0.0089
Grupanya,AtHoc,1,0.1954,0.0089
ChinaCache,Eons,1,0.1954,0.0089
Indisys,Eons,1,0.1954,0.0089
Olaworks,Eons,1,0.1954,0.0089
Silistix,Eons,1,0.1954,0.0089
Active Storage,AtHoc,1,0.1954,0.0089
TextDigger,Eons,1,0.1954,0.0089
Rock Flow Dynamics,AtHoc,1,0.1954,0.0089
Trony Solar,Eons,1,0.1954,0.0089
Trony Solar,AtHoc,1,0.1954,0.0089
Fashion.me,AtHoc,1,0.1954,0.0089
Storenvy,AtHoc,1,0.1954,0.0089
Animoca,Eons,1,0.1954,0.0089
Clinkle,AtHoc,1,0.1954,0.0089
Clinkle,Eons,1,0.1954,0.0089
Crossing Automation,AtHoc,1,0.1954,0.0089
Crossing Automation,Eons,1,0.1954,0.0089
Althea Systems,AtHoc,1,0.1954,0.0089
Nexmo,Eons,1,0.1954,0.0089
Mobixell Networks,AtHoc,1,0.1954,0.0089
iovation,AtHoc,1,0.1954,0.0089
Telligent Systems,Eons,1,0.1954,0.0089
Coquelux,AtHoc,1,0.1954,0.0089
Coquelux,Eons,1,0.1954,0.0089
Rock Flow Dynamics,Eons,1,0.1954,0.0089
Collax,AtHoc,1,0.1954,0.0089
Fortumo,AtHoc,1,0.1954,0.0089
Collax,Eons,1,0.1954,0.0089
Fortumo,Eons,1,0.1954,0.0089
FlowPlay,Eons,1,0.1954,0.0089
FlowPlay,AtHoc,1,0.1954,0.0089
Fashion.me,Eons,1,0.1954,0.0089
Delve Networks,Eons,1,0.1954,0.0089
AdsIt,AtHoc,1,0.1954,0.0089
Happiest Minds,AtHoc,1,0.1954,0.0089
FundersClub,AtHoc,1,0.1954,0.0089
FundersClub,Kevin Hale,2,0.8894,0.0089
Maana,AtHoc,1,0.1954,0.0089
Vignani,Eons,1,0.1954,0.0089
Vignani,AtHoc,1,0.1954,0.0089
Swrve,Eons,1,0.1954,0.0089
Swrve,AtHoc,1,0.1954,0.0089
Grono.net,AtHoc,1,0.1954,0.0089
Maana,Eons,1,0.1954,0.0089
Grono.net,Eons,1,0.1954,0.0089
Accertify,Eons,1,0.1954,0.0089
Adaptive Computing,AtHoc,1,0.1954,0.0089
Happiest Minds,Eons,1,0.1954,0.0089
boo-box,Eons,1,0.1954,0.0089
Accertify,AtHoc,1,0.1954,0.0089
SulfurCell,AtHoc,1,0.1954,0.0089
SulfurCell,Eons,1,0.1954,0.0089
Adaptive Computing,Eons,1,0.1954,0.0089
Net Power Technology,Eons,1,0.1954,0.0089
Edgeio,AtHoc,1,0.1954,0.0089
Edgeio,Eons,1,0.1954,0.0089
FeedHenry,Eons,1,0.1954,0.0089
FeedHenry,AtHoc,1,0.1954,0.0089
Mirantis,AtHoc,1,0.1954,0.0089
Goldbely,Eons,1,0.1954,0.0089
Ozmo Devices,AtHoc,1,0.1954,0.0089
Active Storage,Eons,1,0.1954,0.0089
Ozmo Devices,Eons,1,0.1954,0.0089
AdsIt,Eons,1,0.1954,0.0089
Goldbely,AtHoc,1,0.1954,0.0089
PerspecSys,AtHoc,1,0.1954,0.0089
PerspecSys,Eons,1,0.1954,0.0089
Bragster,AtHoc,1,0.1954,0.0089
Bragster,Eons,1,0.1954,0.0089
Yummly,Eons,1,0.1954,0.0089
Yummly,AtHoc,1,0.1954,0.0089
Delve Networks,AtHoc,1,0.1954,0.0089
ChinaCache,AtHoc,1,0.1954,0.0089
Joyent,AtHoc,1,0.1954,0.0089
Joyent,Eons,1,0.1954,0.0089
ElasticBox,AtHoc,1,0.1954,0.0089
ElasticBox,Eons,1,0.1954,0.0089
Silistix,AtHoc,1,0.1954,0.0089
Net Power Technology,AtHoc,1,0.1954,0.0089
MTEM Limited,Micron Technology,1,0.294,0.0087
Essential Viewing,Micron Technology,1,0.294,0.0087
SocialBro,Micron Technology,1,0.294,0.0087
Xanic,Micron Technology,1,0.294,0.0087
Futuretec,Micron Technology,1,0.294,0.0087
CamSemi,Micron Technology,1,0.294,0.0087
Aspects Software,Micron Technology,1,0.294,0.0087
Verisim,Micron Technology,1,0.294,0.0087
Tideway,Micron Technology,1,0.294,0.0087
Cmed,Micron Technology,1,0.294,0.0087
Fotech,Micron Technology,1,0.294,0.0087
Skyscanner,Micron Technology,1,0.294,0.0087
CYBERHAWK Innovations,Micron Technology,1,0.294,0.0087
Surfkitchen,Micron Technology,1,0.294,0.0087
RadioScape,Micron Technology,1,0.294,0.0087
Clavis Technology,Micron Technology,1,0.294,0.0087
Chronicle Solutions,Micron Technology,1,0.294,0.0087
FundersClub,Dave McClure,2,0.8424,0.0084
Google,SV Angel,2,0.7947,0.0079
Google,Bob Pittman,2,0.7947,0.0079
FundersClub,Garry Tan,2,0.7628,0.0076
Appsfire,Mediastay,1,0.3107,0.0075
Yoono,Mediastay,1,0.3107,0.0075
eRepublik,Mediastay,1,0.3107,0.0075
Ezakus Labs,Mediastay,1,0.3107,0.0075
Kobojo,Mediastay,1,0.3107,0.0075
Salesforce,SV Angel,2,0.7482,0.0075
Ifeelgoods,Mediastay,1,0.3107,0.0075
Lyatiss,Mediastay,1,0.3107,0.0075
Grand Cru,Mediastay,1,0.3107,0.0075
Amazon,Prism Venture Management,1,0.7213,0.0072
StyleCaster,Rho Canada,1,0.7213,0.0072
Cisco,HV Holtzbrinck Ventures,1,0.7213,0.0072
Cisco,Avalon Ventures,1,0.7213,0.0072
Cisco,North Bridge Venture Partners,1,0.7213,0.0072
Cisco,Trident Capital,1,0.7213,0.0072
Amazon,Sequel Venture Partners,1,0.7213,0.0072
StyleCaster,Borealis Ventures,1,0.7213,0.0072
Cisco,Time Warner Investments,1,0.7213,0.0072
Cisco,Labrador Ventures,1,0.7213,0.0072
Amazon,Webroot,1,0.7213,0.0072
Amazon,SoftTech VC,1,0.7213,0.0072
Salesforce,Lightspeed Venture Partners,1,0.7213,0.0072
Amazon,Summerhill Venture Partners,1,0.7213,0.0072
Cisco,SAP Ventures,1,0.7213,0.0072
Salesforce,Wilson Sonsini Goodrich & Rosati,1,0.7213,0.0072
FundersClub,Promus Ventures,2,0.7183,0.0072
BlueSnap,BuscapÃ©,1,0.7213,0.0072
eVigilo,Intel Capital,1,0.7213,0.0072
FundersClub,Troy Carter,2,0.7183,0.0072
eVigilo,i-Hatch Ventures,1,0.7213,0.0072
eVigilo,Greylock Partners,1,0.7213,0.0072
Cisco,Baring Vostok Capital Partners,1,0.7213,0.0072
Google,Accel Partners,1,0.7213,0.0072
Cisco,Rho Capital Partners,1,0.7213,0.0072
Cisco,Charles River Ventures,1,0.7213,0.0072
Wayfair,BuscapÃ©,1,0.7213,0.0072
Google,Good Energies,1,0.7213,0.0072
Google,Atlas Venture,1,0.7213,0.0072
Google,Mercury Fund,1,0.7213,0.0072
Google,Advent Venture Partners,1,0.7213,0.0072
Google,Applied Ventures,1,0.7213,0.0072
Salesforce,Kleiner Perkins Caufield & Byers,1,0.7213,0.0072
Cisco,Lightspeed Venture Partners,1,0.7213,0.0072
Cisco,Mission Ventures,1,0.7213,0.0072
Cisco,Innovation Works (China),1,0.7213,0.0072
Dun & Bradstreet Credibility Corp.,BuscapÃ©,1,0.7213,0.0072
Cisco,EPIC Ventures,1,0.7213,0.0072
Mr. Youth,Tribeca Venture Partners,1,0.7213,0.0072
Mr. Youth,Foundry Group,1,0.7213,0.0072
Cisco,Granite Ventures,1,0.7213,0.0072
Cisco,Foundation Capital,1,0.7213,0.0072
Cisco,Enterprise Partners,1,0.7213,0.0072
Webroot,Amazon,1,0.7213,0.0072
Webroot,Summerhill Venture Partners,1,0.7213,0.0072
Webroot,Prism Venture Management,1,0.7213,0.0072
Red Tricycle,August Capital,1,0.7213,0.0072
Red Tricycle,Trinity Ventures,1,0.7213,0.0072
Salesforce,Pejman Nozad,2,0.7024,0.007
Stockr,Venrock,1,0.6213,0.0062
Cisco,Morgenthaler Ventures,1,0.6213,0.0062
Cisco,Atlas Venture,1,0.6213,0.0062
FundersClub,Crosslink Capital,1,0.6213,0.0062
Cisco,Matrix Partners,1,0.6213,0.0062
Nurien Software,Xiaomi,1,0.6213,0.0062
Salesforce,Bessemer Venture Partners,1,0.6213,0.0062
Google,New Enterprise Associates,1,0.6213,0.0062
Promedior,Pac-Link,1,0.6213,0.0062
Cisco,Battery Ventures,1,0.6213,0.0062
FundersClub,Bobby Yazdani,1,0.6213,0.0062
Promedior,Novartis Bioventures,1,0.6213,0.0062
Salesforce,Innovation Works,1,0.6213,0.0062
Stockr,Institutional Venture Partners,1,0.6213,0.0062
Salesforce,ff Venture Capital,1,0.6213,0.0062
Cisco,Greylock Partners,1,0.6213,0.0062
Stockr,Crosslink Capital,1,0.6213,0.0062
Navegg,Great Hill Partners,1,0.6213,0.0062
FundersClub,Brian McClendon,1,0.6213,0.0062
FundersClub,VegasTechFund,1,0.6213,0.0062
Cisco,Trinity Ventures,1,0.6213,0.0062
Amazon,Shasta Ventures,1,0.6213,0.0062
Salesforce,Birchmere Ventures,1,0.6213,0.0062
Salesforce,NextView Ventures,1,0.6213,0.0062
Salesforce,Draper Fisher Jurvetson (DFJ),1,0.6213,0.0062
Cisco,Tudor Investments,1,0.6213,0.0062
Amazon,Lightspeed Venture Partners,1,0.6213,0.0062
Salesforce,Rincon Venture Partners,1,0.6213,0.0062
Cisco,Morningside Group,1,0.6213,0.0062
Cisco,DFJ Esprit,1,0.6213,0.0062
Google,Mohr Davidow Ventures,1,0.6213,0.0062
LP Amina,Xiaomi,1,0.6213,0.0062
Science,Venrock,1,0.5581,0.0056
Science,Battery Ventures,1,0.5581,0.0056
Science,Matt Coffin,1,0.5581,0.0056
SmartyPants Vitamins,Google Ventures,1,0.5581,0.0056
SmartyPants Vitamins,Union Square Ventures,1,0.5581,0.0056
Amazon,Alliance of Angels,1,0.5581,0.0056
Ascent Therapeutics,Trellis Bioscience,1,0.5581,0.0056
Tributes.com,Intel Capital,1,0.5581,0.0056
Cisco,Divergent Ventures,1,0.5581,0.0056
Aimetis,FirstHand Technologies,1,0.5581,0.0056
Salesforce,Ron Conway,1,0.5581,0.0056
Xiaomi,Giza Venture Capital,1,0.5581,0.0056
Xiaomi,venture capitals,1,0.5581,0.0056
Tributes.com,Charles River Ventures,1,0.5581,0.0056
Tributes.com,Sequoia Capital,1,0.5581,0.0056
Tributes.com,General Catalyst Partners,1,0.5581,0.0056
Aerpio Therapeutics,Trellis Bioscience,1,0.5581,0.0056
Science,Google Ventures,1,0.5581,0.0056
Salesforce,DFJ Growth,1,0.5581,0.0056
Salesforce,Bullpen Capital,1,0.5581,0.0056
Science,Crosslink Capital,1,0.5581,0.0056
BetterWorks (Closed),Thrive Capital,1,0.5581,0.0056
Science,Comcast Ventures,1,0.5581,0.0056
Science,Rincon Venture Partners,1,0.5581,0.0056
Science,SoftTech VC,1,0.5581,0.0056
Cisco,Swisscom Ventures,1,0.5581,0.0056
Cisco,Mayfield Fund,1,0.5581,0.0056
BetterWorks (Closed),Village Ventures,1,0.5581,0.0056
BetterWorks (Closed),Union Square Ventures,1,0.5581,0.0056
SmartyPants Vitamins,Maveron,1,0.5581,0.0056
Science,Felicis Ventures,1,0.5581,0.0056
BetterWorks (Closed),Paige Craig,1,0.5581,0.0056
BetterWorks (Closed),SeventySix Captial,1,0.5581,0.0056
Salesforce,DFJ Esprit,1,0.5581,0.0056
Salesforce,Kenny Van Zant,1,0.5581,0.0056
Cisco,Polaris Partners,1,0.5581,0.0056
Science,Pritzker Group Venture Capital,1,0.5581,0.0056
Amazon,Kelly Smith,1,0.5581,0.0056
Amazon,Brad Feld,1,0.5581,0.0056
Amazon,Curious Office Partners,1,0.5581,0.0056
Salesforce,Index Ventures,1,0.5581,0.0056
Salesforce,True Ventures,1,0.5581,0.0056
Salesforce,Social Leverage,1,0.5581,0.0056
Diaphonics,FirstHand Technologies,1,0.5581,0.0056
Cisco,Intel,1,0.5581,0.0056
Cisco,Hummer Winblad Venture Partners,1,0.5581,0.0056
Cisco,Comcast Ventures,1,0.5581,0.0056
clypd,AOL,1,0.5139,0.0051
clypd,Hearst Ventures,1,0.5139,0.0051
clypd,Accel Partners,1,0.5139,0.0051
clypd,General Catalyst Partners,1,0.5139,0.0051
Makeover Solutions,Detroit Venture Partners,1,0.5139,0.0051
Makeover Solutions,Owen Van Natta,1,0.5139,0.0051
FundersClub,Red Swan,1,0.5139,0.0051
FundersClub,ACE & Company,1,0.5139,0.0051
FundersClub,Union Square Ventures,1,0.5139,0.0051
FundersClub,Don Hutchison,1,0.5139,0.0051
Auvik Networks,Makeover Solutions,1,0.5139,0.0051
Cisco,DAG Ventures,1,0.5139,0.0051
Cisco,Lightbank,1,0.5139,0.0051
Mobio,Makeover Solutions,1,0.5139,0.0051
Cisco,Andreessen Horowitz,1,0.5139,0.0051
Cisco,New Enterprise Associates,1,0.5139,0.0051
FundersClub,Grotech Ventures,1,0.5139,0.0051
Cisco,Silicon Valley Bank,1,0.5139,0.0051
FundersClub,Ribbit Capital,1,0.5139,0.0051
FundersClub,Blumberg Capital,1,0.5139,0.0051
FundersClub,ff Venture Capital,1,0.5139,0.0051
clypd,IAC,1,0.5139,0.0051
Lasso Logic,Ardian,1,0.6213,0.0049
Authernative,Ardian,1,0.6213,0.0049
Oceanshalo,Accel Partners,1,0.4809,0.0048
Oceanshalo,Mark Pincus,1,0.4809,0.0048
Elliptic Technologies,FirstHand Technologies,1,0.4551,0.0048
Oceanshalo,Greylock Partners,1,0.4809,0.0048
Loop Commerce,Scott Banister,1,0.4809,0.0048
Loop Commerce,BlueRun Ventures,1,0.4809,0.0048
Loop Commerce,Peter Thiel,1,0.4809,0.0048
Oceanshalo,SV Angel,1,0.4809,0.0048
Oceanshalo,Reid Hoffman,1,0.4809,0.0048
Gridpoint Systems,FirstHand Technologies,1,0.4551,0.0048
Mobivox,FirstHand Technologies,1,0.4551,0.0048
Loop Commerce,Kevin Hartz,1,0.4809,0.0048
Oceanshalo,Meritech Capital Partners,1,0.4809,0.0048
Oceanshalo,Founders Fund,1,0.4809,0.0048
Salesforce,Freestyle Capital,1,0.4809,0.0048
Salesforce,Battery Ventures,1,0.4809,0.0048
BillFloat,Peter Thiel,1,0.4809,0.0048
BillFloat,Scott Banister,1,0.4809,0.0048
BillFloat,BlueRun Ventures,1,0.4809,0.0048
BillFloat,Kevin Hartz,1,0.4809,0.0048
Salesforce,Tekton Ventures,1,0.4809,0.0048
Salesforce,Foundry Group,1,0.4809,0.0048
Moneytree,Kevin Hartz,1,0.4809,0.0048
Salesforce,US Venture Partners,1,0.4809,0.0048
Moneytree,BlueRun Ventures,1,0.4809,0.0048
Moneytree,Scott Banister,1,0.4809,0.0048
Moneytree,Peter Thiel,1,0.4809,0.0048
BestSecret.com,Morgenthaler Ventures,1,0.4551,0.0046
BestSecret.com,WS Investments,1,0.4551,0.0046
Google,Ron Conway,1,0.4551,0.0046
MetroGames,Bessemer Venture Partners,1,0.4551,0.0046
MetroGames,Steamboat Ventures,1,0.4551,0.0046
MetroGames,New Enterprise Associates,1,0.4551,0.0046
MetroGames,Norwest Venture Partners,1,0.4551,0.0046
MetroGames,Lightspeed Venture Partners,1,0.4551,0.0046
MetroGames,Embarcadero Ventures,1,0.4551,0.0046
ulike,WS Investments,1,0.4551,0.0046
ulike,Advanced Technology Ventures,1,0.4551,0.0046
FundersClub,Innovation Works (China),1,0.4551,0.0046
Google,Baseline Ventures,1,0.4551,0.0046
ulike,Morgenthaler Ventures,1,0.4551,0.0046
FundersClub,Infinity Venture Partners,1,0.4551,0.0046
FundersClub,Index Ventures,1,0.4551,0.0046
FundersClub,TEEC Angel Fund,1,0.4551,0.0046
MetroGames,Pritzker Group Venture Capital,1,0.4551,0.0046
MetroGames,Rick Thompson,1,0.4551,0.0046
Google,Battery Ventures,1,0.4551,0.0046
Google,Atomico,1,0.4551,0.0046
BestSecret.com,Advanced Technology Ventures,1,0.4551,0.0046
Glamour Sales Holding,Advanced Technology Ventures,1,0.4551,0.0046
Glamour Sales Holding,WS Investments,1,0.4551,0.0046
Glamour Sales Holding,Morgenthaler Ventures,1,0.4551,0.0046
FundersClub,Polaris Partners,1,0.4343,0.0043
WP Engine,Blacksmith Capital,1,0.4343,0.0043
WP Engine,Kevin Compton,1,0.4343,0.0043
WP Engine,True Ventures,1,0.4343,0.0043
WP Engine,New York Times,1,0.4343,0.0043
FundersClub,Joshua Schachter,1,0.4343,0.0043
WP Engine,Doug Mackenzie,1,0.4343,0.0043
WP Engine,Radar Partners,1,0.4343,0.0043
WP Engine,Shelby Bonnie,1,0.4343,0.0043
WP Engine,Polaris Partners,1,0.4343,0.0043
Amazon,SV Angel,1,0.417,0.0042
Amazon,Reid Hoffman,1,0.417,0.0042
Amazon,Omidyar Network,1,0.417,0.0042
Amazon,Endeavor Partners,1,0.417,0.0042
Amazon,Mitch Kapor,1,0.417,0.0042
Netatmo,Mediastay,1,0.417,0.0042
Cisco,Saar Gur,1,0.417,0.0042
Cisco,Baseline Ventures,1,0.417,0.0042
Cisco,Khosla Ventures,1,0.417,0.0042
Cisco,SV Angel,1,0.417,0.0042
Cisco,First Round Capital,1,0.417,0.0042
Cisco,Atomico,1,0.417,0.0042
Cisco,RBC Venture Partners,1,0.417,0.0042
Cisco,Relay Ventures,1,0.417,0.0042
MedicAnimal.com,Mediastay,1,0.417,0.0042
AppGratis,Mediastay,1,0.417,0.0042
Let it Wave,Mediastay,1,0.417,0.0042
Cisco,Ariel Poler,1,0.417,0.0042
Planetveo,Mediastay,1,0.417,0.0042
Amazon,Joi Ito,1,0.417,0.0042
BBE,Safeguard Scientifics,1,0.4024,0.004
Crowd Fusion,Safeguard Scientifics,1,0.4024,0.004
Generate,Safeguard Scientifics,1,0.4024,0.004
Publish2,Safeguard Scientifics,1,0.4024,0.004
FatTail,Safeguard Scientifics,1,0.4024,0.004
FundersClub,Patrick Soon-Shiong,1,0.3899,0.0039
FundersClub,William Morris Endeavor,1,0.3899,0.0039
FundersClub,ZhenFund,1,0.3899,0.0039
FundersClub,Battery Ventures,1,0.3899,0.0039
Salesforce,Alexis Ohanian,1,0.3789,0.0038
FundersClub,Joanne Wilson,1,0.3789,0.0038
Salesforce,Sam Altman,1,0.3789,0.0038
Salesforce,Redpoint Ventures,1,0.3789,0.0038
Salesforce,Garry Tan,1,0.3789,0.0038
FundersClub,Sherpa Ventures,1,0.3789,0.0038
FundersClub,Google Ventures,1,0.3789,0.0038
FundersClub,Tikhon Bernstam,1,0.3789,0.0038
FundersClub,Lerer Ventures,1,0.3789,0.0038
Salesforce,Harjeet Taggar,1,0.3789,0.0038
FundersClub,Geoff Ralston,1,0.3789,0.0038
Salesforce,Transmedia Capital,1,0.3693,0.0037
Salesforce,Lightbank,1,0.3693,0.0037
Salesforce,Andreessen Horowitz,1,0.3693,0.0037
Salesforce,Greylock Partners,1,0.3693,0.0037
Salesforce,Crosslink Capital,1,0.3693,0.0037
Salesforce,Expansion Venture Capital,1,0.3693,0.0037
Salesforce,Felicis Ventures,1,0.3693,0.0037
Salesforce,Intel Capital,1,0.3693,0.0037
Salesforce,Charles River Ventures,1,0.3693,0.0037
Salesforce,Tencent,1,0.3693,0.0037
Vingle,Embarcadero Ventures,1,0.353,0.0035
Vingle,Alex Zubillaga,1,0.353,0.0035
Science,DAG Ventures,1,0.353,0.0035
Vingle,Ariel Poler,1,0.353,0.0035
Science,Don Hutchison,1,0.353,0.0035
Science,Baroda Ventures,1,0.353,0.0035
Vingle,Omidyar Network,1,0.353,0.0035
Vingle,Signia Venture Partners,1,0.353,0.0035
Vingle,500 Startups,1,0.353,0.0035
Science,Benchmark,1,0.353,0.0035
Science,Ben Ling,1,0.353,0.0035
Science,Sherpa Ventures,1,0.353,0.0035
Science,Brian Lee,1,0.353,0.0035
Science,Andreessen Horowitz,1,0.353,0.0035
Vingle,Andreessen Horowitz,1,0.353,0.0035
Vingle,Greylock Partners,1,0.353,0.0035
Science,First Round Capital,1,0.353,0.0035
Science,Foundation Capital,1,0.353,0.0035
Science,Quest Venture Partners,1,0.353,0.0035
Science,Tom McInerney,1,0.353,0.0035
Vingle,Charles River Ventures,1,0.353,0.0035
Google,Andreessen Horowitz,1,0.3396,0.0034
Google,SoftBank Capital,1,0.3396,0.0034
Google,Avalon Ventures,1,0.3396,0.0034
Google,Kevin Rose,1,0.3396,0.0034
Google,Foundry Group,1,0.3396,0.0034
Google,Tiger Global Management,1,0.3396,0.0034
Google,Union Square Ventures,1,0.3396,0.0034
Google,Pilot Group,1,0.3396,0.0034
Google,Peter Thiel,1,0.3396,0.0034
Google,Institutional Venture Partners,1,0.3396,0.0034
Google,Brad Feld,1,0.3396,0.0034
Google,Digital Sky Technologies,1,0.3396,0.0034
Google,Reid Hoffman,1,0.3396,0.0034
FundersClub,Digital Sky Technologies,1,0.3285,0.0033
FundersClub,Thomvest Ventures,1,0.3285,0.0033
FundersClub,TMT Investments,1,0.3285,0.0033
FundersClub,Start Fund,1,0.3285,0.0033
FundersClub,netprice.com,1,0.3285,0.0033
FundersClub,Menlo Ventures,1,0.3285,0.0033
FundersClub,Harjeet Taggar,1,0.3285,0.0033
FundersClub,Phenomen Ventures,1,0.3285,0.0033
Salesforce,Paul Buchheit,1,0.3235,0.0032
Salesforce,Ram Shriram,1,0.3235,0.0032
Salesforce,Elad Gil,1,0.3235,0.0032
Salesforce,Dan Rose,1,0.3235,0.0032
Salesforce,Data Collective,1,0.3235,0.0032
Salesforce,Start Fund,1,0.3235,0.0032
Salesforce,Lee Linden,1,0.3235,0.0032
Salesforce,Jawed Karim,1,0.3235,0.0032
Salesforce,David Sacks,1,0.3235,0.0032
Salesforce,Mark Leslie,1,0.3235,0.0032
Salesforce,Aaron Levie,1,0.3235,0.0032
Salesforce,Jeremy Stoppelman,1,0.3235,0.0032
Salesforce,Joshua Schachter,1,0.3235,0.0032
Salesforce,Sherpalo Ventures,1,0.3235,0.0032
Salesforce,Drew Houston,1,0.3235,0.0032
Beyond.com,Fuse Capital,1,0.3396,0.0029
Lumesis,Fuse Capital,1,0.3396,0.0029
Alverix,Fuse Capital,1,0.3396,0.0029
Hoopla Software,Fuse Capital,1,0.3396,0.0029
Garnet Biotherapeutics,Fuse Capital,1,0.3396,0.0029
NuCana BioMed,Xiaomi,1,0.3285,0.0009
Clean Membranes,Xiaomi,1,0.3285,0.0009
ThingMagic,Xiaomi,1,0.3285,0.0009
HD Biosciences,Xiaomi,1,0.3285,0.0009
Synchroneuron,Xiaomi,1,0.3285,0.0009
Freight Farms,Xiaomi,1,0.3285,0.0009
