date,etf,alpha,sector
2002-02-28,XLF,0.007271257523784422,XLF
2002-03-31,XLF,0.009324837950724805,XLF
2002-04-30,XLF,0.008947483347477796,XLF
2002-05-31,XLF,0.006926805067975545,XLF
2002-06-30,XLF,0.004123838243182793,XLF
2002-07-31,XLF,0.0077038608072032295,XLF
2002-08-31,XLF,0.005384224574954464,XLF
2002-09-30,XLF,0.003167753650650496,XLF
2002-10-31,XLF,0.0008037152956864111,XLF
2002-11-30,XLF,0.00314331997059053,XLF
2002-12-31,XLF,-5.4626584077897486e-05,XLF
2003-01-31,XLF,-0.0014684202497487657,XLF
2003-02-28,XLF,0.0004089630504876115,XLF
2003-03-31,XLF,-0.000279730434052646,XLF
2003-04-30,XLF,-0.00103828098775489,XLF
2003-05-31,XLF,0.0033586912988813012,XLF
2003-06-30,XLF,0.0018267106025373963,XLF
2003-07-31,XLF,0.0007497976067377347,XLF
2003-08-31,XLF,0.002103542704346312,XLF
2003-09-30,XLF,0.00038360028917060196,XLF
2003-10-31,XLF,0.0001771304629393823,XLF
2003-11-30,XLF,0.0009602438415002778,XLF
2003-12-31,XLF,0.0013235519684415484,XLF
2004-01-31,XLF,0.0012264739974262584,XLF
2004-02-29,XLF,0.0015959531548912827,XLF
2004-03-31,XLF,0.0016557332565954562,XLF
2004-04-30,XLF,0.0009294880387284397,XLF
2004-05-31,XLF,4.906880167658556e-05,XLF
2004-06-30,XLF,0.0004023990641447688,XLF
2004-07-31,XLF,0.0006273015045877503,XLF
2004-08-31,XLF,0.0002943591186799748,XLF
2004-09-30,XLF,0.0021006976376744084,XLF
2004-10-31,XLF,0.002045299292624072,XLF
2004-11-30,XLF,0.0009435715947652612,XLF
2004-12-31,XLF,0.0032030253296757225,XLF
2005-01-31,XLF,0.0030590463843898534,XLF
2005-02-28,XLF,0.0010080272862695765,XLF
2005-03-31,XLF,0.0020362839656535236,XLF
2005-04-30,XLF,-0.0012030293078450797,XLF
2005-05-31,XLF,0.00019155628247468064,XLF
2005-06-30,XLF,0.0006588873908821634,XLF
2005-07-31,XLF,0.0006708840865314409,XLF
2005-08-31,XLF,-0.004212133847432857,XLF
2005-09-30,XLF,-0.00377325458952319,XLF
2005-10-31,XLF,-0.007294733696227802,XLF
2005-11-30,XLF,-0.005181634988441814,XLF
2005-12-31,XLF,-0.004977624082027833,XLF
2006-01-31,XLF,-0.004691833316208362,XLF
2006-02-28,XLF,-0.007896079092098947,XLF
2006-03-31,XLF,-0.0008295297036655133,XLF
2006-04-30,XLF,-0.0021237192849966097,XLF
2006-05-31,XLF,0.002710738090824295,XLF
2006-06-30,XLF,0.0019023695574104768,XLF
2006-07-31,XLF,0.0013951234543690327,XLF
2006-08-31,XLF,0.001003517434164023,XLF
2006-09-30,XLF,0.00044018992498481846,XLF
2006-10-31,XLF,0.0022009194853722506,XLF
2006-11-30,XLF,0.0026025413095591772,XLF
2006-12-31,XLF,0.0018346720412160803,XLF
2007-01-31,XLF,6.937135949117244e-05,XLF
2007-02-28,XLF,-2.354858110659142e-05,XLF
2007-03-31,XLF,-0.0006703206712391524,XLF
2007-04-30,XLF,-0.0007219100832158633,XLF
2007-05-31,XLF,-0.001413594645806245,XLF
2007-06-30,XLF,-0.001856734426819687,XLF
2007-07-31,XLF,-0.002547451372549483,XLF
2007-08-31,XLF,-0.00539521199537375,XLF
2007-09-30,XLF,-0.002392285189833762,XLF
2007-10-31,XLF,-0.0026911656818334353,XLF
2007-11-30,XLF,-0.00656240706008109,XLF
2007-12-31,XLF,-0.0072843019184078775,XLF
2008-01-31,XLF,-0.008780577974617988,XLF
2008-02-29,XLF,-0.004839327632275363,XLF
2008-03-31,XLF,-0.007840507710325557,XLF
2008-04-30,XLF,-0.00774069017132587,XLF
2008-05-31,XLF,-0.008116299839133164,XLF
2008-06-30,XLF,-0.007149732047625826,XLF
2008-07-31,XLF,-0.008571379207641951,XLF
2008-08-31,XLF,-0.00428892713005688,XLF
2008-09-30,XLF,-0.00547409966406146,XLF
2008-10-31,XLF,-0.006437485859145081,XLF
2008-11-30,XLF,-0.006149600968663247,XLF
2008-12-31,XLF,-0.005924090595398395,XLF
2009-01-31,XLF,-0.001743089806098704,XLF
2009-02-28,XLF,-0.001727347906869122,XLF
2009-03-31,XLF,-0.0017748663868072268,XLF
2009-04-30,XLF,-0.0017546520706248135,XLF
2009-05-31,XLF,0.0007059210268314867,XLF
2009-06-30,XLF,0.004637641061113014,XLF
2009-07-31,XLF,0.006092306988462392,XLF
2009-08-31,XLF,-0.001558904167227466,XLF
2009-09-30,XLF,-0.00547056935444013,XLF
2009-10-31,XLF,-0.005289846261414986,XLF
2009-11-30,XLF,-0.00526647089628038,XLF
2009-12-31,XLF,-0.005675349926588398,XLF
2010-01-31,XLF,-0.00373908743442382,XLF
2010-02-28,XLF,-0.0034517240064574246,XLF
2010-03-31,XLF,-0.0009444864553995978,XLF
2010-04-30,XLF,0.00024167631437162565,XLF
2010-05-31,XLF,6.640320676688446e-05,XLF
2010-06-30,XLF,0.00283169043323565,XLF
2010-07-31,XLF,0.005749637405356844,XLF
2010-08-31,XLF,0.005788391798539563,XLF
2010-09-30,XLF,0.003867151401483823,XLF
2010-10-31,XLF,0.005184700883061385,XLF
2010-11-30,XLF,0.005209634243818546,XLF
2010-12-31,XLF,0.005452849411110464,XLF
2011-01-31,XLF,0.0074255028736,XLF
2011-02-28,XLF,0.008393943512633449,XLF
2011-03-31,XLF,0.007100721530857431,XLF
2011-04-30,XLF,0.008482687458103284,XLF
2011-05-31,XLF,0.004778087786047824,XLF
2011-06-30,XLF,-0.0034294228220892817,XLF
2011-07-31,XLF,-0.0016907071491076286,XLF
2011-08-31,XLF,-0.0009967749786954807,XLF
2011-09-30,XLF,-0.003848550537248539,XLF
2011-10-31,XLF,-0.004488171960344413,XLF
2011-11-30,XLF,-0.002335017042777228,XLF
2011-12-31,XLF,-0.0021142691547758833,XLF
2012-01-31,XLF,-0.0009514443067201086,XLF
2012-02-29,XLF,-0.00046900528943836974,XLF
2012-03-31,XLF,0.0004509874118023005,XLF
2012-04-30,XLF,0.0017624235002045461,XLF
2012-05-31,XLF,0.0031225752569716703,XLF
2012-06-30,XLF,0.002075323927896928,XLF
2012-07-31,XLF,-2.890059931814036e-05,XLF
2012-08-31,XLF,0.0004324356033846696,XLF
2012-09-30,XLF,-0.00032552560052290236,XLF
2012-10-31,XLF,-0.001877196351150955,XLF
2012-11-30,XLF,-0.0004867821168743408,XLF
2012-12-31,XLF,-0.0009690744474261121,XLF
2013-01-31,XLF,-0.001246521542365247,XLF
2013-02-28,XLF,-0.0015529675521819839,XLF
2013-03-31,XLF,1.5011325098848553e-05,XLF
2013-04-30,XLF,0.00010295412547942518,XLF
2013-05-31,XLF,0.00029910629284077284,XLF
2013-06-30,XLF,-0.00046955917695307506,XLF
2013-07-31,XLF,-0.0005735977255549515,XLF
2013-08-31,XLF,-0.0013691072018614569,XLF
2013-09-30,XLF,-0.0019848703144131185,XLF
2013-10-31,XLF,-0.00137925453366552,XLF
2013-11-30,XLF,-0.0008584105057949984,XLF
2013-12-31,XLF,0.0005003256949284252,XLF
2014-01-31,XLF,-9.564383217438438e-05,XLF
2014-02-28,XLF,-0.0010986970804361443,XLF
2014-03-31,XLF,-0.0014829362928755591,XLF
2014-04-30,XLF,-0.002749643172432579,XLF
2014-05-31,XLF,-0.003458801519124828,XLF
2014-06-30,XLF,-0.001956448527823974,XLF
2014-07-31,XLF,-0.0021382444386412085,XLF
2014-08-31,XLF,-0.0014158452047080216,XLF
2014-09-30,XLF,-0.0013858380095365217,XLF
2014-10-31,XLF,0.000594081183886294,XLF
2014-11-30,XLF,0.002095421656986128,XLF
2014-12-31,XLF,0.0036918433871852025,XLF
2003-08-31,IGV,0.010578098575163225,IGV
2003-09-30,IGV,0.012581320325028553,IGV
2003-10-31,IGV,0.01416005310189261,IGV
2003-11-30,IGV,0.01138837881332212,IGV
2003-12-31,IGV,0.009893738623447817,IGV
2004-01-31,IGV,0.007915072302390365,IGV
2004-02-29,IGV,0.005680252785985541,IGV
2004-03-31,IGV,0.00537693323663737,IGV
2004-04-30,IGV,0.006452627957161238,IGV
2004-05-31,IGV,0.003940411104746144,IGV
2004-06-30,IGV,0.0045745534378537935,IGV
2004-07-31,IGV,0.005597509485560482,IGV
2004-08-31,IGV,0.010324005782410859,IGV
2004-09-30,IGV,0.008476994762492052,IGV
2004-10-31,IGV,0.005878102059483116,IGV
2004-11-30,IGV,0.006051353390123843,IGV
2004-12-31,IGV,0.00436032685945914,IGV
2005-01-31,IGV,0.005275823980022747,IGV
2005-02-28,IGV,-0.0018899328584093744,IGV
2005-03-31,IGV,-0.003227245875122676,IGV
2005-04-30,IGV,0.0001587736486460727,IGV
2005-05-31,IGV,-0.0006967453603672052,IGV
2005-06-30,IGV,0.0007302013915164302,IGV
2005-07-31,IGV,0.0017022706184503513,IGV
2005-08-31,IGV,0.009896050194543739,IGV
2005-09-30,IGV,0.007228954135080084,IGV
2005-10-31,IGV,0.00851727532635457,IGV
2005-11-30,IGV,0.009816546394944047,IGV
2005-12-31,IGV,0.010395153408357588,IGV
2006-01-31,IGV,0.010168226018578514,IGV
2006-02-28,IGV,0.016050348075623673,IGV
2006-03-31,IGV,0.00464214163930316,IGV
2006-04-30,IGV,0.003312510435905849,IGV
2006-05-31,IGV,0.00034995704413273016,IGV
2006-06-30,IGV,-0.001948128674836032,IGV
2006-07-31,IGV,-0.001232398242522608,IGV
2006-08-31,IGV,-0.0032089822561718814,IGV
2006-09-30,IGV,-0.0003433683886225501,IGV
2006-10-31,IGV,-0.0005628417062421131,IGV
2006-11-30,IGV,-0.006180917886877202,IGV
2006-12-31,IGV,-0.005353365051079072,IGV
2007-01-31,IGV,-0.00312725652729361,IGV
2007-02-28,IGV,-0.0033830865846025114,IGV
2007-03-31,IGV,-0.0021120299865182764,IGV
2007-04-30,IGV,-0.002178629463122166,IGV
2007-05-31,IGV,-0.0006342816176814902,IGV
2007-06-30,IGV,-0.0011235293484525887,IGV
2007-07-31,IGV,-0.0015929988211461378,IGV
2007-08-31,IGV,-0.0026837032721992787,IGV
2007-09-30,IGV,-0.0027877632370089827,IGV
2007-10-31,IGV,-0.003776390475188557,IGV
2007-11-30,IGV,-0.005821866067006964,IGV
2007-12-31,IGV,-0.00303492551720864,IGV
2008-01-31,IGV,-0.0013900529293981215,IGV
2008-02-29,IGV,0.0003868688260310494,IGV
2008-03-31,IGV,0.0012683353415254115,IGV
2008-04-30,IGV,0.0026444791991466995,IGV
2008-05-31,IGV,0.0021619881413184653,IGV
2008-06-30,IGV,0.005072656078743667,IGV
2008-07-31,IGV,0.00569982481685751,IGV
2008-08-31,IGV,0.006869152916599079,IGV
2008-09-30,IGV,0.006050340973036035,IGV
2008-10-31,IGV,0.004515505649397279,IGV
2008-11-30,IGV,0.006698584819808457,IGV
2008-12-31,IGV,0.007119831733489531,IGV
2009-01-31,IGV,0.007943400196277326,IGV
2009-02-28,IGV,0.010261275940803588,IGV
2009-03-31,IGV,0.011507586697050758,IGV
2009-04-30,IGV,0.015771445628004737,IGV
2009-05-31,IGV,0.01578035429465174,IGV
2009-06-30,IGV,0.013239515781251347,IGV
2009-07-31,IGV,0.012639984550797314,IGV
2009-08-31,IGV,0.009896389681492476,IGV
2009-09-30,IGV,0.009979016821963893,IGV
2009-10-31,IGV,0.009777103214383725,IGV
2009-11-30,IGV,0.008664516461198854,IGV
2009-12-31,IGV,0.008233061351437898,IGV
2010-01-31,IGV,0.0067626963290892995,IGV
2010-02-28,IGV,0.004416871253954337,IGV
2010-03-31,IGV,0.005673595462383328,IGV
2010-04-30,IGV,0.005054217755563983,IGV
2010-05-31,IGV,0.0054464322175677635,IGV
2010-06-30,IGV,0.004225823851583527,IGV
2010-07-31,IGV,0.0027847012726000533,IGV
2010-08-31,IGV,0.002920559958081192,IGV
2010-09-30,IGV,0.005679982686626384,IGV
2010-10-31,IGV,0.004275327977964843,IGV
2010-11-30,IGV,0.0078036155169510565,IGV
2010-12-31,IGV,0.007729288004416308,IGV
2011-01-31,IGV,0.008777632333634666,IGV
2011-02-28,IGV,0.008564701111030115,IGV
2011-03-31,IGV,0.005063325614632575,IGV
2011-04-30,IGV,0.0016791341574042152,IGV
2011-05-31,IGV,0.0019885695227040362,IGV
2011-06-30,IGV,0.005754422521376047,IGV
2011-07-31,IGV,0.002856257884042558,IGV
2011-08-31,IGV,-0.0005438011267044716,IGV
2011-09-30,IGV,-0.0002124627431848939,IGV
2011-10-31,IGV,-2.2096810130139283e-05,IGV
2011-11-30,IGV,0.002559201011720441,IGV
2011-12-31,IGV,0.0035697638026614287,IGV
2012-01-31,IGV,0.002004324498363982,IGV
2012-02-29,IGV,0.006243198680777276,IGV
2012-03-31,IGV,0.0055082468662965055,IGV
2012-04-30,IGV,0.006002951051994925,IGV
2012-05-31,IGV,0.0038678617030468952,IGV
2012-06-30,IGV,0.003133300984283623,IGV
2012-07-31,IGV,0.0067377429635959215,IGV
2012-08-31,IGV,0.00969105063519897,IGV
2012-09-30,IGV,0.010896108398907823,IGV
2012-10-31,IGV,0.008877868860035215,IGV
2012-11-30,IGV,0.00854999337550844,IGV
2012-12-31,IGV,0.00910139688767508,IGV
2013-01-31,IGV,0.010972073785335053,IGV
2013-02-28,IGV,0.011146409685232589,IGV
2013-03-31,IGV,0.011078050235242833,IGV
2013-04-30,IGV,0.010604533688907323,IGV
2013-05-31,IGV,0.010700596167401651,IGV
2013-06-30,IGV,0.007564961151605565,IGV
2013-07-31,IGV,0.003700629790052623,IGV
2013-08-31,IGV,0.005653943821565572,IGV
2013-09-30,IGV,0.0028942567031717127,IGV
2013-10-31,IGV,-0.003032914840858196,IGV
2013-11-30,IGV,-0.003011944626578657,IGV
2013-12-31,IGV,-0.0028036279048780878,IGV
2014-01-31,IGV,-0.0018993072318480575,IGV
2014-02-28,IGV,-0.0034147355583450433,IGV
2014-03-31,IGV,-0.004151711541998164,IGV
2014-04-30,IGV,-0.003990862395417092,IGV
2014-05-31,IGV,-0.003693045106972166,IGV
2014-06-30,IGV,-0.0037685220595565488,IGV
2014-07-31,IGV,-0.004084186927503124,IGV
2014-08-31,IGV,-0.0008683804980036368,IGV
2014-09-30,IGV,-0.0008919087876043427,IGV
2014-10-31,IGV,-0.0005180826447154902,IGV
2014-11-30,IGV,0.0009145040647799521,IGV
2014-12-31,IGV,0.0001654341565515354,IGV
2003-08-31,SOXX,-0.0029032277349942456,SOXX
2003-09-30,SOXX,0.001411854916581582,SOXX
2003-10-31,SOXX,0.004179480912370706,SOXX
2003-11-30,SOXX,0.0030528950114389972,SOXX
2003-12-31,SOXX,0.002089942181851115,SOXX
2004-01-31,SOXX,-0.0030509083736206914,SOXX
2004-02-29,SOXX,-0.005796453258547114,SOXX
2004-03-31,SOXX,-0.004713459273242432,SOXX
2004-04-30,SOXX,-0.006888610387756521,SOXX
2004-05-31,SOXX,-0.007279476306367409,SOXX
2004-06-30,SOXX,-0.0027959622694385487,SOXX
2004-07-31,SOXX,-0.00397711311678947,SOXX
2004-08-31,SOXX,-0.0010682015878161755,SOXX
2004-09-30,SOXX,-0.0032265028796828795,SOXX
2004-10-31,SOXX,-0.002726200078964237,SOXX
2004-11-30,SOXX,-0.004901289345181529,SOXX
2004-12-31,SOXX,-0.0022274137548182428,SOXX
2005-01-31,SOXX,-0.0023419885699695686,SOXX
2005-02-28,SOXX,0.0059413861066900395,SOXX
2005-03-31,SOXX,-0.008214628947175026,SOXX
2005-04-30,SOXX,-0.009843906431141835,SOXX
2005-05-31,SOXX,-0.007150310215303454,SOXX
2005-06-30,SOXX,-0.0030894507717517533,SOXX
2005-07-31,SOXX,-0.0008291060304789297,SOXX
2005-08-31,SOXX,0.002718701532060162,SOXX
2005-09-30,SOXX,-0.0029762866891700976,SOXX
2005-10-31,SOXX,0.002350769099582633,SOXX
2005-11-30,SOXX,0.003118917388014005,SOXX
2005-12-31,SOXX,0.00044746462928112185,SOXX
2006-01-31,SOXX,-0.002935521829700402,SOXX
2006-02-28,SOXX,0.00539087904279154,SOXX
2006-03-31,SOXX,-0.0022221946170323578,SOXX
2006-04-30,SOXX,-0.0043509059116581365,SOXX
2006-05-31,SOXX,0.0011709790156949357,SOXX
2006-06-30,SOXX,-0.002415433595485711,SOXX
2006-07-31,SOXX,-0.0018701792970625027,SOXX
2006-08-31,SOXX,-0.0019222746658711827,SOXX
2006-09-30,SOXX,0.00317886657152165,SOXX
2006-10-31,SOXX,0.0019123674453510615,SOXX
2006-11-30,SOXX,-0.003702893013610979,SOXX
2006-12-31,SOXX,-0.007165916407236991,SOXX
2007-01-31,SOXX,-0.004630217908313444,SOXX
2007-02-28,SOXX,-0.008912520489205402,SOXX
2007-03-31,SOXX,-0.0023248132295401874,SOXX
2007-04-30,SOXX,-0.005949488035231733,SOXX
2007-05-31,SOXX,-0.006204706442130111,SOXX
2007-06-30,SOXX,-0.007699453964192152,SOXX
2007-07-31,SOXX,-0.001134538013092096,SOXX
2007-08-31,SOXX,-5.147197605688894e-05,SOXX
2007-09-30,SOXX,-0.002503624063895551,SOXX
2007-10-31,SOXX,-0.0037094495583864717,SOXX
2007-11-30,SOXX,-0.0034999801900817045,SOXX
2007-12-31,SOXX,-0.00728708187132098,SOXX
2008-01-31,SOXX,-0.0061867693518766935,SOXX
2008-02-29,SOXX,-0.011779282569287331,SOXX
2008-03-31,SOXX,-0.010067747038144306,SOXX
2008-04-30,SOXX,-0.009000963034752464,SOXX
2008-05-31,SOXX,-0.010879004784541879,SOXX
2008-06-30,SOXX,-0.009161616001447328,SOXX
2008-07-31,SOXX,-0.005974754635353733,SOXX
2008-08-31,SOXX,-0.0111552424846142,SOXX
2008-09-30,SOXX,-0.014227795597886544,SOXX
2008-10-31,SOXX,-0.01498558469987053,SOXX
2008-11-30,SOXX,-0.011291790151640068,SOXX
2008-12-31,SOXX,-0.011433753184479084,SOXX
2009-01-31,SOXX,-0.012615877286696449,SOXX
2009-02-28,SOXX,-0.01208855740373458,SOXX
2009-03-31,SOXX,-0.01324583065641503,SOXX
2009-04-30,SOXX,-0.005547407490364618,SOXX
2009-05-31,SOXX,-0.012345879082125274,SOXX
2009-06-30,SOXX,-0.011807983062385449,SOXX
2009-07-31,SOXX,-0.0162726748208488,SOXX
2009-08-31,SOXX,-0.002036694862896189,SOXX
2009-09-30,SOXX,0.0022212545400997494,SOXX
2009-10-31,SOXX,0.004330294124428729,SOXX
2009-11-30,SOXX,0.009431271232559858,SOXX
2009-12-31,SOXX,0.011118070204904143,SOXX
2010-01-31,SOXX,0.01204366725676852,SOXX
2010-02-28,SOXX,0.0053880693217784725,SOXX
2010-03-31,SOXX,0.006428466239841543,SOXX
2010-04-30,SOXX,0.005638394658860426,SOXX
2010-05-31,SOXX,0.003810266518329525,SOXX
2010-06-30,SOXX,0.003964268123621299,SOXX
2010-07-31,SOXX,0.0026373948471753606,SOXX
2010-08-31,SOXX,0.0061516596576584506,SOXX
2010-09-30,SOXX,0.003419100652279063,SOXX
2010-10-31,SOXX,0.005025707381124452,SOXX
2010-11-30,SOXX,0.0009460609730531947,SOXX
2010-12-31,SOXX,0.0026888849518988413,SOXX
2011-01-31,SOXX,0.0014164408893595861,SOXX
2011-02-28,SOXX,0.003878887028886618,SOXX
2011-03-31,SOXX,-0.004125671355190235,SOXX
2011-04-30,SOXX,-0.009037200357451525,SOXX
2011-05-31,SOXX,-0.007485525317579092,SOXX
2011-06-30,SOXX,-0.005785706879161602,SOXX
2011-07-31,SOXX,-0.008679405444906255,SOXX
2011-08-31,SOXX,-0.00847109908088734,SOXX
2011-09-30,SOXX,-0.010216522199571693,SOXX
2011-10-31,SOXX,-0.00724290203187369,SOXX
2011-11-30,SOXX,-0.0075398375595241325,SOXX
2011-12-31,SOXX,-0.008131848301396448,SOXX
2012-01-31,SOXX,-0.011624149031824418,SOXX
2012-02-29,SOXX,0.0021832854653835287,SOXX
2012-03-31,SOXX,-0.002100485172493076,SOXX
2012-04-30,SOXX,-0.0018773091320076314,SOXX
2012-05-31,SOXX,-0.004845669924328927,SOXX
2012-06-30,SOXX,-0.007803545722260408,SOXX
2012-07-31,SOXX,-0.005030777596545482,SOXX
2012-08-31,SOXX,-0.00711963523852443,SOXX
2012-09-30,SOXX,0.0036223546534172447,SOXX
2012-10-31,SOXX,0.0006847692902458913,SOXX
2012-11-30,SOXX,0.0021533175927838837,SOXX
2012-12-31,SOXX,-0.0005273723113036341,SOXX
2013-01-31,SOXX,0.0034725255714477387,SOXX
2013-02-28,SOXX,0.0026072736127287265,SOXX
2013-03-31,SOXX,0.0036694118380794587,SOXX
2013-04-30,SOXX,0.004677097648479764,SOXX
2013-05-31,SOXX,0.004922374878433546,SOXX
2013-06-30,SOXX,0.006685767900357161,SOXX
2013-07-31,SOXX,0.007526901210529223,SOXX
2013-08-31,SOXX,0.008138257816022367,SOXX
2013-09-30,SOXX,0.0017585231289972397,SOXX
2013-10-31,SOXX,-0.0018058312766056515,SOXX
2013-11-30,SOXX,-0.002136953264034093,SOXX
2013-12-31,SOXX,-0.002612653070140994,SOXX
2014-01-31,SOXX,-0.0019916070887591826,SOXX
2014-02-28,SOXX,-0.003794122776861956,SOXX
2014-03-31,SOXX,-0.0031132962309381703,SOXX
2014-04-30,SOXX,-0.00016436124555977696,SOXX
2014-05-31,SOXX,0.0012094641794204415,SOXX
2014-06-30,SOXX,0.0023429896964789216,SOXX
2014-07-31,SOXX,0.0027359898265867794,SOXX
2014-08-31,SOXX,0.0021270165632221285,SOXX
2014-09-30,SOXX,0.0021498208446354304,SOXX
2014-10-31,SOXX,0.004416639270503893,SOXX
2014-11-30,SOXX,0.005136917077447095,SOXX
2014-12-31,SOXX,0.0045193909353269494,SOXX
2002-02-28,XBI,-0.0021986810802902407,XBI
2002-03-31,XBI,0.0014925156683861102,XBI
2002-04-30,XBI,-0.0036703661889169598,XBI
2002-05-31,XBI,0.007986792228534795,XBI
2002-06-30,XBI,-0.0068561203680731625,XBI
2002-07-31,XBI,-0.017814343144499804,XBI
2002-08-31,XBI,0.00045160044136573554,XBI
2002-09-30,XBI,-0.0022789942745423154,XBI
2002-10-31,XBI,-0.001991476667425114,XBI
2002-11-30,XBI,-0.0031332103769168597,XBI
2002-12-31,XBI,-0.0062989784928567695,XBI
2003-01-31,XBI,-0.008962623218454185,XBI
2003-02-28,XBI,0.0058562187646455256,XBI
2003-03-31,XBI,0.006171467391861703,XBI
2003-04-30,XBI,0.010954051929612829,XBI
2003-05-31,XBI,0.014815259599385355,XBI
2003-06-30,XBI,0.018303134352349835,XBI
2003-07-31,XBI,0.018364825234470916,XBI
2003-08-31,XBI,0.01982152014627439,XBI
2003-09-30,XBI,0.01818807599410146,XBI
2003-10-31,XBI,0.01777508818981658,XBI
2003-11-30,XBI,0.017153653842132657,XBI
2003-12-31,XBI,0.015711499393279215,XBI
2004-01-31,XBI,0.019694092371349444,XBI
2004-02-29,XBI,0.02120233058170917,XBI
2004-03-31,XBI,0.026296545151941617,XBI
2004-04-30,XBI,0.02470505972178836,XBI
2004-05-31,XBI,0.025645230439512817,XBI
2004-06-30,XBI,0.02199452397730113,XBI
2004-07-31,XBI,0.021070198652895077,XBI
2004-08-31,XBI,0.017653123398648274,XBI
2004-09-30,XBI,0.01884946109555518,XBI
2004-10-31,XBI,0.01819625618277268,XBI
2004-11-30,XBI,0.013510864551712572,XBI
2004-12-31,XBI,0.019774067825929456,XBI
2005-01-31,XBI,0.020198401977475328,XBI
2005-02-28,XBI,0.014127907922666166,XBI
2005-03-31,XBI,0.01479680120650614,XBI
2005-04-30,XBI,0.020076698252750564,XBI
2005-05-31,XBI,0.027972570551639472,XBI
2005-06-30,XBI,0.025781725485530968,XBI
2005-07-31,XBI,0.025040344258703925,XBI
2005-08-31,XBI,0.023187385182366238,XBI
2005-09-30,XBI,0.024733177552238438,XBI
2005-10-31,XBI,0.024685577376423466,XBI
2005-11-30,XBI,0.023087284716285506,XBI
2005-12-31,XBI,0.022828901431571694,XBI
2006-01-31,XBI,0.018877146849488415,XBI
2008-03-31,XBI,-0.00716004917371571,XBI
2008-04-30,XBI,-0.0018871879959258108,XBI
2008-05-31,XBI,-0.0007709825847746904,XBI
2008-06-30,XBI,-0.00041712754702343,XBI
2008-07-31,XBI,-0.0005803245150602294,XBI
2008-08-31,XBI,0.022616760280428153,XBI
2008-09-30,XBI,0.022654020402976982,XBI
2008-10-31,XBI,0.023864294016959886,XBI
2008-11-30,XBI,0.02082765441359152,XBI
2008-12-31,XBI,0.0228007469795144,XBI
2009-01-31,XBI,0.037413468481664804,XBI
2009-02-28,XBI,0.03821970866800888,XBI
2009-03-31,XBI,0.04032871403902512,XBI
2009-04-30,XBI,0.03172617528146214,XBI
2009-05-31,XBI,0.018807963072835422,XBI
2009-06-30,XBI,0.017764835978631988,XBI
2009-07-31,XBI,0.022424174781473183,XBI
2009-08-31,XBI,0.027643151306935784,XBI
2009-09-30,XBI,0.013546846670741172,XBI
2009-10-31,XBI,0.012035779263207026,XBI
2009-11-30,XBI,0.009470715438532609,XBI
2009-12-31,XBI,0.01255602103477244,XBI
2010-01-31,XBI,0.014050244058064093,XBI
2010-02-28,XBI,0.014542670244557887,XBI
2010-03-31,XBI,0.015536491902477832,XBI
2010-04-30,XBI,0.01650741209628692,XBI
2010-05-31,XBI,0.013364121005925735,XBI
2010-06-30,XBI,0.008671891353522082,XBI
2010-07-31,XBI,0.00601754976301337,XBI
2010-08-31,XBI,-0.0017362307955738204,XBI
2010-09-30,XBI,-0.00013776546425208099,XBI
2010-10-31,XBI,-0.0028002150492282586,XBI
2010-11-30,XBI,-0.00887913239999362,XBI
2010-12-31,XBI,-0.010528373679483349,XBI
2011-01-31,XBI,-0.01641240724500068,XBI
2011-02-28,XBI,-0.017141185621223142,XBI
2011-03-31,XBI,-0.013553157864952578,XBI
2011-04-30,XBI,-0.009466417184985892,XBI
2011-05-31,XBI,-0.002042486508541431,XBI
2011-06-30,XBI,0.005252936886457548,XBI
2011-07-31,XBI,0.0033517000236825446,XBI
2011-08-31,XBI,0.004276638754018948,XBI
2011-09-30,XBI,0.005459565957813373,XBI
2011-10-31,XBI,0.009210542715084943,XBI
2011-11-30,XBI,0.0035444725540084362,XBI
2011-12-31,XBI,0.0024903311317174114,XBI
2012-01-31,XBI,0.0023682497575817606,XBI
2012-02-29,XBI,0.003214848972041392,XBI
2012-03-31,XBI,0.0012908025180351987,XBI
2012-04-30,XBI,0.0023818950024494623,XBI
2012-05-31,XBI,0.004956034191555718,XBI
2012-06-30,XBI,0.01190820957280208,XBI
2012-07-31,XBI,0.017422885922152895,XBI
2012-08-31,XBI,0.018131151132215962,XBI
2012-09-30,XBI,0.01358227608607748,XBI
2012-10-31,XBI,0.014759003390128431,XBI
2012-11-30,XBI,0.006765555586563913,XBI
2012-12-31,XBI,0.011084199786531275,XBI
2013-01-31,XBI,0.01262142300000004,XBI
2013-02-28,XBI,0.013570766603086317,XBI
2013-03-31,XBI,0.014345477642133946,XBI
2013-04-30,XBI,0.014942902496176347,XBI
2013-05-31,XBI,0.014093459389141683,XBI
2013-06-30,XBI,0.016336712326610103,XBI
2013-07-31,XBI,0.008601605535075257,XBI
2013-08-31,XBI,0.009217111107910651,XBI
2013-09-30,XBI,0.010062942682554659,XBI
2013-10-31,XBI,0.006762910912438479,XBI
2013-11-30,XBI,0.003020724420795786,XBI
2013-12-31,XBI,0.004644665264838499,XBI
2014-01-31,XBI,0.0021686084472258976,XBI
2014-02-28,XBI,0.007142996221208224,XBI
2014-03-31,XBI,0.008775057927492214,XBI
2014-04-30,XBI,0.011053020135888283,XBI
2014-05-31,XBI,0.011548574868849458,XBI
2014-06-30,XBI,0.0020175087846434625,XBI
2014-07-31,XBI,0.004367096448611482,XBI
2014-08-31,XBI,0.0037040457224227254,XBI
2014-09-30,XBI,0.0036372555701802076,XBI
2014-10-31,XBI,0.003089962048412241,XBI
2014-11-30,XBI,0.007053775096997141,XBI
2014-12-31,XBI,0.0034534765466238595,XBI
2002-06-30,FDN,0.017716236799231844,FDN
2002-07-31,FDN,0.019228200569497422,FDN
2002-08-31,FDN,0.016017624691898727,FDN
2002-09-30,FDN,0.010641579581890975,FDN
2002-10-31,FDN,0.00819608601923569,FDN
2002-11-30,FDN,0.015054436620603955,FDN
2002-12-31,FDN,0.019362892819451277,FDN
2003-01-31,FDN,0.019569139320477578,FDN
2003-02-28,FDN,0.019099186793966008,FDN
2003-03-31,FDN,0.0200663555756303,FDN
2003-04-30,FDN,0.016183242630892082,FDN
2003-05-31,FDN,0.012920542402826116,FDN
2003-06-30,FDN,0.012898832229218254,FDN
2003-07-31,FDN,0.010483913085028407,FDN
2003-08-31,FDN,0.007754469923726408,FDN
2003-09-30,FDN,0.009004020223104372,FDN
2003-10-31,FDN,0.011858504240343145,FDN
2003-11-30,FDN,0.00930218221556189,FDN
2003-12-31,FDN,0.00790729392829113,FDN
2004-01-31,FDN,0.005448789174180995,FDN
2004-02-29,FDN,0.004093091602732104,FDN
2004-03-31,FDN,0.001624924096662022,FDN
2004-04-30,FDN,0.0010716463651837312,FDN
2004-05-31,FDN,-0.0004694060927689248,FDN
2004-06-30,FDN,0.001887105898789332,FDN
2004-07-31,FDN,0.0023565931478493236,FDN
2004-08-31,FDN,0.006493475662320965,FDN
2004-09-30,FDN,0.00274287597167924,FDN
2004-10-31,FDN,0.004237266545700982,FDN
2004-11-30,FDN,0.0016463389795761396,FDN
2004-12-31,FDN,-9.822866817628482e-05,FDN
2005-01-31,FDN,0.0001773746207115504,FDN
2005-02-28,FDN,0.001063473236851067,FDN
2005-03-31,FDN,-0.0035746261174532364,FDN
2005-04-30,FDN,-0.0034350762748967274,FDN
2005-05-31,FDN,-0.0025546325814511392,FDN
2005-06-30,FDN,7.760287852408981e-05,FDN
2005-07-31,FDN,0.0011658524431976403,FDN
2005-08-31,FDN,0.004809692970368135,FDN
2005-09-30,FDN,0.00370631026881431,FDN
2005-10-31,FDN,0.004039889738451765,FDN
2005-11-30,FDN,0.004574106340405875,FDN
2005-12-31,FDN,0.005997464189860349,FDN
2006-01-31,FDN,0.00237647310917629,FDN
2006-02-28,FDN,0.005862041630545755,FDN
2006-03-31,FDN,-0.0006058963769650597,FDN
2006-04-30,FDN,-0.0007482727235071356,FDN
2006-05-31,FDN,0.0039007609698636326,FDN
2006-06-30,FDN,0.0013927664447509662,FDN
2006-07-31,FDN,0.001179323515904735,FDN
2006-08-31,FDN,0.003171953549176881,FDN
2006-09-30,FDN,0.005020908683388011,FDN
2006-10-31,FDN,0.0065030350277832496,FDN
2006-11-30,FDN,0.005283552951177036,FDN
2006-12-31,FDN,0.006119521064807173,FDN
2007-01-31,FDN,0.005868463219075845,FDN
2007-02-28,FDN,0.006002122978250891,FDN
2007-03-31,FDN,0.004892874383408803,FDN
2007-04-30,FDN,0.0009006382115873159,FDN
2007-05-31,FDN,0.00020191052106913058,FDN
2007-06-30,FDN,0.0006469528981663782,FDN
2007-07-31,FDN,0.0005631718068900781,FDN
2007-08-31,FDN,-0.0034276876459554935,FDN
2007-09-30,FDN,-0.006386041294636359,FDN
2007-10-31,FDN,-0.006569471400830113,FDN
2007-11-30,FDN,-0.0084252134936642,FDN
2007-12-31,FDN,-0.0078115981160573195,FDN
2008-01-31,FDN,-0.007924209043074514,FDN
2008-02-29,FDN,-0.004214638606879385,FDN
2008-03-31,FDN,-0.0014183966593434218,FDN
2008-04-30,FDN,0.0009738247608190793,FDN
2008-05-31,FDN,0.0007390825199746746,FDN
2008-06-30,FDN,-0.0010949923625146855,FDN
2008-07-31,FDN,2.3960743109003105e-05,FDN
2008-08-31,FDN,0.0024096043724058294,FDN
2008-09-30,FDN,-5.2213609175669716e-05,FDN
2008-10-31,FDN,0.0005359677975468706,FDN
2008-11-30,FDN,0.0004853225585725288,FDN
2008-12-31,FDN,0.0002210652039689679,FDN
2009-01-31,FDN,0.003842646124344873,FDN
2009-02-28,FDN,0.0022609871391275106,FDN
2009-03-31,FDN,0.0031235807358345642,FDN
2009-04-30,FDN,0.001524792212091633,FDN
2009-05-31,FDN,0.0014493861413234603,FDN
2009-06-30,FDN,0.0014406392461049286,FDN
2009-07-31,FDN,-0.002297257885969812,FDN
2009-08-31,FDN,0.004065474055435044,FDN
2009-09-30,FDN,0.010886907089423086,FDN
2009-10-31,FDN,0.010305578376129835,FDN
2009-11-30,FDN,0.00992434134287475,FDN
2009-12-31,FDN,0.010100261772044006,FDN
2010-01-31,FDN,0.011339795402550297,FDN
2010-02-28,FDN,0.009362189504600016,FDN
2010-03-31,FDN,0.007362774403065238,FDN
2010-04-30,FDN,0.008387009226307295,FDN
2010-05-31,FDN,0.007185946517361284,FDN
2010-06-30,FDN,0.00819848517873203,FDN
2010-07-31,FDN,0.006820642794922536,FDN
2010-08-31,FDN,0.007335391927148632,FDN
2010-09-30,FDN,0.012582798646440515,FDN
2010-10-31,FDN,0.013939469539541121,FDN
2010-11-30,FDN,0.017765810664205735,FDN
2010-12-31,FDN,0.018890051197125078,FDN
2011-01-31,FDN,0.017378362180378772,FDN
2011-02-28,FDN,0.016565600639215486,FDN
2011-03-31,FDN,0.00738968734509971,FDN
2011-04-30,FDN,0.008517681251699681,FDN
2011-05-31,FDN,0.006914111568808919,FDN
2011-06-30,FDN,0.00657728621722798,FDN
2011-07-31,FDN,0.005441312293196903,FDN
2011-08-31,FDN,0.004493492586001443,FDN
2011-09-30,FDN,0.0018829583353431722,FDN
2011-10-31,FDN,0.0008100550883780918,FDN
2011-11-30,FDN,4.589057056179381e-05,FDN
2011-12-31,FDN,0.000394330699931467,FDN
2012-01-31,FDN,0.0006219278266856379,FDN
2012-02-29,FDN,-0.00010229294445838685,FDN
2012-03-31,FDN,-0.00040830290297217027,FDN
2012-04-30,FDN,-0.0006263764664688008,FDN
2012-05-31,FDN,-0.0012904280191655786,FDN
2012-06-30,FDN,-0.003006919105244983,FDN
2012-07-31,FDN,-0.0019673511749945752,FDN
2012-08-31,FDN,-0.0011585852454841991,FDN
2012-09-30,FDN,-0.005982819328579475,FDN
2012-10-31,FDN,-0.0041991104378742705,FDN
2012-11-30,FDN,-0.00302851240198335,FDN
2012-12-31,FDN,-0.0017609790454906275,FDN
2013-01-31,FDN,-0.0005397696082163157,FDN
2013-02-28,FDN,0.0003947968805322528,FDN
2013-03-31,FDN,0.0009088856219365534,FDN
2013-04-30,FDN,0.00068728080001576,FDN
2013-05-31,FDN,0.000503030226692128,FDN
2013-06-30,FDN,0.0017829671958911478,FDN
2013-07-31,FDN,0.0013924070640098645,FDN
2013-08-31,FDN,0.0009162155098962426,FDN
2013-09-30,FDN,0.004736279472080433,FDN
2013-10-31,FDN,0.006922434093593851,FDN
2013-11-30,FDN,0.006811094858210475,FDN
2013-12-31,FDN,0.007530668676388492,FDN
2014-01-31,FDN,0.00844974796040771,FDN
2014-02-28,FDN,0.008405601641121195,FDN
2014-03-31,FDN,0.008657155115703826,FDN
2014-04-30,FDN,0.006034758355319282,FDN
2014-05-31,FDN,0.004931394674253966,FDN
2014-06-30,FDN,0.0018845400602102366,FDN
2014-07-31,FDN,0.0009236409777128637,FDN
2014-08-31,FDN,0.003031952410791781,FDN
2014-09-30,FDN,0.0029498696935213635,FDN
2014-10-31,FDN,0.002987115340302786,FDN
2014-11-30,FDN,-0.0009616753111629542,FDN
2014-12-31,FDN,-0.005777694218772288,FDN
2007-04-30,ICLN,-0.0028396601786714456,ICLN
2007-05-31,ICLN,-0.0023526725517823664,ICLN
2007-06-30,ICLN,-0.0016369639112323439,ICLN
2007-07-31,ICLN,0.004769143723372125,ICLN
2007-08-31,ICLN,0.015783394876506873,ICLN
2007-09-30,ICLN,0.006905059414436988,ICLN
2007-10-31,ICLN,0.008065562976999355,ICLN
2007-11-30,ICLN,0.01803281197945714,ICLN
2007-12-31,ICLN,0.01931503705184277,ICLN
2008-01-31,ICLN,0.024704646856538504,ICLN
2008-02-29,ICLN,0.008238686172841122,ICLN
2008-03-31,ICLN,0.005249110574134484,ICLN
2008-04-30,ICLN,0.004700726166501849,ICLN
2008-05-31,ICLN,0.0012582853974546435,ICLN
2008-06-30,ICLN,-0.001457675887297654,ICLN
2010-07-31,ICLN,-0.029642359978471818,ICLN
2010-08-31,ICLN,-0.031312240567365035,ICLN
2010-09-30,ICLN,-0.027986701524256256,ICLN
2010-10-31,ICLN,-0.029750065404733378,ICLN
2010-11-30,ICLN,-0.030109544003486602,ICLN
2010-12-31,ICLN,-0.03474121707275357,ICLN
2011-01-31,ICLN,-0.036178398345167076,ICLN
2011-02-28,ICLN,-0.03540010394922828,ICLN
2011-03-31,ICLN,-0.03196167288894925,ICLN
2011-04-30,ICLN,-0.02317334168569595,ICLN
2011-05-31,ICLN,-0.027662187541227935,ICLN
2011-06-30,ICLN,-0.0323697745966142,ICLN
2011-07-31,ICLN,-0.02780485113056628,ICLN
2011-08-31,ICLN,-0.029841229013258065,ICLN
2011-09-30,ICLN,-0.02433143648726114,ICLN
2011-10-31,ICLN,-0.030622040390477848,ICLN
2011-11-30,ICLN,-0.04259337238318784,ICLN
2011-12-31,ICLN,-0.04297246596965668,ICLN
2012-01-31,ICLN,-0.044786150431494545,ICLN
2012-02-29,ICLN,-0.037861579885500735,ICLN
2012-03-31,ICLN,-0.0333381141890832,ICLN
2012-04-30,ICLN,-0.03746479885367984,ICLN
2012-05-31,ICLN,-0.04031172367656621,ICLN
2012-06-30,ICLN,-0.0390340172607641,ICLN
2012-07-31,ICLN,-0.04098905772928142,ICLN
2012-08-31,ICLN,-0.03632414457362161,ICLN
2012-09-30,ICLN,-0.04036156418669351,ICLN
2012-10-31,ICLN,-0.03690821002874779,ICLN
2012-11-30,ICLN,-0.03633957697909082,ICLN
2012-12-31,ICLN,-0.028540831310374895,ICLN
2013-01-31,ICLN,-0.024078596757756487,ICLN
2013-02-28,ICLN,-0.02773598016575315,ICLN
2013-03-31,ICLN,-0.025591267401534924,ICLN
2013-04-30,ICLN,-0.029316894480614118,ICLN
2013-05-31,ICLN,-0.029855890523222423,ICLN
2013-06-30,ICLN,-0.03126516745293587,ICLN
2013-07-31,ICLN,-0.02955853204432484,ICLN
2013-08-31,ICLN,-0.025367690339953907,ICLN
2013-09-30,ICLN,-0.027433615113886284,ICLN
2013-10-31,ICLN,-0.0053646685231143855,ICLN
2013-11-30,ICLN,-0.009736173699239821,ICLN
2013-12-31,ICLN,-0.010989445403234922,ICLN
2014-01-31,ICLN,-0.011610011668107295,ICLN
2014-02-28,ICLN,-0.009590657719313285,ICLN
2014-03-31,ICLN,-0.00881991213852108,ICLN
2014-04-30,ICLN,-0.006049366974615769,ICLN
2014-05-31,ICLN,-0.004454548105578469,ICLN
2014-06-30,ICLN,-0.0004706923558636779,ICLN
2014-07-31,ICLN,-0.0010266931360184161,ICLN
2014-08-31,ICLN,0.0034980725593906294,ICLN
2014-09-30,ICLN,0.003411833925225852,ICLN
2014-10-31,ICLN,0.0009943792079606792,ICLN
2014-11-30,ICLN,-0.0025697978167944363,ICLN
2014-12-31,ICLN,-0.006894871120422119,ICLN
