company_id,investor_name,sector,series_a_date,series_a_qtr,series_b_date,is_silent
c:1010,Venrock,IGV,2008-01-30,2008-03-31,2008-11-10,False
c:10159,InterWest Partners,IGV,2007-11-12,2007-12-31,2008-08-26,False
c:10179,Draper Fisher Jurvetson (DFJ),IGV,2009-01-19,2009-03-31,2009-11-18,False
c:10179,New Enterprise Associates,IGV,2009-01-19,2009-03-31,2009-11-18,False
c:101893,Union Square Ventures,IGV,2012-09-05,2012-09-30,2013-07-23,False
c:1020,Polaris Partners,IGV,2006-06-23,2006-06-30,2007-10-01,False
c:102447,Andreessen Horowitz,IGV,2011-09-08,2011-09-30,2012-11-13,False
c:102447,In-Q-Tel,IGV,2011-09-08,2011-09-30,2012-11-13,False
c:104377,Canaan Partners,IGV,2006-09-01,2006-09-30,2008-01-01,False
c:10480,Mission Ventures,IGV,2007-03-01,2007-03-31,2009-04-14,False
c:10480,Selby Venture Partners,IGV,2007-03-01,2007-03-31,2009-04-14,False
c:1053,Shasta Ventures,IGV,2007-12-18,2007-12-31,2008-09-18,False
c:1053,Shasta Ventures,IGV,2006-11-21,2006-12-31,2008-09-18,False
c:10544,European Founders Fund,IGV,2008-09-04,2008-09-30,2009-05-01,True
c:1056,Benchmark,IGV,2007-12-07,2007-12-31,2009-08-18,False
c:10583,Fidelity Ventures,IGV,2008-09-03,2008-09-30,2010-03-02,True
c:10610,Clearstone Venture Partners,IGV,2008-12-01,2008-12-31,2010-06-28,False
c:10610,Shasta Ventures,IGV,2008-12-01,2008-12-31,2010-06-28,False
c:1062,New Enterprise Associates,XBI,2007-05-01,2007-06-30,2009-06-18,True
c:1063,Accel Partners,IGV,2007-03-05,2007-03-31,2007-10-01,False
c:1067,SV Angel,IGV,2007-07-01,2007-09-30,2007-12-01,True
c:1069,Accel Partners,IGV,2008-03-12,2008-03-31,2008-06-18,False
c:10716,Highland Capital Partners,IGV,2007-03-01,2007-03-31,2009-05-21,False
c:10716,Polaris Partners,IGV,2007-03-01,2007-03-31,2009-05-21,False
c:1078,Atomico,SOXX,2007-10-01,2007-12-31,2011-02-28,False
c:1078,Index Ventures,SOXX,2007-10-01,2007-12-31,2011-02-28,False
c:1078,New Enterprise Associates,SOXX,2007-10-01,2007-12-31,2011-02-28,False
c:1078,First Round Capital,SOXX,2007-10-01,2007-12-31,2011-02-28,False
c:10817,Ron Conway,IGV,2009-09-01,2009-09-30,2013-06-26,True
c:1088,Spark Capital,IGV,2007-10-31,2007-12-31,2008-12-11,False
c:1088,Union Square Ventures,IGV,2007-10-31,2007-12-31,2008-12-11,False
c:109,First Round Capital,IGV,2007-05-08,2007-06-30,2008-10-29,False
c:1090,Leapfrog Ventures,IGV,2006-04-01,2006-06-30,2008-02-01,True
c:1092,Kleiner Perkins Caufield & Byers,IGV,2006-01-01,2006-03-31,2007-02-12,False
c:109480,Matrix Partners,IGV,2011-09-21,2011-09-30,2012-07-26,False
c:1101,Greylock Partners,IGV,2007-03-26,2007-03-31,2008-07-24,False
c:1103,Index Ventures,IGV,2008-12-17,2008-12-31,2012-03-08,True
c:1105,Bessemer Venture Partners,IGV,2007-12-01,2007-12-31,2008-10-13,False
c:110668,Battery Ventures,IGV,2012-02-23,2012-03-31,2013-12-10,False
c:11118,Spark Capital,IGV,2011-11-30,2011-12-31,2013-09-26,False
c:11118,True Ventures,IGV,2011-11-30,2011-12-31,2013-09-26,False
c:11279,Bessemer Venture Partners,IGV,2006-01-01,2006-03-31,2007-02-14,False
c:11391,New Enterprise Associates,IGV,2008-01-01,2008-03-31,2009-12-01,False
c:11423,Venrock,IGV,2007-11-09,2007-12-31,2010-01-11,True
c:116174,Nexus Venture Partners,IGV,2012-04-13,2012-06-30,2013-09-01,False
c:1163,SV Angel,IGV,2007-02-20,2007-03-31,2008-02-01,True
c:11642,Lightspeed Venture Partners,SOXX,2008-09-01,2008-09-30,2011-02-23,False
c:11814,Intel Capital,IGV,2006-09-30,2006-09-30,2008-02-01,True
c:11837,vSpring Capital,IGV,2007-08-01,2007-09-30,2008-02-25,False
c:11888,Trinity Ventures,IGV,2008-10-03,2008-12-31,2010-03-22,False
c:11888,InterWest Partners,IGV,2008-10-03,2008-12-31,2010-03-22,False
c:11888,Leapfrog Ventures,IGV,2008-10-03,2008-12-31,2010-03-22,False
c:11906,Draper Richards,IGV,2007-08-01,2007-09-30,2012-05-01,True
c:1199,Benchmark,IGV,2007-02-01,2007-03-31,2008-03-09,False
c:1199,First Round Capital,IGV,2007-02-01,2007-03-31,2008-03-09,False
c:12,SV Angel,IGV,2007-07-01,2007-09-30,2008-05-01,True
c:12007,RRE Ventures,IGV,2011-09-01,2011-09-30,2013-02-11,False
c:12007,DFJ Gotham Ventures,IGV,2011-09-01,2011-09-30,2013-02-11,False
c:12007,Lerer Ventures,IGV,2011-09-01,2011-09-30,2013-02-11,True
c:1209,Intel Capital,IGV,2006-09-01,2006-09-30,2008-01-01,False
c:12099,New Enterprise Associates,SOXX,2006-03-01,2006-03-31,2007-11-20,False
c:12099,New Enterprise Associates,SOXX,2006-07-01,2006-09-30,2007-11-20,False
c:1212,Cisco,IGV,2007-10-01,2007-12-31,2008-05-20,True
c:1212,Cisco,IGV,2007-10-30,2007-12-31,2008-05-20,True
c:12173,Benchmark,IGV,2007-05-08,2007-06-30,2008-01-01,False
c:12232,Morgenthaler Ventures,IGV,2008-10-13,2008-12-31,2009-11-24,False
c:12232,Menlo Ventures,IGV,2008-10-13,2008-12-31,2009-11-24,False
c:12272,Accel Partners,IGV,2009-03-16,2009-03-31,2009-06-02,False
c:12272,SV Angel,IGV,2009-03-16,2009-03-31,2009-06-02,True
c:12281,Benchmark,IGV,2010-09-14,2010-09-30,2012-02-22,False
c:12281,Accel Partners,IGV,2010-09-14,2010-09-30,2012-02-22,False
c:1234,General Catalyst Partners,IGV,2006-05-01,2006-06-30,2007-10-01,False
c:1234,SV Angel,IGV,2006-05-01,2006-06-30,2007-10-01,True
c:1234,Comcast Ventures,IGV,2006-10-24,2006-12-31,2007-10-01,False
c:1234,General Catalyst Partners,IGV,2006-10-24,2006-12-31,2007-10-01,False
c:12348,500 Startups,IGV,2010-04-26,2010-06-30,2011-12-01,True
c:12348,Felicis Ventures,IGV,2010-04-26,2010-06-30,2011-12-01,True
c:12348,SoftTech VC,IGV,2010-04-26,2010-06-30,2011-12-01,True
c:12349,General Catalyst Partners,IGV,2009-01-22,2009-03-31,2009-08-12,False
c:12349,General Catalyst Partners,IGV,2008-11-24,2008-12-31,2009-08-12,False
c:1236,Kleiner Perkins Caufield & Byers,IGV,2006-11-01,2006-12-31,2008-05-27,False
c:12423,Novak Biddle Venture Partners,IGV,2006-08-17,2006-09-30,2008-10-09,True
c:1283,SV Angel,IGV,2006-06-05,2006-06-30,2007-09-01,True
c:129,Atlas Venture,IGV,2006-08-01,2006-09-30,2007-08-01,True
c:13,Accel Partners,IGV,2009-04-13,2009-06-30,2011-03-09,False
c:13,First Round Capital,IGV,2009-04-13,2009-06-30,2011-03-09,False
c:13,SV Angel,IGV,2009-04-13,2009-06-30,2011-03-09,True
c:130,Prism Venture Management,IGV,2006-06-01,2006-06-30,2007-08-01,False
c:1301,Lightspeed Venture Partners,IGV,2007-09-01,2007-09-30,2008-12-01,False
c:1303,Sigma Partners,IGV,2007-09-01,2007-09-30,2009-05-05,False
c:1308,Felicis Ventures,IGV,2008-07-01,2008-09-30,2012-09-24,True
c:1308,Timothy Draper,IGV,2008-07-01,2008-09-30,2012-09-24,True
c:13082,Canaan Partners,IGV,2006-04-28,2006-06-30,2007-01-10,False
c:131,First Round Capital,IGV,2007-01-01,2007-03-31,2007-03-01,True
c:131,Lightspeed Venture Partners,IGV,2007-01-01,2007-03-31,2007-03-01,False
c:13101,SV Angel,IGV,2010-06-30,2010-06-30,2011-06-21,True
c:13101,RRE Ventures,IGV,2010-06-30,2010-06-30,2011-06-21,False
c:13101,Jason Finger,IGV,2010-06-30,2010-06-30,2011-06-21,True
c:1319,Lightspeed Venture Partners,IGV,2007-02-21,2007-03-31,2007-10-08,False
c:13245,Prism Venture Management,IGV,2009-09-15,2009-09-30,2010-12-08,False
c:132476,Avalon Ventures,IGV,2012-10-19,2012-12-31,2008-11-24,False
c:13365,Khosla Ventures,IGV,2009-12-22,2009-12-31,2010-05-18,False
c:133774,Greylock Partners,IGV,2012-01-18,2012-03-31,2013-06-13,False
c:1342,Austin Ventures,IGV,2006-11-01,2006-12-31,2007-11-01,False
c:1349,Hummer Winblad Venture Partners,IGV,2006-12-01,2006-12-31,2007-10-01,False
c:13539,Kleiner Perkins Caufield & Byers,IGV,2006-06-12,2006-06-30,2009-01-06,False
c:13662,Lightspeed Venture Partners,IGV,2010-03-01,2010-03-31,2012-01-10,False
c:137742,RRE Ventures,SOXX,2008-11-01,2008-12-31,2011-12-20,True
c:1379,Greylock Partners,IGV,2006-10-01,2006-12-31,2007-07-01,False
c:13796,In-Q-Tel,IGV,2009-10-05,2009-12-31,2012-05-04,True
c:13807,Union Square Ventures,IGV,2009-12-30,2009-12-31,2010-11-09,False
c:13807,Founders Fund,IGV,2009-12-30,2009-12-31,2010-11-09,True
c:13807,Bessemer Venture Partners,IGV,2009-12-30,2009-12-31,2010-11-09,False
c:13816,Venrock,IGV,2008-10-24,2008-12-31,2010-06-08,False
c:138502,Nexus Venture Partners,IGV,2011-01-01,2011-03-31,2011-09-01,False
c:138870,Third Rock Ventures,XBI,2011-10-18,2011-12-31,2013-10-16,False
c:13922,Kleiner Perkins Caufield & Byers,IGV,2008-09-17,2008-09-30,2009-07-22,False
c:13927,European Founders Fund,IGV,2009-08-05,2009-09-30,2011-03-09,False
c:13927,Safeguard Scientifics,IGV,2009-08-05,2009-09-30,2011-03-09,True
c:139295,New Enterprise Associates,XBI,2011-10-20,2011-12-31,2013-06-11,False
c:139295,Canaan Partners,XBI,2011-10-20,2011-12-31,2013-06-11,False
c:13997,Emergence Capital Partners,IGV,2008-11-24,2008-12-31,2010-10-26,False
c:14,Benchmark,IGV,2007-05-01,2007-06-30,2008-03-16,False
c:1400,Greycroft Partners,IGV,2007-10-01,2007-12-31,2009-04-14,True
c:14028,Sigma Partners,IGV,2008-01-01,2008-03-31,2008-11-18,False
c:14053,Sierra Ventures,IGV,2008-11-21,2008-12-31,2010-02-09,False
c:140797,New Enterprise Associates,IGV,2011-11-03,2011-12-31,2013-02-21,False
c:140879,Index Ventures,IGV,2012-03-05,2012-03-31,2012-08-26,False
c:141367,High Country Venture,SOXX,2011-11-08,2011-12-31,2013-11-07,False
c:141939,Northzone,IGV,2012-05-14,2012-06-30,2013-04-11,False
c:142011,Lightspeed Venture Partners,IGV,2011-11-15,2011-12-31,2012-07-10,False
c:143420,Google Ventures,IGV,2011-12-01,2011-12-31,2013-10-29,False
c:143420,Khosla Ventures,IGV,2011-12-01,2011-12-31,2013-10-29,False
c:143830,Mayfield Fund,IGV,2011-02-01,2011-03-31,2012-12-04,False
c:143830,SoftTech VC,IGV,2011-02-01,2011-03-31,2012-12-04,False
c:143830,SV Angel,IGV,2011-02-01,2011-03-31,2012-12-04,True
c:144,Benchmark,IGV,2006-03-01,2006-03-31,2008-01-15,False
c:144237,True Ventures,SOXX,2012-07-18,2012-09-30,2013-11-20,False
c:144237,Khosla Ventures,SOXX,2012-07-18,2012-09-30,2013-11-20,False
c:144237,O'Reilly AlphaTech Ventures,SOXX,2012-07-18,2012-09-30,2013-11-20,True
c:144237,Lerer Ventures,SOXX,2012-07-18,2012-09-30,2013-11-20,False
c:144376,Norwest Venture Partners,IGV,2011-12-12,2011-12-31,2013-04-02,False
c:144958,Baseline Ventures,IGV,2013-02-28,2013-03-31,2013-10-17,True
c:144958,Lightspeed Venture Partners,IGV,2013-02-28,2013-03-31,2013-10-17,True
c:14516,Atlas Venture,IGV,2007-10-30,2007-12-31,2008-06-23,False
c:145203,Bessemer Venture Partners,IGV,2012-11-16,2012-12-31,2013-01-31,False
c:145203,Chris Dixon,IGV,2012-11-16,2012-12-31,2013-01-31,True
c:145478,Madrona Venture Group,IGV,2012-04-09,2012-06-30,2013-02-04,False
c:146349,Flagship Ventures,IGV,2012-01-06,2012-03-31,2012-12-17,False
c:146349,New Enterprise Associates,IGV,2012-01-06,2012-03-31,2012-12-17,False
c:147164,RRE Ventures,IGV,2011-07-05,2011-09-30,2012-01-17,False
c:147262,Khosla Ventures,SOXX,2012-01-18,2012-03-31,2013-09-25,False
c:147729,RRE Ventures,IGV,2008-01-01,2008-03-31,2013-01-24,False
c:148,Lightspeed Venture Partners,IGV,2007-05-24,2007-06-30,2009-08-04,False
c:148214,Austin Ventures,IGV,2011-01-01,2011-03-31,2012-01-31,False
c:14844,New Enterprise Associates,IGV,2009-11-09,2009-12-31,2011-08-09,False
c:148499,Kleiner Perkins Caufield & Byers,XBI,2012-02-02,2012-03-31,2012-06-05,False
c:148848,New Enterprise Associates,IGV,2012-02-07,2012-03-31,2013-05-01,False
c:148848,SV Angel,IGV,2012-02-07,2012-03-31,2013-05-01,True
c:148849,Baseline Ventures,IGV,2012-02-08,2012-03-31,2013-03-07,False
c:148849,True Ventures,IGV,2012-02-08,2012-03-31,2013-03-07,False
c:1491,RRE Ventures,IGV,2007-12-03,2007-12-31,2008-03-11,False
c:149425,FirstMark Capital,IGV,2012-02-14,2012-03-31,2013-01-08,False
c:149425,First Round Capital,IGV,2012-02-14,2012-03-31,2013-01-08,True
c:149425,Highland Capital Partners,IGV,2012-02-14,2012-03-31,2013-01-08,False
c:149425,FirstMark Capital,IGV,2011-04-15,2011-06-30,2013-01-08,False
c:149425,SV Angel,IGV,2011-04-15,2011-06-30,2013-01-08,True
c:149425,Highland Capital Partners,IGV,2011-04-15,2011-06-30,2013-01-08,False
c:1495,Bessemer Venture Partners,IGV,2006-11-01,2006-12-31,2007-11-01,False
c:1498,Canaan Partners,IGV,2006-09-01,2006-09-30,2007-12-01,False
c:1499,Draper Fisher Jurvetson (DFJ),IGV,2006-07-01,2006-09-30,2007-09-01,True
c:1499,First Round Capital,IGV,2006-07-01,2006-09-30,2007-09-01,True
c:1499,SV Angel,IGV,2006-07-01,2006-09-30,2007-09-01,True
c:15013,Storm Ventures,IGV,2008-12-01,2008-12-31,2010-10-26,False
c:150179,General Catalyst Partners,IGV,2010-05-01,2010-06-30,2011-11-01,True
c:15018,Leapfrog Ventures,IGV,2008-09-26,2008-09-30,2011-06-06,False
c:150384,Charles River Ventures,IGV,2012-01-01,2012-03-31,2012-09-24,False
c:150384,Kleiner Perkins Caufield & Byers,IGV,2012-01-01,2012-03-31,2012-09-24,False
c:150384,Accel Partners,IGV,2012-01-01,2012-03-31,2012-09-24,False
c:150576,Shasta Ventures,IGV,2012-02-27,2012-03-31,2013-05-02,False
c:150576,First Round Capital,IGV,2012-02-27,2012-03-31,2013-05-02,False
c:150843,Index Ventures,IGV,2012-07-12,2012-09-30,2013-09-15,False
c:150843,Khosla Ventures,IGV,2012-07-12,2012-09-30,2013-09-15,False
c:1512,General Catalyst Partners,IGV,2007-09-01,2007-09-30,2008-05-16,False
c:15141,InterWest Partners,SOXX,2006-09-15,2006-09-30,2008-11-19,False
c:151478,Venrock,IGV,2012-11-01,2012-12-31,2013-10-08,False
c:151478,Felicis Ventures,IGV,2012-11-01,2012-12-31,2013-10-08,True
c:15166,New Enterprise Associates,IGV,2010-04-07,2010-06-30,2012-04-23,False
c:151899,Storm Ventures,IGV,2009-11-01,2009-12-31,2010-06-03,False
c:15217,Union Square Ventures,SOXX,2008-01-01,2008-03-31,2010-02-08,False
c:152716,Northzone,IGV,2012-06-11,2012-06-30,2013-09-30,False
c:152865,General Catalyst Partners,IGV,2012-03-23,2012-03-31,2013-11-11,False
c:152865,Lightspeed Venture Partners,IGV,2012-03-23,2012-03-31,2013-11-11,False
c:153238,Jason Finger,IGV,2012-03-27,2012-03-31,2013-05-20,True
c:153239,Baseline Ventures,IGV,2011-08-01,2011-09-30,2012-01-01,True
c:153265,Norwest Venture Partners,IGV,2012-03-28,2012-03-31,2013-08-06,False
c:153407,Flybridge Capital Partners,IGV,2013-01-12,2013-03-31,2013-09-25,False
c:153407,Greycroft Partners,IGV,2013-01-12,2013-03-31,2013-09-25,False
c:153407,Tribeca Venture Partners,IGV,2013-01-12,2013-03-31,2013-09-25,False
c:153800,Charles River Ventures,IGV,2012-01-01,2012-03-31,2012-10-25,False
c:153851,Norwest Venture Partners,IGV,2012-04-03,2012-06-30,2013-03-07,False
c:153851,Lightspeed Venture Partners,IGV,2012-04-03,2012-06-30,2013-03-07,False
c:15395,DAG Ventures,IGV,2009-12-15,2009-12-31,2013-03-20,True
c:15443,Draper Fisher Jurvetson (DFJ),IGV,2006-05-17,2006-06-30,2008-12-10,True
c:155053,Draper Fisher Jurvetson (DFJ),IGV,2012-02-27,2012-03-31,2013-02-20,False
c:15547,Storm Ventures,IGV,2009-11-22,2009-12-31,2010-06-03,False
c:15556,OVP Venture Partners,IGV,2008-06-13,2008-06-30,2009-09-15,False
c:15557,Sigma Partners,IGV,2007-02-05,2007-03-31,2008-06-01,False
c:155570,Bessemer Venture Partners,XBI,2012-04-17,2012-06-30,2013-07-22,False
c:155570,Frazier Healthcare Ventures,XBI,2012-04-17,2012-06-30,2013-07-22,False
c:155705,Kleiner Perkins Caufield & Byers,IGV,2012-07-17,2012-09-30,2013-07-10,True
c:155705,New Enterprise Associates,IGV,2012-07-17,2012-09-30,2013-07-10,True
c:15598,Accel Partners,IGV,2008-04-01,2008-06-30,2010-03-02,False
c:15598,Foundation Capital,IGV,2008-04-01,2008-06-30,2010-03-02,False
c:1563,Highland Capital Partners,IGV,2007-08-22,2007-09-30,2008-03-19,False
c:1563,Draper Fisher Jurvetson (DFJ),IGV,2007-08-22,2007-09-30,2008-03-19,False
c:15639,General Catalyst Partners,IGV,2008-07-01,2008-09-30,2010-07-27,True
c:156471,Comcast Ventures,IGV,2011-03-01,2011-03-31,2013-01-23,False
c:156471,BlueRun Ventures,IGV,2009-09-19,2009-09-30,2013-01-23,False
c:156630,Kleiner Perkins Caufield & Byers,IGV,2012-04-26,2012-06-30,2013-01-07,False
c:156735,Battery Ventures,IGV,2013-04-01,2013-06-30,2013-11-06,False
c:157020,Trinity Ventures,IGV,2012-05-01,2012-06-30,2013-04-30,False
c:15738,Mayfield Fund,IGV,2010-04-28,2010-06-30,2011-01-10,False
c:15738,Greycroft Partners,IGV,2010-04-28,2010-06-30,2011-01-10,False
c:15738,Kleiner Perkins Caufield & Byers,IGV,2010-04-28,2010-06-30,2011-01-10,False
c:157821,Storm Ventures,IGV,2012-05-09,2012-06-30,2013-10-25,False
c:157821,True Ventures,IGV,2012-05-09,2012-06-30,2013-10-25,False
c:157890,Kleiner Perkins Caufield & Byers,IGV,2012-05-11,2012-06-30,2013-02-21,False
c:157890,Sequoia Capital,IGV,2012-05-11,2012-06-30,2013-02-21,False
c:1579,Matrix Partners,IGV,2007-11-01,2007-12-31,2009-08-11,False
c:158035,Matrix Partners,IGV,2012-04-10,2012-06-30,2013-10-28,False
c:158035,Foundation Capital,IGV,2012-04-10,2012-06-30,2013-10-28,False
c:15847,Shasta Ventures,IGV,2006-09-14,2006-09-30,2008-05-15,False
c:159071,Union Square Ventures,IGV,2011-10-19,2011-12-31,2012-09-17,False
c:159363,500 Startups,IGV,2013-01-07,2013-03-31,2013-11-04,True
c:16,Austin Ventures,IGV,2007-06-01,2007-06-30,2007-06-01,True
c:16,Mission Ventures,IGV,2007-06-01,2007-06-30,2007-06-01,False
c:160052,North Bridge Venture Partners,SOXX,2010-11-17,2010-12-31,2011-03-17,False
c:160585,Horizons Ventures,IGV,2012-08-02,2012-09-30,2013-06-19,False
c:1617,Hummer Winblad Venture Partners,IGV,2007-08-05,2007-09-30,2008-03-03,False
c:16191,New Enterprise Associates,IGV,2006-09-21,2006-09-30,2007-03-06,False
c:162011,Lightspeed Venture Partners,SOXX,2009-11-02,2009-12-31,2008-04-09,True
c:162182,Spark Capital,IGV,2010-09-01,2010-09-30,2011-01-01,False
c:162182,First Round Capital,IGV,2010-09-01,2010-09-30,2011-01-01,False
c:16266,Bessemer Venture Partners,IGV,2010-01-20,2010-03-31,2011-03-22,False
c:16266,Trinity Ventures,IGV,2010-01-20,2010-03-31,2011-03-22,False
c:16266,Felicis Ventures,IGV,2010-01-20,2010-03-31,2011-03-22,True
c:16266,Founders Fund,IGV,2010-01-20,2010-03-31,2011-03-22,True
c:162763,Nexus Venture Partners,IGV,2012-06-26,2012-06-30,2013-06-18,False
c:162946,Atlas Venture,IGV,2013-05-06,2013-06-30,2013-11-26,False
c:163001,First Round Capital,IGV,2012-03-09,2012-03-31,2013-10-10,False
c:163001,Andreessen Horowitz,IGV,2012-03-09,2012-03-31,2013-10-10,True
c:163001,Tom McInerney,IGV,2012-03-09,2012-03-31,2013-10-10,True
c:163001,Benchmark,IGV,2012-11-13,2012-12-31,2013-10-10,False
c:1635,Trinity Ventures,IGV,2013-04-25,2013-06-30,2006-01-01,False
c:1635,Mayfield Fund,IGV,2013-04-25,2013-06-30,2006-01-01,False
c:16384,Foundation Capital,IGV,2008-01-30,2008-03-31,2009-02-04,False
c:164373,Benchmark,IGV,2012-07-24,2012-09-30,2013-02-12,False
c:164373,Greylock Partners,IGV,2012-07-24,2012-09-30,2013-02-12,False
c:164373,Shasta Ventures,IGV,2012-07-24,2012-09-30,2013-02-12,False
c:164373,SV Angel,IGV,2012-07-24,2012-09-30,2013-02-12,True
c:1647,North Bridge Venture Partners,IGV,2007-12-01,2007-12-31,2009-07-17,False
c:1647,Sigma Partners,IGV,2007-12-01,2007-12-31,2009-07-17,False
c:16500,Benchmark,IGV,2008-07-01,2008-09-30,2009-01-06,False
c:165201,Benchmark,IGV,2012-11-08,2012-12-31,2013-02-19,False
c:165201,Data Collective,IGV,2012-11-08,2012-12-31,2013-02-19,True
c:16567,Atlas Venture,SOXX,2007-11-14,2007-12-31,2005-07-07,False
c:16568,Highland Capital Partners,IGV,2009-12-14,2009-12-31,2005-03-28,False
c:16568,Sigma Partners,IGV,2009-12-14,2009-12-31,2005-03-28,False
c:1659,First Round Capital,SOXX,2006-05-01,2006-06-30,2006-10-01,False
c:16661,BDC Venture Capital,SOXX,2008-01-01,2008-03-31,2008-03-25,True
c:166894,Bain Capital Ventures,IGV,2012-07-27,2012-09-30,2013-09-18,False
c:1669,Sequoia Capital,IGV,2008-07-10,2008-09-30,2008-09-01,False
c:1672,Atlas Venture,IGV,2007-08-21,2007-09-30,2005-07-01,False
c:167729,Khosla Ventures,IGV,2012-08-14,2012-09-30,2013-10-17,False
c:167729,Data Collective,IGV,2012-08-14,2012-09-30,2013-10-17,True
c:168014,SoftBank Capital,IGV,2012-08-01,2012-09-30,2013-10-08,False
c:168014,General Catalyst Partners,IGV,2012-08-01,2012-09-30,2013-10-08,True
c:168014,Longworth Venture Partners,IGV,2012-08-01,2012-09-30,2013-10-08,False
c:16803,Union Square Ventures,IGV,2010-06-23,2010-06-30,2013-01-04,False
c:169,Benchmark,IGV,2006-09-01,2006-09-30,2009-12-01,False
c:169,Accel Partners,IGV,2006-09-01,2006-09-30,2009-12-01,False
c:169060,Qualcomm Ventures,IGV,2013-01-28,2013-03-31,2013-09-24,True
c:169105,Mayfield Fund,IGV,2012-08-23,2012-09-30,2013-08-14,False
c:169112,Accel Partners,IGV,2012-08-23,2012-09-30,2013-07-24,False
c:169123,Andreessen Horowitz,IGV,2012-08-23,2012-09-30,2013-11-05,False
c:169407,General Catalyst Partners,IGV,2008-05-09,2008-06-30,2010-05-12,False
c:169645,Webb Investment Network,IGV,2011-09-01,2011-09-30,2012-08-28,False
c:169876,First Round Capital,IGV,2010-12-13,2010-12-31,2011-12-07,False
c:169876,Zelkova Ventures,IGV,2010-12-13,2010-12-31,2011-12-07,True
c:169876,SoftTech VC,IGV,2010-12-13,2010-12-31,2011-12-07,False
c:169876,Menlo Ventures,IGV,2011-08-11,2011-09-30,2011-12-07,False
c:169876,First Round Capital,IGV,2011-08-11,2011-09-30,2011-12-07,False
c:169876,SoftTech VC,IGV,2011-08-11,2011-09-30,2011-12-07,False
c:169876,SV Angel,IGV,2011-08-11,2011-09-30,2011-12-07,True
c:169876,Zelkova Ventures,IGV,2011-08-11,2011-09-30,2011-12-07,True
c:170267,Andreessen Horowitz,IGV,2013-03-05,2013-03-31,2013-12-05,True
c:170267,First Round Capital,IGV,2013-03-05,2013-03-31,2013-12-05,False
c:170267,Google Ventures,IGV,2013-10-01,2013-12-31,2013-12-05,False
c:170267,First Round Capital,IGV,2013-10-01,2013-12-31,2013-12-05,False
c:170390,New Enterprise Associates,SOXX,2012-09-04,2012-09-30,2013-07-11,False
c:170537,ARCH Venture Partners,IGV,2012-09-05,2012-09-30,2013-08-27,False
c:1721,SV Angel,IGV,2007-09-01,2007-09-30,2008-05-01,True
c:172522,Tech Coast Angels,SOXX,2012-09-24,2012-09-30,2013-04-23,False
c:1728,Venrock,SOXX,2006-11-01,2006-12-31,2007-01-01,False
c:17324,Lightspeed Venture Partners,IGV,2007-05-24,2007-06-30,2008-05-13,False
c:173269,Emergence Capital Partners,IGV,2012-10-02,2012-12-31,2013-09-12,False
c:173430,Ignition Partners,IGV,2011-03-09,2011-03-31,2012-10-04,True
c:173430,Madrona Venture Group,IGV,2011-03-09,2011-03-31,2012-10-04,False
c:173474,Accel Partners,IGV,2012-10-04,2012-12-31,2013-12-05,False
c:173474,Data Collective,IGV,2012-10-04,2012-12-31,2013-12-05,True
c:173985,Greylock Partners,IGV,2012-10-09,2012-12-31,2013-11-14,False
c:173985,Google Ventures,IGV,2013-03-11,2013-03-31,2013-11-14,True
c:174135,Domain Associates,IGV,2012-10-10,2012-12-31,2013-11-13,False
c:17486,BDC Venture Capital,IGV,2008-10-02,2008-12-31,2009-01-21,False
c:17486,Vertex Venture Capital,IGV,2008-10-02,2008-12-31,2009-01-21,False
c:17501,ARCH Venture Partners,SOXX,2007-04-17,2007-06-30,2009-08-12,False
c:17501,ATA Ventures,SOXX,2007-04-17,2007-06-30,2009-08-12,False
c:17527,Accel Partners,SOXX,2006-03-23,2006-03-31,2007-11-28,False
c:17546,ATA Ventures,IGV,2007-03-28,2007-03-31,2009-04-14,False
c:17546,Covera Ventures,IGV,2007-03-28,2007-03-31,2009-04-14,False
c:175546,Intel Capital,IGV,2012-10-25,2012-12-31,2013-09-02,False
c:175986,Khosla Ventures,IGV,2012-10-24,2012-12-31,2013-07-24,False
c:1762,Draper Fisher Jurvetson (DFJ),IGV,2006-08-01,2006-09-30,2007-10-10,False
c:17647,Village Ventures,IGV,2009-01-23,2009-03-31,2010-06-23,False
c:17647,Greycroft Partners,IGV,2009-01-23,2009-03-31,2010-06-23,False
c:17647,Greycroft Partners,IGV,2009-03-01,2009-03-31,2010-06-23,False
c:17656,Austin Ventures,IGV,2006-10-17,2006-12-31,2007-12-01,True
c:17680,Relay Ventures,IGV,2009-07-10,2009-09-30,2012-06-06,False
c:1772,Benchmark,IGV,2008-01-01,2008-03-31,2008-07-13,False
c:177604,FirstMark Capital,IGV,2011-03-01,2011-03-31,2013-02-20,False
c:17774,Highland Capital Partners,IGV,2007-12-01,2007-12-31,2009-01-26,False
c:17783,Atlas Venture,IGV,2009-01-26,2009-03-31,2009-06-29,False
c:17783,Matrix Partners,IGV,2009-01-26,2009-03-31,2009-06-29,False
c:17821,In-Q-Tel,IGV,2009-06-18,2009-06-30,2010-03-10,True
c:17833,New Enterprise Associates,IGV,2007-01-01,2007-03-31,2009-03-18,False
c:17898,First Round Capital,SOXX,2007-04-26,2007-06-30,2009-08-05,False
c:17898,New Enterprise Associates,SOXX,2007-12-10,2007-12-31,2009-08-05,False
c:17898,First Round Capital,SOXX,2007-12-10,2007-12-31,2009-08-05,False
c:17940,Sigma Partners,IGV,2009-01-28,2009-03-31,2010-05-07,False
c:1795,Hummer Winblad Venture Partners,IGV,2007-06-01,2007-06-30,2008-01-01,False
c:179637,Benchmark,IGV,2012-12-01,2012-12-31,2013-06-23,False
c:179637,Lightspeed Venture Partners,IGV,2012-12-01,2012-12-31,2013-06-23,False
c:179637,SV Angel,IGV,2012-12-01,2012-12-31,2013-06-23,False
c:18021,Draper Fisher Jurvetson (DFJ),IGV,2009-04-24,2009-06-30,2010-06-21,False
c:18038,Sigma Partners,SOXX,2006-09-01,2006-09-30,2007-12-19,False
c:18038,OVP Venture Partners,SOXX,2006-09-01,2006-09-30,2007-12-19,False
c:18038,Intel Capital,SOXX,2006-09-01,2006-09-30,2007-12-19,False
c:18051,New Enterprise Associates,IGV,2008-04-24,2008-06-30,2009-01-14,False
c:181145,Union Square Ventures,IGV,2013-05-07,2013-06-30,2013-12-12,False
c:181145,SV Angel,IGV,2013-05-07,2013-06-30,2013-12-12,True
c:181169,Mayfield Fund,IGV,2012-12-13,2012-12-31,2013-07-16,False
c:1812,Union Square Ventures,IGV,2008-01-01,2008-03-31,2008-07-18,False
c:1812,SV Angel,IGV,2008-01-01,2008-03-31,2008-07-18,True
c:1812,Union Square Ventures,IGV,2008-02-12,2008-03-31,2008-07-18,False
c:181388,Mohr Davidow Ventures,IGV,2012-10-01,2012-12-31,2013-08-01,False
c:18164,Greylock Partners,SOXX,2007-06-06,2007-06-30,2008-10-01,False
c:18164,Cisco,SOXX,2007-06-06,2007-06-30,2008-10-01,True
c:182045,New Enterprise Associates,IGV,2012-12-05,2012-12-31,2013-04-30,False
c:182045,Index Ventures,IGV,2012-12-05,2012-12-31,2013-04-30,False
c:182045,First Round Capital,IGV,2012-12-05,2012-12-31,2013-04-30,True
c:182045,SV Angel,IGV,2012-12-05,2012-12-31,2013-04-30,True
c:18213,Madrona Venture Group,IGV,2006-01-01,2006-03-31,2009-02-03,False
c:182514,RBC Venture Partners,IGV,2012-01-10,2012-03-31,2012-07-01,False
c:183,Draper Fisher Jurvetson (DFJ),IGV,2006-10-01,2006-12-31,2008-01-23,False
c:18315,Village Ventures,IGV,2009-02-05,2009-03-31,2010-05-21,False
c:18315,Greycroft Partners,IGV,2009-05-12,2009-06-30,2010-05-21,False
c:18316,Greylock Partners,IGV,2009-02-04,2009-03-31,2010-04-01,False
c:18316,Lightspeed Venture Partners,IGV,2009-02-04,2009-03-31,2010-04-01,False
c:1840,Draper Fisher Jurvetson (DFJ),IGV,2006-09-01,2006-09-30,2008-01-01,False
c:18436,Shasta Ventures,IGV,2009-01-01,2009-03-31,2010-03-18,False
c:18436,Bay Partners,IGV,2009-01-01,2009-03-31,2010-03-18,False
c:18436,First Round Capital,IGV,2009-01-01,2009-03-31,2010-03-18,False
c:184924,True Ventures,IGV,2012-11-05,2012-12-31,2013-09-12,False
c:184924,O'Reilly AlphaTech Ventures,IGV,2012-11-05,2012-12-31,2013-09-12,False
c:1850,SV Angel,IGV,2009-11-04,2009-12-31,2013-04-02,True
c:1850,Founders Fund,IGV,2009-11-04,2009-12-31,2013-04-02,True
c:1850,Felicis Ventures,IGV,2009-11-04,2009-12-31,2013-04-02,False
c:186440,Flybridge Capital Partners,IGV,2011-07-21,2011-09-30,2012-07-19,False
c:186440,Lightspeed Venture Partners,IGV,2011-07-21,2011-09-30,2012-07-19,False
c:1870,Accel Partners,IGV,2006-11-01,2006-12-31,2007-01-01,True
c:187182,Bessemer Venture Partners,IGV,2013-02-19,2013-03-31,2013-08-15,False
c:187182,First Round Capital,IGV,2013-02-19,2013-03-31,2013-08-15,False
c:187182,Jason Finger,IGV,2013-02-19,2013-03-31,2013-08-15,True
c:1873,General Catalyst Partners,IGV,2007-03-01,2007-03-31,2008-01-01,False
c:18759,Accel Partners,IGV,2007-11-07,2007-12-31,2010-06-24,False
c:187840,Data Collective,IGV,2013-02-14,2013-03-31,2013-09-24,False
c:1880,General Catalyst Partners,IGV,2007-01-01,2007-03-31,2008-12-09,False
c:188560,Lightspeed Venture Partners,IGV,2012-01-01,2012-03-31,2013-05-15,False
c:18959,Foundation Capital,IGV,2009-03-24,2009-03-31,2010-07-18,True
c:18959,SV Angel,IGV,2009-03-24,2009-03-31,2010-07-18,True
c:18959,Ron Conway,IGV,2009-03-24,2009-03-31,2010-07-18,True
c:19022,New Enterprise Associates,IGV,2008-04-24,2008-06-30,2009-01-14,False
c:190509,Andreessen Horowitz,IGV,2013-01-14,2013-03-31,2013-09-20,False
c:191269,Bessemer Venture Partners,IGV,2011-05-01,2011-06-30,2013-03-19,False
c:1922,SV Angel,IGV,2008-05-08,2008-06-30,2010-05-10,True
c:193029,SV Angel,IGV,2013-01-01,2013-03-31,2013-06-12,True
c:193029,Morgenthaler Ventures,IGV,2013-01-01,2013-03-31,2013-06-12,True
c:193029,Accel Partners,IGV,2013-01-01,2013-03-31,2013-06-12,False
c:193524,Kleiner Perkins Caufield & Byers,SOXX,2013-03-26,2013-03-31,2013-11-07,False
c:195446,Nexus Venture Partners,IGV,2012-01-01,2012-03-31,2013-04-05,False
c:195709,Trinity Ventures,IGV,2013-04-04,2013-06-30,2013-09-04,False
c:195709,Lightspeed Venture Partners,IGV,2013-04-04,2013-06-30,2013-09-04,False
c:196,Integral Capital Partners,IGV,2006-03-01,2006-03-31,2006-03-01,False
c:196,Kleiner Perkins Caufield & Byers,IGV,2006-03-01,2006-03-31,2006-03-01,False
c:1961,Atlas Venture,IGV,2006-05-01,2006-06-30,2007-06-05,False
c:19669,Madrona Venture Group,IGV,2008-10-10,2008-12-31,2010-10-20,False
c:19670,North Bridge Venture Partners,IGV,2008-12-01,2008-12-31,2010-08-19,False
c:196998,Canaan Partners,IGV,2012-07-31,2012-09-30,2013-04-02,False
c:196998,Greycroft Partners,IGV,2012-07-31,2012-09-30,2013-04-02,False
c:19741,Sequoia Capital,IGV,2009-10-26,2009-12-31,2011-07-20,False
c:19744,Union Square Ventures,IGV,2009-03-06,2009-03-31,2010-04-21,False
c:19883,ONSET Ventures,IGV,2012-10-15,2012-12-31,2013-12-04,False
c:199585,Flybridge Capital Partners,IGV,2013-01-04,2013-03-31,2013-08-05,False
c:200,Atomico,IGV,2007-11-01,2007-12-31,2008-06-20,True
c:200,Ron Conway,IGV,2007-11-01,2007-12-31,2008-06-20,True
c:20009,Ignition Partners,IGV,2009-06-01,2009-06-30,2013-06-25,False
c:20009,Atlas Venture,IGV,2009-06-01,2009-06-30,2013-06-25,False
c:20009,Atlas Venture,IGV,2011-12-20,2011-12-31,2013-06-25,False
c:20009,Ignition Partners,IGV,2011-12-20,2011-12-31,2013-06-25,False
c:200127,Shasta Ventures,IGV,2013-01-14,2013-03-31,2013-10-23,False
c:20174,Sequoia Capital,SOXX,2009-10-08,2009-12-31,2010-01-11,True
c:20174,InterWest Partners,SOXX,2009-10-08,2009-12-31,2010-01-11,True
c:20231,BDC Venture Capital,SOXX,2009-03-17,2009-03-31,2009-03-17,False
c:20231,Morgenthaler Ventures,SOXX,2009-03-17,2009-03-31,2009-03-17,False
c:20309,Ron Conway,IGV,2010-06-16,2010-06-30,2012-06-07,True
c:20464,Genesis Partners,IGV,2007-01-08,2007-03-31,2009-03-18,True
c:20534,Highland Capital Partners,IGV,2009-08-13,2009-09-30,2010-01-11,False
c:20744,Madrona Venture Group,IGV,2008-10-01,2008-12-31,2009-08-01,False
c:208,Greylock Partners,IGV,2006-05-01,2006-06-30,2007-07-01,True
c:208142,August Capital,IGV,2013-05-08,2013-06-30,2013-08-14,False
c:209,Sigma Partners,IGV,2006-04-25,2006-06-30,2006-09-01,False
c:209,SV Angel,IGV,2006-04-25,2006-06-30,2006-09-01,True
c:20953,RRE Ventures,IGV,2008-01-01,2008-03-31,2010-03-11,False
c:20953,SV Angel,IGV,2008-01-01,2008-03-31,2010-03-11,True
c:20953,Ron Conway,IGV,2008-01-01,2008-03-31,2010-03-11,True
c:21065,Index Ventures,IGV,2010-09-01,2010-09-30,2012-04-16,False
c:21065,O'Reilly AlphaTech Ventures,IGV,2010-09-01,2010-09-30,2012-04-16,True
c:21065,SV Angel,IGV,2010-09-01,2010-09-30,2012-04-16,True
c:21065,SoftTech VC,IGV,2010-09-01,2010-09-30,2012-04-16,True
c:21144,EPIC Ventures,IGV,2009-04-06,2009-06-30,2010-02-24,False
c:21248,Madrona Venture Group,IGV,2009-04-14,2009-06-30,2011-05-03,False
c:21307,Canaan Partners,IGV,2006-08-02,2006-09-30,2008-02-06,False
c:21370,New Enterprise Associates,IGV,2008-03-31,2008-03-31,2009-04-07,False
c:21760,Atlas Venture,IGV,2009-04-17,2009-06-30,2010-03-08,False
c:21760,Flybridge Capital Partners,IGV,2009-04-17,2009-06-30,2010-03-08,False
c:21815,Worldview Technology Partners,SOXX,2006-06-26,2006-06-30,2007-06-04,False
c:21815,Oak Investment Partners,SOXX,2006-06-26,2006-06-30,2007-06-04,False
c:220,Lightspeed Venture Partners,IGV,2007-02-01,2007-03-31,2008-04-04,False
c:220,SV Angel,IGV,2007-02-01,2007-03-31,2008-04-04,True
c:220584,New Enterprise Associates,IGV,2012-09-24,2012-09-30,2013-10-31,False
c:2227,First Round Capital,IGV,2008-07-21,2008-09-30,2009-07-08,False
c:22313,Benchmark,IGV,2009-04-29,2009-06-30,2010-07-01,False
c:22316,Union Square Ventures,IGV,2011-09-12,2011-09-30,2012-06-06,False
c:2234,Venrock,IGV,2006-12-01,2006-12-31,2008-10-10,False
c:22515,Bessemer Venture Partners,IGV,2008-10-14,2008-12-31,2011-11-29,True
c:22516,OVP Venture Partners,IGV,2009-04-27,2009-06-30,2012-04-25,False
c:22573,RRE Ventures,SOXX,2007-05-09,2007-06-30,2008-03-01,False
c:22573,Sigma Partners,SOXX,2007-05-09,2007-06-30,2008-03-01,False
c:22601,Kleiner Perkins Caufield & Byers,IGV,2007-12-01,2007-12-31,2009-12-09,False
c:22701,Greycroft Partners,IGV,2010-06-23,2010-06-30,2012-02-22,True
c:22721,Trinity Ventures,IGV,2008-04-01,2008-06-30,2009-11-02,False
c:22784,Khosla Ventures,IGV,2009-11-01,2009-12-31,2011-01-10,True
c:22784,First Round Capital,IGV,2009-11-01,2009-12-31,2011-01-10,True
c:22784,Ron Conway,IGV,2009-11-01,2009-12-31,2011-01-10,True
c:22850,EPIC Ventures,IGV,2008-04-22,2008-06-30,2013-08-12,False
c:22850,Draper Fisher Jurvetson (DFJ),IGV,2008-04-22,2008-06-30,2013-08-12,False
c:22850,Sigma Partners,IGV,2008-04-22,2008-06-30,2013-08-12,False
c:2294,Sierra Ventures,IGV,2008-02-01,2008-03-31,2008-08-05,False
c:22986,BRM Capital,IGV,2009-05-13,2009-06-30,2012-04-08,False
c:23055,Draper Fisher Jurvetson (DFJ),IGV,2008-04-16,2008-06-30,2011-10-18,True
c:23080,General Catalyst Partners,IGV,2008-05-05,2008-06-30,2010-05-12,False
c:23080,Khosla Ventures,IGV,2008-05-05,2008-06-30,2010-05-12,False
c:231,Accel Partners,IGV,2006-07-01,2006-09-30,2009-02-23,False
c:23134,North Bridge Venture Partners,SOXX,2008-05-01,2008-06-30,2009-11-17,False
c:23227,OVP Venture Partners,SOXX,2008-05-23,2008-06-30,2009-06-08,False
c:23227,Matrix Partners,SOXX,2008-05-23,2008-06-30,2009-06-08,False
c:23229,Sigma Partners,IGV,2008-09-12,2008-09-30,2010-11-09,False
c:23229,Foundation Capital,IGV,2008-09-12,2008-09-30,2010-11-09,False
c:23279,First Round Capital,IGV,2009-05-18,2009-06-30,2010-03-08,True
c:23283,Bessemer Venture Partners,IGV,2007-01-16,2007-03-31,2007-11-06,False
c:235,First Round Capital,IGV,2006-05-01,2006-06-30,2007-09-01,False
c:2352,SoftBank Capital,IGV,2008-07-09,2008-09-30,2010-05-12,False
c:23552,TVM Capital,XBI,2006-07-17,2006-09-30,2006-11-30,False
c:23552,Greylock Partners,XBI,2006-07-17,2006-09-30,2006-11-30,False
c:235968,Greycroft Partners,IGV,2011-01-01,2011-03-31,2013-07-09,True
c:2370,Greylock Partners,IGV,2008-05-13,2008-06-30,2010-06-18,True
c:2370,Novak Biddle Venture Partners,IGV,2008-05-13,2008-06-30,2010-06-18,True
c:2370,Bezos Expeditions,IGV,2008-07-14,2008-09-30,2010-06-18,True
c:23778,Bessemer Venture Partners,IGV,2011-09-01,2011-09-30,2013-07-07,False
c:23778,500 Startups,IGV,2011-09-01,2011-09-30,2013-07-07,False
c:23877,Atlas Venture,IGV,2011-08-01,2011-09-30,2012-08-15,False
c:23882,Kleiner Perkins Caufield & Byers,IGV,2008-01-01,2008-03-31,2009-09-11,False
c:23900,RRE Ventures,IGV,2010-04-07,2010-06-30,2011-08-04,False
c:23972,Foundation Capital,SOXX,2008-06-20,2008-06-30,2009-07-28,False
c:24002,Sequoia Capital,IGV,2009-06-01,2009-06-30,2010-11-17,False
c:240349,KPCB Holdings,IGV,2012-01-01,2012-03-31,2013-07-12,True
c:24044,Frazier Healthcare Ventures,XBI,2007-03-22,2007-03-31,2008-04-21,False
c:24044,Atlas Venture,XBI,2007-03-22,2007-03-31,2008-04-21,False
c:24238,Draper Fisher Jurvetson (DFJ),IGV,2008-04-21,2008-06-30,2010-05-11,False
c:24238,Kleiner Perkins Caufield & Byers,IGV,2008-04-21,2008-06-30,2010-05-11,False
c:24278,Atlas Venture,XBI,2008-05-19,2008-06-30,2009-06-03,False
c:24342,Foundry Group,IGV,2010-02-16,2010-03-31,2010-11-02,False
c:24342,Intel Capital,IGV,2010-02-16,2010-03-31,2010-11-02,True
c:24342,August Capital,IGV,2010-02-16,2010-03-31,2010-11-02,True
c:2443,Index Ventures,IGV,2008-05-01,2008-06-30,2009-04-08,True
c:246,First Round Capital,IGV,2007-05-01,2007-06-30,2009-10-28,False
c:246,General Catalyst Partners,IGV,2007-05-01,2007-06-30,2009-10-28,False
c:246,First Round Capital,IGV,2007-04-01,2007-06-30,2009-10-28,False
c:24853,Highland Capital Partners,IGV,2010-11-10,2010-12-31,2011-04-22,True
c:24908,Foundation Capital,SOXX,2008-11-18,2008-12-31,2010-03-22,False
c:24923,Polaris Partners,IGV,2008-03-27,2008-03-31,2010-10-19,False
c:24923,North Bridge Venture Partners,IGV,2008-03-27,2008-03-31,2010-10-19,False
c:24967,Index Ventures,XBI,2009-06-02,2009-06-30,2011-02-16,False
c:24988,Kleiner Perkins Caufield & Byers,XBI,2008-01-14,2008-03-31,2009-05-22,True
c:24995,TVM Capital,XBI,2007-09-06,2007-09-30,2009-05-28,False
c:24995,Skyline Ventures,XBI,2007-09-06,2007-09-30,2009-05-28,False
c:24995,Prism Venture Management,XBI,2007-09-06,2007-09-30,2009-05-28,False
c:24995,InterSouth Partners,XBI,2007-09-06,2007-09-30,2009-05-28,False
c:25026,New Enterprise Associates,XBI,2008-03-01,2008-03-31,2010-07-14,False
c:25026,Polaris Partners,XBI,2008-03-01,2008-03-31,2010-07-14,False
c:25026,Alta Partners,XBI,2008-03-01,2008-03-31,2010-07-14,False
c:25094,Intel Capital,IGV,2006-01-01,2006-03-31,2009-10-20,False
c:251,Draper Fisher Jurvetson (DFJ),IGV,2007-07-01,2007-09-30,2008-06-23,True
c:251,Mayfield Fund,IGV,2007-07-01,2007-09-30,2008-06-23,True
c:251,Draper Richards,IGV,2007-07-01,2007-09-30,2008-06-23,True
c:251,Draper Fisher Jurvetson (DFJ),IGV,2007-08-01,2007-09-30,2008-06-23,True
c:251,Draper Richards,IGV,2007-08-01,2007-09-30,2008-06-23,True
c:251,Mayfield Fund,IGV,2007-08-01,2007-09-30,2008-06-23,True
c:2512,Draper Fisher Jurvetson (DFJ),IGV,2008-04-07,2008-06-30,2010-09-28,False
c:25177,T-Venture,IGV,2010-05-01,2010-06-30,2011-09-16,False
c:25195,New Leaf Venture Partners,XBI,2007-08-31,2007-09-30,2009-02-03,False
c:25250,Sequoia Capital,XBI,2008-12-05,2008-12-31,2009-01-07,False
c:25306,Founders Fund,IGV,2012-10-11,2012-12-31,2009-09-14,True
c:25306,SV Angel,IGV,2012-10-11,2012-12-31,2009-09-14,True
c:25306,Chris Dixon,IGV,2012-10-11,2012-12-31,2009-09-14,True
c:25316,Novak Biddle Venture Partners,IGV,2009-06-21,2009-06-30,2010-02-05,False
c:2532,Accel Partners,IGV,2008-09-03,2008-09-30,2011-02-10,False
c:2534,Benchmark,IGV,2008-02-08,2008-03-31,2009-12-02,False
c:25361,Ron Conway,IGV,2009-01-01,2009-03-31,2011-01-04,True
c:25423,InterWest Partners,XBI,2008-04-01,2008-06-30,2008-08-12,False
c:2558,Amicus Capital,IGV,2006-06-01,2006-06-30,2006-12-01,False
c:25600,Bessemer Venture Partners,XBI,2008-10-30,2008-12-31,2010-01-28,True
c:25600,Frazier Healthcare Ventures,XBI,2008-10-30,2008-12-31,2010-01-28,True
c:25747,Highland Capital Partners,IGV,2009-01-19,2009-03-31,2012-01-01,False
c:25827,Canaan Partners,IGV,2009-06-26,2009-06-30,2011-06-08,False
c:25836,Flagship Ventures,XBI,2009-06-25,2009-06-30,2011-04-13,False
c:25836,Flybridge Capital Partners,XBI,2009-06-25,2009-06-30,2011-04-13,False
c:25836,Polaris Partners,XBI,2009-06-25,2009-06-30,2011-04-13,False
c:258847,Matrix Partners,IGV,2012-05-08,2012-06-30,2013-08-27,False
c:26000,New Enterprise Associates,XBI,2007-08-20,2007-09-30,2009-06-29,False
c:26002,Accel Partners,IGV,2007-11-01,2007-12-31,2009-06-30,False
c:26002,Greylock Partners,IGV,2007-11-01,2007-12-31,2009-06-30,False
c:2605,Draper Fisher Jurvetson (DFJ),IGV,2007-03-08,2007-03-31,2010-01-12,False
c:2605,Draper Richards,IGV,2007-03-08,2007-03-31,2010-01-12,True
c:262,Shasta Ventures,IGV,2007-04-17,2007-06-30,2008-06-01,False
c:26250,ARCH Venture Partners,SOXX,2007-07-16,2007-09-30,2009-06-09,False
c:26250,InterSouth Partners,SOXX,2007-07-16,2007-09-30,2009-06-09,False
c:2626,Bessemer Venture Partners,IGV,2007-07-30,2007-09-30,2008-10-14,False
c:26368,Lightspeed Venture Partners,IGV,2009-07-02,2009-09-30,2009-10-30,True
c:2638,Lightspeed Venture Partners,IGV,2008-02-25,2008-03-31,2009-02-11,False
c:26565,Bessemer Venture Partners,SOXX,2007-09-27,2007-09-30,2009-04-27,False
c:26567,Kleiner Perkins Caufield & Byers,IGV,2006-07-28,2006-09-30,2010-11-30,False
c:26574,Battery Ventures,IGV,2009-09-14,2009-09-30,2012-05-29,False
c:26574,Battery Ventures,IGV,2010-09-16,2010-09-30,2012-05-29,False
c:26729,Frazier Healthcare Ventures,XBI,2007-03-05,2007-03-31,2009-05-05,False
c:26729,Alta Partners,XBI,2007-03-05,2007-03-31,2009-05-05,False
c:26729,Three Arch Partners,XBI,2007-03-05,2007-03-31,2009-05-05,False
c:2683,Hummer Winblad Venture Partners,IGV,2007-12-31,2007-12-31,2009-07-20,False
c:2691,Bessemer Venture Partners,IGV,2007-09-01,2007-09-30,2008-04-11,False
c:2691,General Catalyst Partners,IGV,2007-09-01,2007-09-30,2008-04-11,False
c:27057,Sequoia Capital,IGV,2009-10-24,2009-12-31,2011-01-10,False
c:27057,Felicis Ventures,IGV,2009-10-24,2009-12-31,2011-01-10,False
c:27057,Ron Conway,IGV,2009-10-24,2009-12-31,2011-01-10,True
c:27145,Accel Partners,IGV,2009-01-01,2009-03-31,2011-04-01,False
c:27145,Accel Partners,IGV,2010-04-01,2010-06-30,2011-04-01,False
c:27145,Andreessen Horowitz,IGV,2010-04-01,2010-06-30,2011-04-01,False
c:273843,Intel Capital,IGV,2012-10-01,2012-12-31,2013-10-27,False
c:27385,New Enterprise Associates,XBI,2007-11-15,2007-12-31,2009-08-06,False
c:27406,Battery Ventures,IGV,2013-03-12,2013-03-31,2013-12-10,False
c:274141,Accel Partners,XBI,2010-01-01,2010-03-31,2013-10-24,False
c:27433,Kleiner Perkins Caufield & Byers,IGV,2009-07-14,2009-09-30,2010-07-14,False
c:27433,SV Angel,IGV,2009-07-14,2009-09-30,2010-07-14,False
c:27433,Kleiner Perkins Caufield & Byers,IGV,2010-01-01,2010-03-31,2010-07-14,False
c:27545,Draper Fisher Jurvetson (DFJ),SOXX,2007-09-06,2007-09-30,2009-12-18,False
c:27545,Draper Fisher Jurvetson (DFJ),SOXX,2007-06-05,2007-06-30,2009-12-18,False
c:27559,Austin Ventures,IGV,2006-07-05,2006-09-30,2007-05-01,False
c:27559,North Bridge Venture Partners,IGV,2006-07-05,2006-09-30,2007-05-01,False
c:27741,Novak Biddle Venture Partners,IGV,2006-08-01,2006-09-30,2008-10-07,False
c:27883,Accel Partners,IGV,2006-09-21,2006-09-30,2010-08-26,False
c:27891,Atlas Venture,IGV,2007-04-26,2007-06-30,2008-07-10,False
c:280,Benchmark,IGV,2007-06-01,2007-06-30,2008-05-30,False
c:28034,Matrix Partners,SOXX,2008-08-20,2008-09-30,2010-04-21,False
c:280556,Trinity Ventures,IGV,2013-04-04,2013-06-30,2013-09-05,False
c:280556,Lightspeed Venture Partners,IGV,2013-04-04,2013-06-30,2013-09-05,False
c:2808,Greycroft Partners,IGV,2008-07-01,2008-09-30,2008-09-09,False
c:28109,Kleiner Perkins Caufield & Byers,XBI,2007-01-05,2007-03-31,2010-01-27,False
c:28193,Sequoia Capital,IGV,2010-05-24,2010-06-30,2011-06-09,False
c:28287,Amicus Capital,IGV,2010-03-19,2010-03-31,2011-11-18,True
c:28302,Matrix Partners,IGV,2009-07-20,2009-09-30,2011-11-08,False
c:28369,Venrock,XBI,2007-05-23,2007-06-30,2008-01-03,False
c:28369,Polaris Partners,XBI,2007-05-23,2007-06-30,2008-01-03,False
c:283920,Qualcomm Ventures,IGV,2012-11-12,2012-12-31,2013-12-03,True
c:28465,Intel Capital,SOXX,2007-07-30,2007-09-30,2009-07-29,False
c:28468,Draper Fisher Jurvetson (DFJ),IGV,2009-07-29,2009-09-30,2011-09-26,False
c:28482,US Venture Partners,SOXX,2008-10-03,2008-12-31,2010-10-13,False
c:28484,Flagship Ventures,SOXX,2007-11-07,2007-12-31,2009-08-01,False
c:28658,First Round Capital,IGV,2009-08-14,2009-09-30,2011-06-14,False
c:28718,Andreessen Horowitz,IGV,2009-11-24,2009-12-31,2012-07-23,False
c:28718,Benchmark,IGV,2009-11-24,2009-12-31,2012-07-23,False
c:28720,First Round Capital,XBI,2009-08-03,2009-09-30,2011-10-12,False
c:28720,SV Angel,XBI,2009-08-03,2009-09-30,2011-10-12,True
c:28720,Felicis Ventures,XBI,2009-08-03,2009-09-30,2011-10-12,False
c:2902,Austin Ventures,IGV,2007-01-01,2007-03-31,2008-03-18,False
c:29051,SoftTech VC,IGV,2009-12-08,2009-12-31,2012-01-17,False
c:29051,Foundry Group,IGV,2010-04-20,2010-06-30,2012-01-17,False
c:29051,Highway 12 Ventures,IGV,2010-04-20,2010-06-30,2012-01-17,False
c:29051,Founders Fund,IGV,2010-04-20,2010-06-30,2012-01-17,True
c:29051,SoftTech VC,IGV,2010-04-20,2010-06-30,2012-01-17,False
c:29051,500 Startups,IGV,2010-04-20,2010-06-30,2012-01-17,False
c:29051,Techstars,IGV,2010-04-20,2010-06-30,2012-01-17,False
c:29184,Andreessen Horowitz,IGV,2009-12-23,2009-12-31,2010-08-19,False
c:29184,First Round Capital,IGV,2009-12-23,2009-12-31,2010-08-19,True
c:29184,Ron Conway,IGV,2009-12-23,2009-12-31,2010-08-19,True
c:2925,Greycroft Partners,IGV,2009-12-01,2009-12-31,2007-01-31,False
c:2925,Draper Fisher Jurvetson (DFJ),IGV,2009-12-01,2009-12-31,2007-01-31,False
c:29361,Accel Partners,IGV,2006-09-07,2006-09-30,2007-07-20,False
c:29361,Atlas Venture,IGV,2006-09-07,2006-09-30,2007-07-20,False
c:29365,Benchmark,IGV,2006-04-18,2006-06-30,2009-08-10,False
c:29369,Kleiner Perkins Caufield & Byers,XBI,2009-08-06,2009-09-30,2013-06-26,False
c:29369,TVM Capital,XBI,2009-08-06,2009-09-30,2013-06-26,False
c:29383,InterWest Partners,IGV,2009-08-11,2009-09-30,2010-10-26,False
c:2942,The Accelerator Group,IGV,2009-12-17,2009-12-31,2011-11-11,True
c:29587,New Cycle Capital,SOXX,2007-08-01,2007-09-30,2008-12-29,True
c:29618,First Round Capital,IGV,2009-02-19,2009-03-31,2011-06-29,False
c:29618,Ron Conway,IGV,2009-02-19,2009-03-31,2011-06-29,True
c:29618,Andreessen Horowitz,IGV,2009-09-01,2009-09-30,2011-06-29,False
c:29618,First Round Capital,IGV,2009-09-01,2009-09-30,2011-06-29,False
c:29618,SV Angel,IGV,2009-09-01,2009-09-30,2011-06-29,False
c:2966,Draper Fisher Jurvetson (DFJ),IGV,2006-10-01,2006-12-31,2007-06-02,False
c:29778,Mohr Davidow Ventures,IGV,2008-08-01,2008-09-30,2010-09-22,False
c:29834,Sequoia Capital,IGV,2008-03-01,2008-03-31,2009-08-01,False
c:29834,Storm Ventures,IGV,2008-03-01,2008-03-31,2009-08-01,False
c:29914,Greylock Partners,IGV,2007-11-15,2007-12-31,2009-08-18,False
c:29914,Madrona Venture Group,IGV,2007-11-15,2007-12-31,2009-08-18,False
c:29914,Shasta Ventures,IGV,2007-11-15,2007-12-31,2009-08-18,False
c:29930,Highland Capital Partners,IGV,2010-07-09,2010-09-30,2011-11-09,False
c:29930,BDC Venture Capital,IGV,2010-07-09,2010-09-30,2011-11-09,False
c:29974,Greylock Partners,IGV,2009-08-19,2009-09-30,2011-08-23,False
c:30230,Kleiner Perkins Caufield & Byers,SOXX,2006-10-12,2006-12-31,2007-09-19,False
c:30562,RRE Ventures,IGV,2009-08-28,2009-09-30,2011-02-15,False
c:30701,.406 Ventures,SOXX,2008-06-03,2008-06-30,2009-08-31,False
c:30800,Matrix Partners,IGV,2007-11-01,2007-12-31,2008-11-10,False
c:30814,Accel Partners,IGV,2010-04-01,2010-06-30,2011-07-12,False
c:30834,Benchmark,IGV,2009-09-15,2009-09-30,2010-02-18,False
c:3092,Prism Venture Management,IGV,2006-12-20,2006-12-31,2007-07-31,True
c:30939,North Bridge Venture Partners,IGV,2007-06-01,2007-06-30,2009-02-17,False
c:31038,Draper Fisher Jurvetson (DFJ),IGV,2010-11-12,2010-12-31,2013-03-05,True
c:31038,500 Startups,IGV,2010-11-12,2010-12-31,2013-03-05,True
c:31038,Draper Fisher Jurvetson (DFJ),IGV,2011-09-01,2011-09-30,2013-03-05,True
c:31124,Andreessen Horowitz,IGV,2010-02-12,2010-03-31,2011-08-01,False
c:31124,SV Angel,IGV,2010-02-12,2010-03-31,2011-08-01,True
c:31142,Intel Capital,IGV,2010-05-02,2010-06-30,2011-07-07,False
c:31142,Columbia Capital,IGV,2011-02-02,2011-03-31,2011-07-07,False
c:31142,Intel Capital,IGV,2011-02-02,2011-03-31,2011-07-07,False
c:31142,Noro-Moseley Partners,IGV,2011-02-02,2011-03-31,2011-07-07,False
c:31143,Bezos Expeditions,IGV,2009-08-21,2009-09-30,2010-11-30,False
c:31158,500 Startups,IGV,2010-03-29,2010-03-31,2010-11-30,True
c:3126,Benchmark,IGV,2008-03-13,2008-03-31,2008-10-28,False
c:31285,Alta Partners,XBI,2007-08-15,2007-09-30,2008-07-27,False
c:31591,500 Startups,IGV,2011-10-12,2011-12-31,2012-12-07,True
c:316,Bessemer Venture Partners,IGV,2006-03-01,2006-03-31,2006-12-01,True
c:316,SV Angel,IGV,2006-03-01,2006-03-31,2006-12-01,True
c:31660,Forbion Capital Partners,XBI,2010-02-11,2010-03-31,2011-12-01,False
c:31660,Erasmus MC Biomedical Fund,XBI,2010-02-11,2010-03-31,2011-12-01,False
c:31683,Austin Ventures,IGV,2007-01-01,2007-03-31,2008-03-01,False
c:31683,Shasta Ventures,IGV,2007-01-01,2007-03-31,2008-03-01,False
c:3178,Hummer Winblad Venture Partners,IGV,2007-08-15,2007-09-30,2008-08-05,False
c:31804,Intel Capital,IGV,2011-09-26,2011-09-30,2013-06-18,False
c:31804,Norwest Venture Partners,IGV,2011-09-26,2011-09-30,2013-06-18,False
c:3182,Hummer Winblad Venture Partners,IGV,2007-11-07,2007-12-31,2008-12-08,True
c:3187,Hummer Winblad Venture Partners,IGV,2006-12-05,2006-12-31,2008-08-18,True
c:319,Madrona Venture Group,IGV,2013-12-04,2013-12-31,2008-04-14,False
c:320,Alloy Ventures,IGV,2006-12-01,2006-12-31,2008-03-20,False
c:32052,Novartis Venture Fund,XBI,2009-09-15,2009-09-30,2011-04-26,False
c:3208,First Round Capital,IGV,2008-03-01,2008-03-31,2008-11-03,False
c:32297,Flagship Ventures,IGV,2006-01-17,2006-03-31,2007-10-24,False
c:32416,Draper Fisher Jurvetson (DFJ),IGV,2007-01-01,2007-03-31,2007-07-01,False
c:32421,Spark Capital,IGV,2009-09-23,2009-09-30,2010-11-17,False
c:32475,BlueRun Ventures,IGV,2008-03-01,2008-03-31,2010-12-08,False
c:32504,InterSouth Partners,XBI,2007-06-07,2007-06-30,2009-07-07,False
c:32573,Flagship Ventures,XBI,2007-03-01,2007-03-31,2007-10-09,False
c:32738,SR One,XBI,2013-09-04,2013-09-30,2010-09-09,False
c:32738,Kleiner Perkins Caufield & Byers,XBI,2013-09-04,2013-09-30,2010-09-09,False
c:32738,MPM Capital,XBI,2013-09-04,2013-09-30,2010-09-09,False
c:32767,Austin Ventures,SOXX,2007-07-30,2007-09-30,2009-08-28,False
c:32767,North Bridge Venture Partners,SOXX,2007-07-30,2007-09-30,2009-08-28,False
c:32950,Venrock,SOXX,2007-10-30,2007-12-31,2009-09-30,False
c:32950,RRE Ventures,SOXX,2007-10-30,2007-12-31,2009-09-30,False
c:33090,General Catalyst Partners,IGV,2008-12-01,2008-12-31,2009-05-01,True
c:33090,Highland Capital Partners,IGV,2008-12-01,2008-12-31,2009-05-01,True
c:33198,Accel Partners,IGV,2009-10-05,2009-12-31,2011-11-01,False
c:33209,ATA Ventures,IGV,2011-05-25,2011-06-30,2012-02-23,False
c:33416,Redpoint Ventures,IGV,2010-10-01,2010-12-31,2012-01-24,True
c:336,SV Angel,IGV,2006-01-01,2006-03-31,2007-07-01,True
c:33869,Draper Fisher Jurvetson (DFJ),IGV,2009-09-21,2009-09-30,2011-06-09,True
c:339,Union Square Ventures,IGV,2007-10-01,2007-12-31,2009-12-08,False
c:339,Union Square Ventures,IGV,2008-05-19,2008-06-30,2009-12-08,False
c:339,Union Square Ventures,IGV,2008-12-15,2008-12-31,2009-12-08,False
c:34,Novak Biddle Venture Partners,IGV,2006-05-01,2006-06-30,2007-02-01,False
c:34073,500 Startups,IGV,2010-08-30,2010-09-30,2011-05-26,False
c:34149,Index Ventures,IGV,2011-04-05,2011-06-30,2011-11-21,False
c:34199,5AM Ventures,XBI,2009-10-01,2009-12-31,2012-12-04,False
c:34239,Accel Partners,IGV,2011-09-21,2011-09-30,2012-06-19,False
c:34239,Felicis Ventures,IGV,2011-09-21,2011-09-30,2012-06-19,True
c:34268,Intel Capital,IGV,2008-01-22,2008-03-31,2009-10-20,False
c:34275,North Bridge Venture Partners,IGV,2009-10-01,2009-12-31,2010-02-23,False
c:34397,Index Ventures,IGV,2009-07-14,2009-09-30,2011-03-16,True
c:34607,Google Ventures,IGV,2011-11-17,2011-12-31,2012-04-30,False
c:34607,First Round Capital,IGV,2011-11-17,2011-12-31,2012-04-30,False
c:34633,Foundry Group,IGV,2009-05-13,2009-06-30,2010-12-21,True
c:34987,Lightspeed Venture Partners,IGV,2009-11-02,2009-12-31,2008-04-09,True
c:35,First Round Capital,IGV,2007-06-01,2007-06-30,2008-01-01,False
c:35007,Bessemer Venture Partners,IGV,2009-11-03,2009-12-31,2011-06-23,False
c:35041,First Round Capital,IGV,2009-11-01,2009-12-31,2011-06-02,False
c:35331,Foundry Group,IGV,2009-11-06,2009-12-31,2010-06-01,False
c:35597,Polaris Partners,XBI,2009-03-11,2009-03-31,2009-11-02,False
c:35667,Bezos Expeditions,IGV,2009-11-12,2009-12-31,2011-02-15,False
c:35848,Google Ventures,IGV,2010-12-29,2010-12-31,2011-12-01,False
c:35863,ARCH Venture Partners,XBI,2007-11-29,2007-12-31,2011-05-05,False
c:35863,Polaris Partners,XBI,2007-11-29,2007-12-31,2011-05-05,False
c:35863,Venrock,XBI,2007-11-29,2007-12-31,2011-05-05,False
c:35870,Index Ventures,IGV,2010-05-01,2010-06-30,2013-05-21,False
c:35870,Greylock Partners,IGV,2010-05-01,2010-06-30,2013-05-21,False
c:35870,First Round Capital,IGV,2010-05-01,2010-06-30,2013-05-21,False
c:35870,SV Angel,IGV,2010-05-01,2010-06-30,2013-05-21,True
c:36151,Polaris Partners,IGV,2009-11-19,2009-12-31,2010-04-27,False
c:3634,SV Angel,IGV,2007-07-01,2007-09-30,2008-08-05,True
c:36466,Goldman Sachs,SOXX,2009-11-24,2009-12-31,2010-04-21,True
c:36491,Venrock,IGV,2009-11-25,2009-12-31,2011-07-12,False
c:365,Mission Ventures,IGV,2007-12-19,2007-12-31,2009-04-09,False
c:365,Intel Capital,IGV,2007-12-19,2007-12-31,2009-04-09,False
c:36544,Canaan Partners,SOXX,2007-01-01,2007-03-31,2008-07-01,False
c:36582,Johnson & Johnson Development Corporation,XBI,2006-04-19,2006-06-30,2009-06-29,False
c:36587,New Enterprise Associates,XBI,2008-03-31,2008-03-31,2009-11-16,False
c:36587,Delphi Ventures,XBI,2008-03-31,2008-03-31,2009-11-16,False
c:36636,Trinity Ventures,IGV,2009-12-01,2009-12-31,2011-03-10,False
c:36689,MP Healthcare Venture Management,XBI,2010-11-29,2010-12-31,2013-12-09,False
c:36689,Novartis Venture Fund,XBI,2010-11-29,2010-12-31,2013-12-09,False
c:3670,Benchmark,IGV,2008-03-27,2008-03-31,2008-10-28,False
c:36759,Madrona Venture Group,IGV,2010-03-03,2010-03-31,2011-05-25,False
c:36827,Shasta Ventures,IGV,2010-11-09,2010-12-31,2011-07-09,False
c:36827,First Round Capital,IGV,2010-11-09,2010-12-31,2011-07-09,False
c:36827,SoftTech VC,IGV,2010-11-09,2010-12-31,2011-07-09,False
c:36827,Felicis Ventures,IGV,2010-11-09,2010-12-31,2011-07-09,True
c:36827,Tom McInerney,IGV,2010-11-09,2010-12-31,2011-07-09,False
c:36934,Highland Capital Partners,IGV,2008-02-01,2008-03-31,2009-11-24,False
c:36934,North Bridge Venture Partners,IGV,2008-02-01,2008-03-31,2009-11-24,False
c:37046,Greycroft Partners,IGV,2010-07-06,2010-09-30,2011-10-17,False
c:37046,ff Venture Capital,IGV,2010-07-06,2010-09-30,2011-10-17,False
c:37046,Paige Craig,IGV,2010-07-06,2010-09-30,2011-10-17,False
c:37241,North Bridge Venture Partners,XBI,2009-12-09,2009-12-31,2011-06-28,False
c:37345,Spark Capital,IGV,2012-05-01,2012-06-30,2013-11-19,False
c:37441,Highland Capital Partners,XBI,2007-09-12,2007-09-30,2010-09-28,False
c:37683,Atlas Venture,XBI,2009-12-14,2009-12-31,2012-02-28,False
c:37683,Bessemer Venture Partners,XBI,2009-12-14,2009-12-31,2012-02-28,True
c:37789,North Bridge Venture Partners,IGV,2009-12-14,2009-12-31,2010-12-20,False
c:37789,Sigma Partners,IGV,2009-12-14,2009-12-31,2010-12-20,False
c:37817,Bessemer Venture Partners,IGV,2010-05-28,2010-06-30,2011-10-06,False
c:37817,SV Angel,IGV,2010-05-28,2010-06-30,2011-10-06,True
c:37819,Commonwealth Capital Ventures,IGV,2008-02-08,2008-03-31,2010-09-09,True
c:37826,Matrix Partners,IGV,2010-01-20,2010-03-31,2010-07-06,False
c:3790,Leapfrog Ventures,IGV,2007-07-25,2007-09-30,2006-02-02,False
c:37902,Hummer Winblad Venture Partners,IGV,2008-08-01,2008-09-30,2009-12-16,False
c:37912,General Catalyst Partners,IGV,2009-12-15,2009-12-31,2012-03-05,True
c:37982,Johnson & Johnson Development Corporation,XBI,2007-08-14,2007-09-30,2009-12-16,False
c:38,Atomico,IGV,2007-07-01,2007-09-30,2007-12-01,True
c:38,Draper Fisher Jurvetson (DFJ),IGV,2007-07-01,2007-09-30,2007-12-01,False
c:38,Draper Richards,IGV,2007-07-01,2007-09-30,2007-12-01,True
c:38053,NIF SMBC Ventures,XBI,2007-02-21,2007-03-31,2008-02-01,False
c:38053,Japan Asia Investment,XBI,2007-02-21,2007-03-31,2008-02-01,False
c:38053,Jafco Ventures,XBI,2007-02-21,2007-03-31,2008-02-01,True
c:38053,Yasuda Enterprise Development,XBI,2007-02-21,2007-03-31,2008-02-01,False
c:38053,New Cycle Capital,XBI,2007-02-21,2007-03-31,2008-02-01,False
c:38053,Fund Creation,XBI,2007-02-21,2007-03-31,2008-02-01,False
c:38237,Morgenthaler Ventures,IGV,2008-02-20,2008-03-31,2013-06-26,False
c:383,Benchmark,IGV,2006-06-01,2006-06-30,2007-03-01,False
c:38430,Madrona Venture Group,IGV,2008-02-13,2008-03-31,2011-06-02,False
c:38473,SV Angel,IGV,2009-12-23,2009-12-31,2010-08-12,True
c:3860,Intel Capital,IGV,2006-04-26,2006-06-30,2008-04-02,False
c:38811,Bessemer Venture Partners,IGV,2010-12-13,2010-12-31,2011-10-17,False
c:38811,Felicis Ventures,IGV,2010-12-13,2010-12-31,2011-10-17,False
c:3891,Polaris Partners,IGV,2009-07-27,2009-09-30,2011-03-01,True
c:38920,Draper Fisher Jurvetson (DFJ),IGV,2008-01-01,2008-03-31,2010-07-14,False
c:39101,Benchmark,IGV,2010-01-05,2010-03-31,2010-05-24,False
c:39169,Benchmark,IGV,2010-03-28,2010-03-31,2012-05-14,True
c:39169,SV Angel,IGV,2010-03-28,2010-03-31,2012-05-14,True
c:3949,Matrix Partners,IGV,2010-04-26,2010-06-30,2007-02-01,True
c:3950,Sequoia Capital,IGV,2008-01-01,2008-03-31,2009-03-11,False
c:39571,First Round Capital,IGV,2010-08-03,2010-09-30,2011-03-10,False
c:39571,SoftTech VC,IGV,2010-08-03,2010-09-30,2011-03-10,True
c:39706,New Atlantic Ventures,IGV,2011-04-12,2011-06-30,2012-05-24,False
c:39743,General Catalyst Partners,IGV,2009-10-16,2009-12-31,2013-04-25,False
c:39751,Sigma Partners,IGV,2006-08-21,2006-09-30,2007-08-29,True
c:39807,Matrix Partners,IGV,2009-12-12,2009-12-31,2010-02-01,False
c:39965,BlueRun Ventures,IGV,2009-07-01,2009-09-30,2011-04-28,False
c:39965,Founders Fund,IGV,2009-07-01,2009-09-30,2011-04-28,False
c:40159,Matrix Partners,IGV,2010-12-06,2010-12-31,2011-07-01,False
c:40159,Trinity Ventures,IGV,2010-12-06,2010-12-31,2011-07-01,False
c:40211,SV Life Sciences,XBI,2011-12-13,2011-12-31,2013-11-14,False
c:40211,Clarus Ventures,XBI,2011-12-13,2011-12-31,2013-11-14,False
c:40211,Advanced Technology Ventures,XBI,2011-12-13,2011-12-31,2013-11-14,False
c:40268,.406 Ventures,IGV,2010-06-08,2010-06-30,2012-04-12,False
c:40417,Canaan Partners,XBI,2010-01-21,2010-03-31,2012-01-04,False
c:40417,Canaan Partners,XBI,2011-09-26,2011-09-30,2012-01-04,False
c:40417,Mesa Verde Venture Partners,XBI,2011-09-26,2011-09-30,2012-01-04,False
c:40667,Battery Ventures,IGV,2011-03-21,2011-03-31,2013-02-27,True
c:40667,RRE Ventures,IGV,2011-03-21,2011-03-31,2013-02-27,False
c:40667,Battery Ventures,IGV,2011-11-02,2011-12-31,2013-02-27,True
c:40667,DFJ Gotham Ventures,IGV,2011-11-02,2011-12-31,2013-02-27,False
c:40667,RRE Ventures,IGV,2011-11-02,2011-12-31,2013-02-27,False
c:40872,Sequoia Capital,IGV,2010-08-20,2010-09-30,2011-03-01,False
c:40872,Felicis Ventures,IGV,2010-08-20,2010-09-30,2011-03-01,False
c:40954,Mohr Davidow Ventures,IGV,2011-01-05,2011-03-31,2011-08-31,False
c:4099,Greylock Partners,IGV,2007-05-07,2007-06-30,2009-05-01,False
c:4099,Greylock Partners,IGV,2008-02-01,2008-03-31,2009-05-01,False
c:4106,Amicus Capital,IGV,2007-05-01,2007-06-30,2009-05-01,True
c:41181,Khosla Ventures,IGV,2010-02-01,2010-03-31,2012-06-27,False
c:41236,Menlo Ventures,IGV,2010-09-16,2010-09-30,2011-08-01,False
c:41236,True Ventures,IGV,2010-09-16,2010-09-30,2011-08-01,False
c:41484,Index Ventures,IGV,2009-06-01,2009-06-30,2010-09-13,False
c:41567,Greycroft Partners,IGV,2012-03-15,2012-03-31,2012-12-20,False
c:41573,General Catalyst Partners,IGV,2010-09-07,2010-09-30,2011-09-08,False
c:41593,First Round Capital,IGV,2010-09-01,2010-09-30,2011-08-10,True
c:41593,SV Angel,IGV,2010-09-01,2010-09-30,2011-08-10,True
c:41593,500 Startups,IGV,2010-09-01,2010-09-30,2011-08-10,True
c:41614,Battery Ventures,IGV,2010-02-09,2010-03-31,2013-10-03,False
c:4185,Venrock,IGV,2008-02-15,2008-03-31,2010-07-22,False
c:42053,Index Ventures,IGV,2010-11-01,2010-12-31,2012-04-16,False
c:42053,First Round Capital,IGV,2010-11-01,2010-12-31,2012-04-16,True
c:42053,Founders Fund,IGV,2010-11-01,2010-12-31,2012-04-16,True
c:42053,SV Angel,IGV,2010-11-01,2010-12-31,2012-04-16,True
c:42053,Timothy Draper,IGV,2010-11-01,2010-12-31,2012-04-16,True
c:42053,Kleiner Perkins Caufield & Byers,IGV,2011-02-01,2011-03-31,2012-04-16,False
c:42053,Index Ventures,IGV,2011-02-01,2011-03-31,2012-04-16,False
c:42053,First Round Capital,IGV,2011-02-01,2011-03-31,2012-04-16,True
c:42055,500 Startups,IGV,2012-01-17,2012-03-31,2012-12-20,True
c:42172,Austin Ventures,IGV,2010-04-14,2010-06-30,2011-09-26,False
c:4219,BlueRun Ventures,IGV,2007-03-13,2007-03-31,2008-04-09,False
c:42221,New Leaf Venture Partners,XBI,2010-02-17,2010-03-31,2012-04-12,True
c:42280,Intel Capital,IGV,2006-04-20,2006-06-30,2007-06-07,False
c:425,Accel Partners,IGV,2008-10-01,2008-12-31,2011-10-18,False
c:425,Sequoia Capital,IGV,2008-10-01,2008-12-31,2011-10-18,False
c:42524,BDC Venture Capital,IGV,2010-03-08,2010-03-31,2012-01-31,False
c:42689,Highland Capital Partners,IGV,2010-02-25,2010-03-31,2011-05-23,True
c:43210,Index Ventures,IGV,2011-04-21,2011-06-30,2012-04-02,False
c:43216,Bessemer Venture Partners,IGV,2011-01-01,2011-03-31,2012-05-03,False
c:43233,Baseline Ventures,IGV,2011-02-02,2011-03-31,2012-04-05,False
c:43233,Benchmark,IGV,2011-02-02,2011-03-31,2012-04-05,False
c:43455,FirstMark Capital,IGV,2011-09-06,2011-09-30,2012-12-06,False
c:43455,First Round Capital,IGV,2011-09-06,2011-09-30,2012-12-06,True
c:43455,First Round Capital,IGV,2010-07-01,2010-09-30,2012-12-06,True
c:43486,Canaan Partners,XBI,2010-11-04,2010-12-31,2012-05-16,False
c:43552,Kleiner Perkins Caufield & Byers,IGV,2010-12-01,2010-12-31,2013-03-05,False
c:43552,Kleiner Perkins Caufield & Byers,IGV,2011-07-19,2011-09-30,2013-03-05,False
c:43560,Steamboat Ventures,IGV,2010-02-24,2010-03-31,2011-02-15,False
c:43665,Greylock Partners,IGV,2010-03-11,2010-03-31,2011-10-11,True
c:437,Sequoia Capital,IGV,2007-12-26,2007-12-31,2008-08-06,False
c:437,SV Angel,IGV,2007-12-26,2007-12-31,2008-08-06,True
c:43755,Atlas Venture,XBI,2006-09-11,2006-09-30,2010-03-29,False
c:43907,MPM Capital,XBI,2010-03-15,2010-03-31,2012-06-13,False
c:43907,New Enterprise Associates,XBI,2010-03-15,2010-03-31,2012-06-13,False
c:43916,MPM Capital,XBI,2010-03-16,2010-03-31,2013-08-27,False
c:44061,Spark Capital,IGV,2011-04-05,2011-06-30,2013-07-16,True
c:44086,Venrock,IGV,2010-03-18,2010-03-31,2011-07-27,False
c:44086,US Venture Partners,IGV,2010-03-18,2010-03-31,2011-07-27,False
c:44086,First Round Capital,IGV,2010-03-18,2010-03-31,2011-07-27,False
c:44086,Felicis Ventures,IGV,2010-03-18,2010-03-31,2011-07-27,True
c:44295,Draper Fisher Jurvetson (DFJ),IGV,2011-05-19,2011-06-30,2013-02-05,False
c:44295,DFJ Gotham Ventures,IGV,2011-05-19,2011-06-30,2013-02-05,False
c:44295,Polaris Partners,IGV,2011-05-19,2011-06-30,2013-02-05,False
c:44295,Zelkova Ventures,IGV,2011-05-19,2011-06-30,2013-02-05,True
c:4446,Kleiner Perkins Caufield & Byers,IGV,2008-01-01,2008-03-31,2010-07-13,False
c:44467,Bessemer Venture Partners,IGV,2010-12-01,2010-12-31,2012-10-03,False
c:44467,Jason Finger,IGV,2010-12-01,2010-12-31,2012-10-03,True
c:44516,Sigma Partners,SOXX,2011-01-12,2011-03-31,2011-07-27,False
c:44640,Crosslink Capital,IGV,2012-03-14,2012-03-31,2013-03-12,False
c:44640,Intel Capital,IGV,2012-03-14,2012-03-31,2013-03-12,False
c:44692,US Venture Partners,IGV,2011-08-29,2011-09-30,2012-06-07,False
c:44692,Webb Investment Network,IGV,2011-08-29,2011-09-30,2012-06-07,True
c:44948,Benchmark,IGV,2011-01-12,2011-03-31,2011-05-05,True
c:44960,Accel Partners,IGV,2011-12-01,2011-12-31,2013-01-07,False
c:45266,Highland Capital Partners,IGV,2009-05-01,2009-06-30,2010-04-26,False
c:45266,Canaan Partners,IGV,2009-05-01,2009-06-30,2010-04-26,False
c:45266,Ron Conway,IGV,2009-05-01,2009-06-30,2010-04-26,True
c:45363,Sequoia Capital,IGV,2010-04-07,2010-06-30,2011-08-24,False
c:4538,Baseline Ventures,IGV,2009-05-19,2009-06-30,2011-11-18,False
c:45478,Hummer Winblad Venture Partners,IGV,2010-03-24,2010-03-31,2011-09-30,False
c:45478,US Venture Partners,IGV,2010-03-24,2010-03-31,2011-09-30,False
c:45529,Index Ventures,IGV,2010-04-11,2010-06-30,2011-02-14,False
c:45529,First Round Capital,IGV,2010-04-11,2010-06-30,2011-02-14,True
c:45529,SV Angel,IGV,2010-04-11,2010-06-30,2011-02-14,True
c:45605,Emergence Capital Partners,IGV,2008-11-04,2008-12-31,2010-04-15,False
c:45694,Greylock Partners,IGV,2010-04-13,2010-06-30,2011-06-13,False
c:45694,SV Angel,IGV,2010-04-13,2010-06-30,2011-06-13,True
c:45885,Battery Ventures,IGV,2009-12-31,2009-12-31,2011-09-15,False
c:45885,First Round Capital,IGV,2009-12-31,2009-12-31,2011-09-15,False
c:46007,Third Rock Ventures,XBI,2011-10-18,2011-12-31,2012-09-20,False
c:46007,Kleiner Perkins Caufield & Byers,XBI,2011-10-18,2011-12-31,2012-09-20,False
c:46007,Google Ventures,XBI,2011-10-18,2011-12-31,2012-09-20,False
c:46179,Domain Associates,XBI,2006-10-10,2006-12-31,2011-04-18,False
c:46410,Lightspeed Venture Partners,IGV,2010-10-27,2010-12-31,2011-09-21,False
c:46410,Sequoia Capital,IGV,2010-10-27,2010-12-31,2011-09-21,True
c:46943,Accel Partners,IGV,2011-06-29,2011-06-30,2012-09-17,False
c:46943,New Enterprise Associates,IGV,2011-06-29,2011-06-30,2012-09-17,False
c:46967,RRE Ventures,IGV,2011-03-07,2011-03-31,2013-04-21,False
c:46967,Spark Capital,IGV,2011-03-07,2011-03-31,2013-04-21,False
c:46967,Union Square Ventures,IGV,2011-03-07,2011-03-31,2013-04-21,False
c:47120,Timothy Draper,IGV,2010-01-01,2010-03-31,2012-06-05,False
c:47146,IA Ventures,IGV,2012-01-05,2012-03-31,2013-08-27,False
c:47146,Matrix Partners,IGV,2012-01-05,2012-03-31,2013-08-27,True
c:47218,IA Ventures,IGV,2010-12-20,2010-12-31,2013-07-23,False
c:47218,SV Angel,IGV,2010-12-20,2010-12-31,2013-07-23,True
c:47218,FirstMark Capital,IGV,2012-09-14,2012-09-30,2013-07-23,False
c:47218,IA Ventures,IGV,2012-09-14,2012-09-30,2013-07-23,False
c:47254,Claremont Creek Ventures,SOXX,2011-09-15,2011-09-30,2013-03-11,False
c:47255,Lightspeed Venture Partners,IGV,2008-01-01,2008-03-31,2010-05-03,False
c:47255,Greylock Partners,IGV,2008-01-01,2008-03-31,2010-05-03,False
c:47368,Kleiner Perkins Caufield & Byers,IGV,2010-07-20,2010-09-30,2011-04-14,False
c:47368,Index Ventures,IGV,2010-07-20,2010-09-30,2011-04-14,False
c:47368,SV Angel,IGV,2010-07-20,2010-09-30,2011-04-14,True
c:4753,Benchmark,IGV,2008-04-01,2008-06-30,2010-02-08,False
c:47587,Alloy Ventures,IGV,2010-05-07,2010-06-30,2011-06-06,False
c:47587,North Bridge Venture Partners,IGV,2010-05-07,2010-06-30,2011-06-06,False
c:47828,Lightspeed Venture Partners,IGV,2011-05-25,2011-06-30,2013-08-23,False
c:47828,FLOODGATE,IGV,2011-05-25,2011-06-30,2013-08-23,True
c:47828,Michael Birch,IGV,2011-05-25,2011-06-30,2013-08-23,True
c:47871,Battery Ventures,IGV,2012-03-07,2012-03-31,2013-02-05,False
c:4794,Venrock,IGV,2006-08-01,2006-09-30,2007-04-18,True
c:48101,Shasta Ventures,IGV,2011-05-04,2011-06-30,2011-12-13,False
c:48101,First Round Capital,IGV,2011-05-04,2011-06-30,2011-12-13,False
c:48101,Baseline Ventures,IGV,2011-05-04,2011-06-30,2011-12-13,False
c:48101,FLOODGATE,IGV,2011-05-04,2011-06-30,2011-12-13,False
c:48101,500 Startups,IGV,2011-05-04,2011-06-30,2011-12-13,True
c:48183,General Catalyst Partners,IGV,2010-08-31,2010-09-30,2012-05-22,False
c:4830,Madrona Venture Group,IGV,2011-03-29,2011-03-31,2013-03-20,False
c:4832,Canaan Partners,IGV,2007-09-01,2007-09-30,2009-10-01,False
c:48327,FLOODGATE,IGV,2010-06-01,2010-06-30,2012-04-26,True
c:48327,IA Ventures,IGV,2011-05-31,2011-06-30,2012-04-26,False
c:48327,Village Ventures,IGV,2011-05-31,2011-06-30,2012-04-26,False
c:48327,True Ventures,IGV,2011-05-31,2011-06-30,2012-04-26,False
c:48327,Neu Venture Capital,IGV,2011-05-31,2011-06-30,2012-04-26,False
c:48756,In-Q-Tel,IGV,2009-07-01,2009-09-30,2010-06-01,False
c:48759,New Enterprise Associates,XBI,2010-05-28,2010-06-30,2011-06-21,False
c:4892,Benchmark,IGV,2008-04-01,2008-06-30,2008-11-12,False
c:49235,Lightspeed Venture Partners,IGV,2007-01-25,2007-03-31,2011-08-31,True
c:49235,Lightspeed Venture Partners,IGV,2010-12-06,2010-12-31,2011-08-31,True
c:49235,Lightspeed Venture Partners,IGV,2010-12-01,2010-12-31,2011-08-31,True
c:49235,Lightspeed Venture Partners,IGV,2007-01-01,2007-03-31,2011-08-31,True
c:49427,Greycroft Partners,IGV,2010-06-09,2010-06-30,2012-08-21,False
c:49439,Greycroft Partners,IGV,2010-09-27,2010-09-30,2013-05-07,False
c:49520,SoftBank Capital,IGV,2011-04-07,2011-06-30,2013-04-17,False
c:49520,RRE Ventures,IGV,2011-04-07,2011-06-30,2013-04-17,False
c:49520,SV Angel,IGV,2011-04-07,2011-06-30,2013-04-17,True
c:49623,New Enterprise Associates,IGV,2009-07-22,2009-09-30,2011-08-30,False
c:49623,Lightspeed Venture Partners,IGV,2009-07-22,2009-09-30,2011-08-30,False
c:49696,Battery Ventures,IGV,2010-06-14,2010-06-30,2011-11-03,False
c:49877,EPIC Ventures,IGV,2010-03-01,2010-03-31,2011-04-15,False
c:50295,Sequoia Capital,IGV,2010-06-23,2010-06-30,2011-10-24,False
c:5032,Genesis Partners,SOXX,2006-08-08,2006-09-30,2008-05-06,False
c:505,Prism Venture Management,IGV,2007-08-01,2007-09-30,2009-09-15,False
c:50597,RRE Ventures,IGV,2010-06-29,2010-06-30,2011-08-02,False
c:50597,SoftBank Capital,IGV,2010-06-29,2010-06-30,2011-08-02,False
c:50734,IA Ventures,IGV,2010-11-11,2010-12-31,2012-04-24,False
c:5085,Andreessen Horowitz,IGV,2009-10-29,2009-12-31,2010-10-29,False
c:50890,Benchmark,IGV,2011-02-14,2011-03-31,2011-12-07,False
c:50890,First Round Capital,IGV,2011-02-14,2011-03-31,2011-12-07,True
c:51239,Sequoia Capital,IGV,2010-06-23,2010-06-30,2010-08-23,False
c:513,Sigma Partners,IGV,2006-12-01,2006-12-31,2008-04-02,False
c:5147,FirstMark Capital,IGV,2011-11-30,2011-12-31,2013-03-19,False
c:5147,Lerer Ventures,IGV,2011-11-30,2011-12-31,2013-03-19,True
c:51663,Trinity Ventures,IGV,2010-11-23,2010-12-31,2011-07-12,False
c:51663,El Dorado Ventures,IGV,2010-11-23,2010-12-31,2011-07-12,False
c:51663,Webb Investment Network,IGV,2010-11-23,2010-12-31,2011-07-12,False
c:517,Union Square Ventures,IGV,2008-04-07,2008-06-30,2013-06-13,False
c:517,Spark Capital,IGV,2008-04-07,2008-06-30,2013-06-13,False
c:51767,Matrix Partners,IGV,2012-01-04,2012-03-31,2012-10-16,False
c:51767,Atlas Venture,IGV,2012-01-04,2012-03-31,2012-10-16,False
c:51808,Claremont Creek Ventures,XBI,2010-07-13,2010-09-30,2011-03-01,True
c:52073,New Enterprise Associates,IGV,2010-10-04,2010-12-31,2013-10-04,False
c:52073,New Enterprise Associates,IGV,2011-05-09,2011-06-30,2013-10-04,False
c:52126,Accel Partners,IGV,2010-09-17,2010-09-30,2011-05-11,False
c:52126,Norwest Venture Partners,IGV,2010-09-17,2010-09-30,2011-05-11,False
c:52126,FLOODGATE,IGV,2010-09-17,2010-09-30,2011-05-11,False
c:52269,North Bridge Venture Partners,IGV,2010-07-21,2010-09-30,2010-09-22,False
c:52269,Greylock Partners,IGV,2010-07-21,2010-09-30,2010-09-22,False
c:52406,Austin Ventures,XBI,2010-08-30,2010-09-30,2012-06-05,False
c:52416,Amicus Capital,IGV,2010-06-01,2010-06-30,2011-07-26,True
c:52416,Amicus Capital,IGV,2010-03-12,2010-03-31,2011-07-26,True
c:5274,Atlas Venture,IGV,2006-04-14,2006-06-30,2006-12-18,False
c:52750,Greylock Partners,IGV,2011-09-28,2011-09-30,2012-08-29,False
c:52750,Felicis Ventures,IGV,2011-09-28,2011-09-30,2012-08-29,False
c:52750,FLOODGATE,IGV,2011-09-28,2011-09-30,2012-08-29,True
c:52760,Alta Partners,XBI,2008-07-07,2008-09-30,2010-07-26,False
c:5293,Khosla Ventures,SOXX,2007-06-01,2007-06-30,2008-02-12,False
c:53,Bessemer Venture Partners,IGV,2006-10-01,2006-12-31,2007-05-01,True
c:531,Morgenthaler Ventures,IGV,2007-08-01,2007-09-30,2008-11-25,False
c:5314,Ron Conway,IGV,2008-02-01,2008-03-31,2008-05-13,True
c:5316,North Bridge Venture Partners,IGV,2007-02-22,2007-03-31,2008-05-01,False
c:53276,New Enterprise Associates,XBI,2006-12-06,2006-12-31,2012-11-13,False
c:53343,Hummer Winblad Venture Partners,IGV,2011-04-06,2011-06-30,2012-07-17,False
c:53343,Crosslink Capital,IGV,2011-04-06,2011-06-30,2012-07-17,True
c:53343,True Ventures,IGV,2011-04-06,2011-06-30,2012-07-17,False
c:5342,Hummer Winblad Venture Partners,IGV,2008-04-15,2008-06-30,2005-07-19,False
c:53451,New Enterprise Associates,IGV,2011-02-02,2011-03-31,2011-10-31,False
c:53451,Valhalla Partners,IGV,2011-02-02,2011-03-31,2011-10-31,False
c:53451,Novak Biddle Venture Partners,IGV,2011-02-02,2011-03-31,2011-10-31,False
c:53516,Highway 12 Ventures,IGV,2010-09-15,2010-09-30,2012-01-12,False
c:53516,Techstars,IGV,2010-09-15,2010-09-30,2012-01-12,True
c:53625,First Round Capital,IGV,2011-04-18,2011-06-30,2012-05-09,True
c:53757,500 Startups,IGV,2011-03-14,2011-03-31,2013-08-06,True
c:53757,Webb Investment Network,IGV,2011-03-14,2011-03-31,2013-08-06,True
c:53757,Webb Investment Network,IGV,2011-09-08,2011-09-30,2013-08-06,True
c:5411,Greycroft Partners,IGV,2008-05-14,2008-06-30,2009-10-16,False
c:5454,Accel Partners,IGV,2006-04-01,2006-06-30,2008-10-14,True
c:54545,Ignition Partners,IGV,2011-01-25,2011-03-31,2012-06-12,False
c:54701,Flybridge Capital Partners,IGV,2010-08-19,2010-09-30,2011-04-18,False
c:54701,First Round Capital,IGV,2010-08-19,2010-09-30,2011-04-18,False
c:54701,Ron Conway,IGV,2010-08-19,2010-09-30,2011-04-18,True
c:5487,ATA Ventures,IGV,2007-11-01,2007-12-31,2008-06-12,False
c:54912,InterSouth Partners,IGV,2010-08-23,2010-09-30,2011-08-22,False
c:54973,Mohr Davidow Ventures,XBI,2011-03-23,2011-03-31,2013-05-08,False
c:54973,Mayfield Fund,XBI,2011-12-06,2011-12-31,2013-05-08,False
c:54973,Mohr Davidow Ventures,XBI,2011-12-06,2011-12-31,2013-05-08,False
c:55043,Accel Partners,IGV,2010-11-03,2010-12-31,2011-05-29,False
c:5508,US Venture Partners,IGV,2008-08-14,2008-09-30,2010-12-13,False
c:5508,Venrock,IGV,2008-08-14,2008-09-30,2010-12-13,False
c:55121,Index Ventures,IGV,2011-03-08,2011-03-31,2012-06-19,False
c:55307,Madrona Venture Group,IGV,2011-01-01,2011-03-31,2011-08-10,False
c:55307,First Round Capital,IGV,2011-01-01,2011-03-31,2011-08-10,False
c:55307,Ignition Partners,IGV,2011-01-01,2011-03-31,2011-08-10,False
c:5543,Intel Capital,IGV,2007-07-23,2007-09-30,2008-11-12,False
c:5543,First Round Capital,IGV,2007-07-23,2007-09-30,2008-11-12,False
c:55445,Battery Ventures,IGV,2011-09-13,2011-09-30,2013-08-15,True
c:55445,500 Startups,IGV,2011-09-13,2011-09-30,2013-08-15,True
c:55473,vSpring Capital,XBI,2010-08-30,2010-09-30,2011-01-04,False
c:55474,US Venture Partners,XBI,2010-08-30,2010-09-30,2012-06-27,False
c:555,Canaan Partners,IGV,2007-08-23,2007-09-30,2009-03-19,False
c:55658,New Enterprise Associates,IGV,2010-09-02,2010-09-30,2012-08-14,False
c:5585,First Round Capital,IGV,2007-05-01,2007-06-30,2009-02-25,False
c:56159,BDC Venture Capital,XBI,2010-09-07,2010-09-30,2012-11-02,False
c:5617,First Round Capital,IGV,2007-01-29,2007-03-31,2008-07-29,False
c:56445,Highway 12 Ventures,IGV,2010-10-12,2010-12-31,2013-06-12,False
c:56616,Trinity Ventures,IGV,2010-09-14,2010-09-30,2011-03-01,False
c:5669,Accel Partners,IGV,2008-05-21,2008-06-30,2009-04-07,False
c:5669,First Round Capital,IGV,2008-05-21,2008-06-30,2009-04-07,False
c:5669,Ron Conway,IGV,2008-05-21,2008-06-30,2009-04-07,True
c:56757,Spark Capital,IGV,2010-09-15,2010-09-30,2011-01-03,False
c:56757,First Round Capital,IGV,2010-09-15,2010-09-30,2011-01-03,False
c:57003,FirstMark Capital,IGV,2011-03-03,2011-03-31,2013-03-21,False
c:57045,Lightspeed Venture Partners,IGV,2010-09-20,2010-09-30,2011-01-25,False
c:57045,New Enterprise Associates,IGV,2010-09-20,2010-09-30,2011-01-25,False
c:57066,First Round Capital,IGV,2010-01-01,2010-03-31,2013-06-13,False
c:57066,Felicis Ventures,IGV,2010-01-01,2010-03-31,2013-06-13,True
c:57103,Trinity Ventures,IGV,2010-09-21,2010-09-30,2011-06-07,False
c:57103,Mohr Davidow Ventures,IGV,2010-09-21,2010-09-30,2011-06-07,False
c:57258,IA Ventures,IGV,2011-07-11,2011-09-30,2012-11-12,False
c:57258,IA Ventures,IGV,2012-05-02,2012-06-30,2012-11-12,False
c:57418,Highland Capital Partners,IGV,2009-01-01,2009-03-31,2011-05-11,False
c:57700,RRE Ventures,IGV,2010-09-29,2010-09-30,2012-08-14,False
c:57700,Greycroft Partners,IGV,2010-09-29,2010-09-30,2012-08-14,False
c:58042,Shasta Ventures,IGV,2012-06-30,2012-06-30,2013-07-31,False
c:58115,InterSouth Partners,IGV,2010-10-05,2010-12-31,2012-03-01,False
c:58115,Intel Capital,IGV,2010-11-17,2010-12-31,2012-03-01,False
c:58255,Accel Partners,IGV,2009-08-01,2009-09-30,2011-01-17,False
c:5867,New Enterprise Associates,IGV,2006-05-08,2006-06-30,2012-05-09,False
c:58809,Lightspeed Venture Partners,IGV,2011-07-21,2011-09-30,2012-01-19,True
c:58809,Flybridge Capital Partners,IGV,2011-07-21,2011-09-30,2012-01-19,True
c:58846,Bessemer Venture Partners,IGV,2011-05-07,2011-06-30,2011-10-07,False
c:58846,FirstMark Capital,IGV,2011-05-07,2011-06-30,2011-10-07,False
c:58846,Michael Birch,IGV,2011-05-07,2011-06-30,2011-10-07,True
c:58846,Ron Conway,IGV,2011-05-07,2011-06-30,2011-10-07,True
c:58916,FirstMark Capital,IGV,2011-07-27,2011-09-30,2012-04-26,False
c:58944,Accel Partners,IGV,2011-07-12,2011-09-30,2012-09-20,False
c:59031,Matrix Partners,IGV,2010-11-29,2010-12-31,2011-07-25,False
c:59431,Battery Ventures,IGV,2010-11-04,2010-12-31,2012-04-11,False
c:59431,Battery Ventures,IGV,2011-09-07,2011-09-30,2012-04-11,False
c:5946,Accel Partners,IGV,2008-07-15,2008-09-30,2010-06-01,False
c:5951,Kleiner Perkins Caufield & Byers,IGV,2010-05-01,2010-06-30,2008-01-14,False
c:59710,Accel Partners,IGV,2010-08-27,2010-09-30,2011-06-21,False
c:59772,Foundry Group,IGV,2011-04-06,2011-06-30,2013-03-20,False
c:59859,Spark Capital,IGV,2011-08-15,2011-09-30,2013-06-25,False
c:59859,Accel Partners,IGV,2011-08-15,2011-09-30,2013-06-25,True
c:5986,Bay Partners,IGV,2008-08-01,2008-09-30,2009-08-17,False
c:60250,Index Ventures,XBI,2010-10-27,2010-12-31,2013-09-04,False
c:60250,Index Ventures,XBI,2011-01-11,2011-03-31,2013-09-04,False
c:60361,Bessemer Venture Partners,IGV,2010-10-28,2010-12-31,2013-03-13,False
c:60361,Columbia Capital,IGV,2010-10-28,2010-12-31,2013-03-13,False
c:60361,Kleiner Perkins Caufield & Byers,IGV,2010-10-28,2010-12-31,2013-03-13,False
c:60371,Rembrandt Venture Partners,IGV,2011-09-01,2011-09-30,2012-06-21,False
c:60371,Foundation Capital,IGV,2011-09-01,2011-09-30,2012-06-21,False
c:60797,ff Venture Capital,IGV,2010-09-01,2010-09-30,2011-11-01,False
c:60797,RRE Ventures,IGV,2010-09-01,2010-09-30,2011-11-01,False
c:6110,Canaan Partners,IGV,2007-01-01,2007-03-31,2008-06-03,False
c:61185,First Round Capital,IGV,2010-12-06,2010-12-31,2011-08-04,True
c:61185,FLOODGATE,IGV,2010-12-06,2010-12-31,2011-08-04,True
c:61204,Opus Capital,IGV,2012-06-01,2012-06-30,2013-03-12,False
c:61204,Shasta Ventures,IGV,2012-06-01,2012-06-30,2013-03-12,False
c:61204,Google Ventures,IGV,2012-06-01,2012-06-30,2013-03-12,False
c:61204,Google Ventures,IGV,2012-06-01,2012-06-30,2013-03-12,False
c:61204,Opus Capital,IGV,2012-06-01,2012-06-30,2013-03-12,False
c:61204,Shasta Ventures,IGV,2012-06-01,2012-06-30,2013-03-12,False
c:61254,Trinity Ventures,IGV,2011-02-17,2011-03-31,2012-07-16,False
c:61254,Venrock,IGV,2011-02-17,2011-03-31,2012-07-16,False
c:61282,Flybridge Capital Partners,IGV,2010-11-10,2010-12-31,2011-05-01,False
c:6158,Kleiner Perkins Caufield & Byers,IGV,2007-07-01,2007-09-30,2009-04-13,False
c:61664,Shasta Ventures,SOXX,2010-09-21,2010-09-30,2011-08-01,False
c:61664,Kleiner Perkins Caufield & Byers,SOXX,2010-09-21,2010-09-30,2011-08-01,False
c:61691,Bessemer Venture Partners,XBI,2010-11-16,2010-12-31,2011-07-14,False
c:61691,Cardinal Partners,XBI,2010-11-16,2010-12-31,2011-07-14,False
c:61691,MPM Capital,XBI,2010-11-16,2010-12-31,2011-07-14,False
c:617,Hummer Winblad Venture Partners,IGV,2006-10-01,2006-12-31,2007-05-22,False
c:61783,Foundry Group,IGV,2009-01-01,2009-03-31,2010-11-30,False
c:61783,Foundry Group,IGV,2009-10-01,2009-12-31,2010-11-30,False
c:62424,True Ventures,IGV,2010-12-30,2010-12-31,2011-12-19,False
c:62432,SoftBank Capital,IGV,2010-01-01,2010-03-31,2010-11-24,False
c:63505,Andreessen Horowitz,IGV,2010-12-08,2010-12-31,2011-10-21,False
c:63505,Greylock Partners,IGV,2010-12-08,2010-12-31,2011-10-21,False
c:63505,500 Startups,IGV,2010-12-08,2010-12-31,2011-10-21,True
c:637,Highland Capital Partners,IGV,2007-05-01,2007-06-30,2007-09-05,False
c:6384,Fidelity Ventures,IGV,2007-10-01,2007-12-31,2009-02-26,True
c:6384,Prism Venture Management,IGV,2007-10-01,2007-12-31,2009-02-26,False
c:64572,Trinity Ventures,IGV,2011-09-21,2011-09-30,2013-05-22,False
c:64601,Shasta Ventures,IGV,2011-05-10,2011-06-30,2013-01-15,False
c:64601,FLOODGATE,IGV,2011-05-10,2011-06-30,2013-01-15,False
c:64760,Charles River Ventures,IGV,2011-10-14,2011-12-31,2012-05-16,False
c:6525,Intel Capital,IGV,2009-12-15,2009-12-31,2010-06-01,False
c:6526,Intel Capital,IGV,2008-06-03,2008-06-30,2010-08-25,False
c:65680,MPM Capital,XBI,2011-01-07,2011-03-31,2011-12-07,False
c:65691,Accel Partners,IGV,2012-03-02,2012-03-31,2013-04-09,False
c:65827,Canaan Partners,XBI,2011-01-10,2011-03-31,2013-09-11,False
c:65916,Draper Fisher Jurvetson (DFJ),IGV,2010-08-13,2010-09-30,2013-03-06,False
c:65919,Battery Ventures,IGV,2010-01-01,2010-03-31,2012-04-01,False
c:65919,Qualcomm Ventures,IGV,2010-01-01,2010-03-31,2012-04-01,True
c:65919,Bessemer Venture Partners,IGV,2010-01-01,2010-03-31,2012-04-01,True
c:65919,Battery Ventures,IGV,2012-01-01,2012-03-31,2012-04-01,False
c:65919,Greycroft Partners,IGV,2012-01-01,2012-03-31,2012-04-01,True
c:65919,Qualcomm Ventures,IGV,2012-01-01,2012-03-31,2012-04-01,True
c:6592,Accel Partners,IGV,2006-05-10,2006-06-30,2007-06-05,False
c:6592,Benchmark,IGV,2006-05-10,2006-06-30,2007-06-05,False
c:6595,InterSouth Partners,IGV,2006-08-11,2006-09-30,2008-01-22,False
c:66124,First Round Capital,IGV,2011-07-06,2011-09-30,2013-01-01,True
c:66124,SV Angel,IGV,2011-07-06,2011-09-30,2013-01-01,True
c:66124,Lerer Ventures,IGV,2011-07-06,2011-09-30,2013-01-01,True
c:66124,Menlo Ventures,IGV,2011-09-22,2011-09-30,2013-01-01,True
c:66124,First Round Capital,IGV,2011-09-22,2011-09-30,2013-01-01,True
c:66124,Lerer Ventures,IGV,2011-09-22,2011-09-30,2013-01-01,True
c:66211,Grotech Ventures,IGV,2012-03-08,2012-03-31,2013-09-10,False
c:66211,David Cohen,IGV,2012-03-08,2012-03-31,2013-09-10,True
c:66843,Grotech Ventures,IGV,2013-01-16,2013-03-31,2013-07-16,False
c:66920,Hummer Winblad Venture Partners,IGV,2011-06-21,2011-06-30,2013-02-04,False
c:66920,True Ventures,IGV,2011-06-21,2011-06-30,2013-02-04,False
c:67056,Madrona Venture Group,IGV,2010-01-01,2010-03-31,2011-04-19,False
c:67057,Nexus Venture Partners,IGV,2011-01-25,2011-03-31,2011-07-28,False
c:67086,Opus Capital,IGV,2011-05-10,2011-06-30,2013-07-08,False
c:67092,General Catalyst Partners,IGV,2011-08-01,2011-09-30,2012-09-05,False
c:6746,Spark Capital,IGV,2008-11-18,2008-12-31,2009-08-12,False
c:6746,Union Square Ventures,IGV,2008-11-18,2008-12-31,2009-08-12,False
c:67695,First Round Capital,IGV,2011-02-01,2011-03-31,2012-02-23,False
c:67880,Sequoia Capital,IGV,2011-02-03,2011-03-31,2011-07-28,False
c:67880,SV Angel,IGV,2011-02-03,2011-03-31,2011-07-28,True
c:67880,Felicis Ventures,IGV,2011-02-03,2011-03-31,2011-07-28,True
c:67916,Atlas Venture,IGV,2012-05-14,2012-06-30,2013-06-04,False
c:67916,Bessemer Venture Partners,IGV,2012-05-14,2012-06-30,2013-06-04,True
c:67916,Salesforce,IGV,2012-05-14,2012-06-30,2013-06-04,True
c:68164,Benchmark,IGV,2011-04-27,2011-06-30,2012-04-11,False
c:68295,OrbiMed Advisors,XBI,2011-02-28,2011-03-31,2013-09-03,False
c:68295,Polaris Partners,XBI,2011-02-28,2011-03-31,2013-09-03,False
c:68444,Carmel Ventures,IGV,2010-06-01,2010-06-30,2011-05-12,False
c:68444,Spark Capital,IGV,2010-06-01,2010-06-30,2011-05-12,False
c:68991,Khosla Ventures,IGV,2009-07-31,2009-09-30,2010-07-26,False
c:68995,Highway 12 Ventures,IGV,2011-02-17,2011-03-31,2013-08-28,False
c:6922,New Enterprise Associates,IGV,2008-02-26,2008-03-31,2010-02-16,True
c:6922,Valhalla Partners,IGV,2008-02-26,2008-03-31,2010-02-16,True
c:69282,Highland Capital Partners,IGV,2011-06-21,2011-06-30,2013-01-02,False
c:69282,Venrock,IGV,2011-06-21,2011-06-30,2013-01-02,False
c:69285,Battery Ventures,IGV,2011-05-10,2011-06-30,2011-11-18,False
c:69285,Accel Partners,IGV,2011-05-10,2011-06-30,2011-11-18,False
c:69285,First Round Capital,IGV,2011-05-10,2011-06-30,2011-11-18,False
c:69285,SV Angel,IGV,2011-05-10,2011-06-30,2011-11-18,True
c:69286,Felicis Ventures,IGV,2010-01-01,2010-03-31,2011-06-09,False
c:69398,North Bridge Venture Partners,IGV,2011-02-22,2011-03-31,2012-07-09,False
c:69398,General Catalyst Partners,IGV,2011-02-22,2011-03-31,2012-07-09,False
c:69798,Andreessen Horowitz,IGV,2011-02-25,2011-03-31,2013-11-14,False
c:69798,SV Angel,IGV,2011-02-25,2011-03-31,2013-11-14,True
c:701,Spark Capital,IGV,2008-06-26,2008-06-30,2009-03-10,False
c:70199,Google Ventures,IGV,2011-10-06,2011-12-31,2013-10-08,False
c:70199,Qualcomm Ventures,IGV,2011-10-06,2011-12-31,2013-10-08,False
c:70199,Comcast Ventures,IGV,2011-10-06,2011-12-31,2013-10-08,False
c:70382,Index Ventures,IGV,2011-10-18,2011-12-31,2012-06-15,False
c:71058,Sequoia Capital,IGV,2012-02-09,2012-03-31,2012-07-09,False
c:71058,Sequoia Capital,IGV,2011-09-30,2011-09-30,2012-07-09,False
c:71058,Andreessen Horowitz,IGV,2011-09-30,2011-09-30,2012-07-09,True
c:71058,SV Angel,IGV,2011-09-30,2011-09-30,2012-07-09,True
c:71058,Peter Thiel,IGV,2011-09-30,2011-09-30,2012-07-09,False
c:71305,Emergence Capital Partners,XBI,2011-03-16,2011-03-31,2012-09-05,False
c:71305,InterWest Partners,XBI,2011-03-16,2011-03-31,2012-09-05,False
c:71613,Bessemer Venture Partners,IGV,2009-01-01,2009-03-31,2013-01-14,False
c:71765,Battery Ventures,IGV,2009-04-01,2009-06-30,2010-05-01,False
c:71777,Norwest Venture Partners,XBI,2011-03-22,2011-03-31,2013-03-06,False
c:71918,Index Ventures,IGV,2011-04-22,2011-06-30,2012-10-31,False
c:71918,Khosla Ventures,IGV,2011-04-22,2011-06-30,2012-10-31,False
c:7207,North Bridge Venture Partners,IGV,2006-01-24,2006-03-31,2007-01-24,False
c:72270,True Ventures,IGV,2011-03-29,2011-03-31,2012-10-15,False
c:72270,Polaris Partners,IGV,2011-03-29,2011-03-31,2012-10-15,True
c:72345,Sigma Partners,IGV,2011-03-29,2011-03-31,2013-06-05,False
c:72357,Felicis Ventures,IGV,2012-01-31,2012-03-31,2013-02-20,True
c:7287,Benchmark,IGV,2008-04-24,2008-06-30,2008-12-08,False
c:72914,SV Angel,IGV,2011-08-23,2011-09-30,2012-04-23,True
c:72914,Founders Fund,IGV,2011-08-23,2011-09-30,2012-04-23,True
c:72914,Lerer Ventures,IGV,2011-08-23,2011-09-30,2012-04-23,False
c:72914,First Round Capital,IGV,2011-08-23,2011-09-30,2012-04-23,True
c:72952,Nauta Capital,IGV,2011-06-23,2011-06-30,2012-06-27,False
c:7299,SV Angel,IGV,2006-11-10,2006-12-31,2006-05-01,True
c:73043,US Venture Partners,IGV,2011-12-12,2011-12-31,2013-05-07,False
c:73043,Valhalla Partners,IGV,2011-12-12,2011-12-31,2013-05-07,False
c:73043,IA Ventures,IGV,2011-12-12,2011-12-31,2013-05-07,False
c:73043,Neu Venture Capital,IGV,2011-12-12,2011-12-31,2013-05-07,True
c:732,Draper Richards,IGV,2006-01-28,2006-03-31,2006-12-18,False
c:732,SV Angel,IGV,2006-01-28,2006-03-31,2006-12-18,True
c:73486,Accel Partners,IGV,2011-04-12,2011-06-30,2012-02-02,False
c:73486,Index Ventures,IGV,2011-04-12,2011-06-30,2012-02-02,False
c:73586,Sequoia Capital,IGV,2011-05-01,2011-06-30,2012-01-24,False
c:73908,ff Venture Capital,IGV,2011-07-13,2011-09-30,2013-05-08,False
c:74017,Foundry Group,IGV,2011-05-01,2011-06-30,2012-10-01,False
c:74017,Baseline Ventures,IGV,2011-05-01,2011-06-30,2012-10-01,False
c:74084,Lightspeed Venture Partners,IGV,2011-04-19,2011-06-30,2011-10-25,False
c:74323,iNovia Capital,IGV,2012-07-18,2012-09-30,2013-09-10,False
c:74614,General Catalyst Partners,XBI,2010-06-01,2010-06-30,2012-11-12,False
c:74614,North Bridge Venture Partners,XBI,2010-06-01,2010-06-30,2012-11-12,False
c:7469,Carmel Ventures,IGV,2012-09-25,2012-09-30,2013-10-16,False
c:74834,Andreessen Horowitz,IGV,2011-04-27,2011-06-30,2012-08-20,False
c:7493,Trinity Ventures,IGV,2010-03-05,2010-03-31,2011-09-16,True
c:7493,SV Angel,IGV,2010-03-05,2010-03-31,2011-09-16,True
c:7493,Felicis Ventures,IGV,2010-03-05,2010-03-31,2011-09-16,True
c:75416,Google Ventures,IGV,2011-05-04,2011-06-30,2012-07-19,False
c:75626,Safeguard Scientifics,IGV,2011-11-17,2011-12-31,2013-06-17,False
c:75703,Mayfield Fund,IGV,2011-01-01,2011-03-31,2011-08-15,False
c:75986,Opus Capital,IGV,2012-05-11,2012-06-30,2012-08-07,False
c:75986,Redpoint Ventures,IGV,2012-05-11,2012-06-30,2012-08-07,False
c:75989,Sierra Ventures,IGV,2011-05-11,2011-06-30,2013-11-22,False
c:75989,Mission Ventures,IGV,2011-05-11,2011-06-30,2013-11-22,False
c:76063,Flybridge Capital Partners,XBI,2009-11-30,2009-12-31,2011-07-08,True
c:76063,North Bridge Venture Partners,XBI,2009-11-30,2009-12-31,2011-07-08,True
c:761,Khosla Ventures,XBI,2008-08-18,2008-09-30,2010-07-14,False
c:76156,Greylock Partners,IGV,2011-05-12,2011-06-30,2012-08-22,False
c:763,Atomico,IGV,2007-04-01,2007-06-30,2008-06-12,False
c:763,Atomico,IGV,2008-02-07,2008-03-31,2008-06-12,False
c:766,InterSouth Partners,IGV,2007-09-01,2007-09-30,2008-02-01,False
c:76683,Kleiner Perkins Caufield & Byers,IGV,2006-07-01,2006-09-30,2008-06-01,False
c:76702,Emergence Capital Partners,IGV,2012-02-22,2012-03-31,2013-08-16,False
c:76702,Storm Ventures,IGV,2012-02-22,2012-03-31,2013-08-16,False
c:768,Draper Fisher Jurvetson (DFJ),IGV,2008-01-01,2008-03-31,2009-03-16,False
c:77049,Highland Capital Partners,IGV,2011-05-21,2011-06-30,2012-05-08,True
c:77049,Kleiner Perkins Caufield & Byers,IGV,2011-05-21,2011-06-30,2012-05-08,True
c:771,First Round Capital,IGV,2007-04-01,2007-06-30,2008-03-05,False
c:771,Shasta Ventures,IGV,2007-04-01,2007-06-30,2008-03-05,False
c:7712,Index Ventures,SOXX,2009-06-11,2009-06-30,2010-10-08,False
c:77339,Andreessen Horowitz,IGV,2011-05-17,2011-06-30,2011-10-20,False
c:77339,Redpoint Ventures,IGV,2011-05-17,2011-06-30,2011-10-20,False
c:77412,Sequoia Capital,IGV,2011-05-25,2011-06-30,2013-06-18,False
c:7809,Relay Ventures,IGV,2008-07-31,2008-09-30,2009-05-07,False
c:78219,Hummer Winblad Venture Partners,IGV,2012-08-10,2012-09-30,2013-01-08,False
c:78489,Highland Capital Partners,SOXX,2012-05-09,2012-06-30,2013-01-03,False
c:7850,Canaan Partners,IGV,2008-07-06,2008-09-30,2010-04-06,False
c:7850,Highland Capital Partners,IGV,2008-07-06,2008-09-30,2010-04-06,False
c:78535,El Dorado Ventures,IGV,2011-06-08,2011-06-30,2012-07-16,False
c:78535,Webb Investment Network,IGV,2011-06-08,2011-06-30,2012-07-16,False
c:78701,New Enterprise Associates,IGV,2012-06-06,2012-06-30,2013-06-03,True
c:79000,Foundation Capital,IGV,2011-07-07,2011-09-30,2011-07-25,False
c:79000,Norwest Venture Partners,IGV,2011-07-07,2011-09-30,2011-07-25,False
c:7979,Foundry Group,IGV,2009-05-12,2009-06-30,2010-08-10,False
c:79806,Village Ventures,IGV,2008-07-01,2008-09-30,2011-09-26,False
c:79806,Highway 12 Ventures,IGV,2010-01-12,2010-03-31,2011-09-26,False
c:79936,Andreessen Horowitz,IGV,2011-06-22,2011-06-30,2012-06-20,False
c:79936,Ignition Partners,IGV,2011-06-22,2011-06-30,2012-06-20,False
c:79936,Lightspeed Venture Partners,IGV,2011-06-22,2011-06-30,2012-06-20,True
c:7998,O'Reilly AlphaTech Ventures,IGV,2009-03-30,2009-03-31,2010-10-08,False
c:7998,SV Angel,IGV,2009-03-30,2009-03-31,2010-10-08,False
c:7998,Ron Conway,IGV,2009-03-30,2009-03-31,2010-10-08,True
c:800,Draper Fisher Jurvetson (DFJ),IGV,2006-03-01,2006-03-31,2006-12-01,True
c:803,Mission Ventures,IGV,2007-08-01,2007-09-30,2009-03-10,False
c:8036,Valhalla Partners,IGV,2009-03-24,2009-03-31,2011-01-20,False
c:80445,Bessemer Venture Partners,IGV,2008-11-12,2008-12-31,2010-04-21,False
c:80610,Accel Partners,IGV,2009-11-01,2009-12-31,2011-04-01,False
c:80610,Norwest Venture Partners,IGV,2009-11-01,2009-12-31,2011-04-01,False
c:80968,Khosla Ventures,IGV,2013-01-16,2013-03-31,2013-07-16,False
c:80968,FLOODGATE,IGV,2013-01-16,2013-03-31,2013-07-16,False
c:810,Prism Venture Management,IGV,2007-06-01,2007-06-30,2009-01-07,False
c:810,Prism Venture Management,IGV,2007-01-29,2007-03-31,2009-01-07,False
c:81291,SV Angel,IGV,2011-09-01,2011-09-30,2013-10-22,True
c:81291,Triangle Peak Partners,IGV,2012-10-16,2012-12-31,2013-10-22,False
c:81291,Andreessen Horowitz,IGV,2012-10-16,2012-12-31,2013-10-22,True
c:81291,IDG Ventures,IGV,2012-10-16,2012-12-31,2013-10-22,True
c:81291,Data Collective,IGV,2012-10-16,2012-12-31,2013-10-22,False
c:81399,Battery Ventures,IGV,2012-09-11,2012-09-30,2013-08-13,False
c:81563,North Bridge Venture Partners,SOXX,2013-06-09,2013-06-30,2012-10-15,False
c:81563,Egan-Managed Capital,SOXX,2013-06-09,2013-06-30,2012-10-15,False
c:81775,Battery Ventures,IGV,2012-01-01,2012-03-31,2013-06-05,True
c:81961,Foundation Capital,IGV,2011-07-26,2011-09-30,2012-07-19,False
c:81961,Baseline Ventures,IGV,2011-07-26,2011-09-30,2012-07-19,False
c:81961,Google Ventures,IGV,2011-07-26,2011-09-30,2012-07-19,False
c:81982,General Catalyst Partners,IGV,2011-05-01,2011-06-30,2013-03-26,False
c:81982,Accel Partners,IGV,2011-05-01,2011-06-30,2013-03-26,False
c:81982,Atomico,IGV,2011-05-01,2011-06-30,2013-03-26,True
c:81982,Founders Fund,IGV,2011-05-01,2011-06-30,2013-03-26,True
c:81982,Naval Ravikant,IGV,2011-05-01,2011-06-30,2013-03-26,True
c:82,Greylock Partners,IGV,2006-09-01,2006-09-30,2007-06-01,False
c:82,SV Angel,IGV,2006-09-01,2006-09-30,2007-06-01,True
c:82080,Benchmark,IGV,2011-07-13,2011-09-30,2013-03-11,True
c:82080,SV Angel,IGV,2011-07-13,2011-09-30,2013-03-11,True
c:82080,Andreessen Horowitz,IGV,2011-05-19,2011-06-30,2013-03-11,True
c:82080,Hummer Winblad Venture Partners,IGV,2011-05-19,2011-06-30,2013-03-11,True
c:82080,Ron Conway,IGV,2011-05-19,2011-06-30,2013-03-11,True
c:821,Shasta Ventures,IGV,2006-07-11,2006-09-30,2007-06-01,False
c:82234,Greylock Partners,IGV,2011-06-14,2011-06-30,2013-05-15,False
c:82353,Atomico,IGV,2011-04-01,2011-06-30,2012-12-31,False
c:82353,Accel Partners,IGV,2012-03-29,2012-03-31,2012-12-31,False
c:82376,Relay Ventures,IGV,2012-03-21,2012-03-31,2013-09-17,False
c:82410,FLOODGATE,XBI,2010-10-12,2010-12-31,2011-12-12,True
c:82549,New Enterprise Associates,SOXX,2011-06-01,2011-06-30,2013-11-20,False
c:82549,Andreessen Horowitz,SOXX,2011-06-01,2011-06-30,2013-11-20,False
c:82549,Greylock Partners,SOXX,2011-06-01,2011-06-30,2013-11-20,False
c:82598,Battery Ventures,IGV,2011-07-19,2011-09-30,2012-09-20,False
c:82598,Lerer Ventures,IGV,2011-07-19,2011-09-30,2012-09-20,False
c:82610,vSpring Capital,XBI,2008-06-27,2008-06-30,2011-07-19,False
c:82668,High Country Venture,IGV,2011-09-08,2011-09-30,2012-07-09,False
c:82668,500 Startups,IGV,2011-09-08,2011-09-30,2012-07-09,False
c:82668,Zelkova Ventures,IGV,2011-09-08,2011-09-30,2012-07-09,False
c:82703,Khosla Ventures,IGV,2011-07-19,2011-09-30,2012-08-21,True
c:832,Union Square Ventures,IGV,2007-11-01,2007-12-31,2008-07-30,False
c:83212,Andreessen Horowitz,IGV,2012-03-08,2012-03-31,2013-06-06,False
c:83212,SV Angel,IGV,2012-03-08,2012-03-31,2013-06-06,True
c:83279,Benchmark,IGV,2011-06-01,2011-06-30,2011-11-01,False
c:833,General Catalyst Partners,IGV,2006-04-01,2006-06-30,2007-03-01,False
c:8337,Austin Ventures,IGV,2008-08-01,2008-09-30,2010-02-22,False
c:8337,Covera Ventures,IGV,2008-08-01,2008-09-30,2010-02-22,False
c:835,Spark Capital,IGV,2007-11-01,2007-12-31,2009-07-23,False
c:83845,Sequoia Capital,IGV,2011-01-01,2011-03-31,2012-11-28,False
c:83971,Accel Partners,IGV,2011-08-01,2011-09-30,2013-05-05,False
c:84,First Round Capital,IGV,2006-06-01,2006-06-30,2007-04-01,True
c:84,Kleiner Perkins Caufield & Byers,IGV,2006-06-01,2006-06-30,2007-04-01,False
c:8408,Venrock,IGV,2007-07-15,2007-09-30,2008-07-16,False
c:84200,Lightspeed Venture Partners,IGV,2007-06-29,2007-06-30,2011-08-03,False
c:84200,Sigma Partners,IGV,2007-06-29,2007-06-30,2011-08-03,False
c:84205,Accel Partners,IGV,2010-09-13,2010-09-30,2011-10-19,False
c:84959,Google Ventures,IGV,2012-06-20,2012-06-30,2013-09-18,False
c:84959,Foundry Group,IGV,2012-06-20,2012-06-30,2013-09-18,False
c:84959,IDG Ventures,IGV,2012-06-20,2012-06-30,2013-09-18,False
c:84975,Qualcomm Ventures,XBI,2011-08-02,2011-09-30,2012-06-10,False
c:85352,SV Angel,IGV,2011-02-01,2011-03-31,2012-03-01,True
c:85352,Felicis Ventures,IGV,2011-02-01,2011-03-31,2012-03-01,False
c:856,Greylock Partners,IGV,2007-03-01,2007-03-31,2008-04-15,False
c:8623,Union Square Ventures,IGV,2008-07-21,2008-09-30,2009-11-04,False
c:8629,Index Ventures,IGV,2010-09-23,2010-09-30,2011-11-17,False
c:8629,Union Square Ventures,IGV,2010-09-23,2010-09-30,2011-11-17,False
c:865,Accel Partners,IGV,2007-05-07,2007-06-30,2008-01-27,False
c:86562,Kleiner Perkins Caufield & Byers,IGV,2011-08-29,2011-09-30,2013-06-10,False
c:8676,SoftTech VC,IGV,2010-09-27,2010-09-30,2012-03-21,True
c:8676,Reid Hoffman,IGV,2010-09-27,2010-09-30,2012-03-21,True
c:8708,Shasta Ventures,SOXX,2007-06-11,2007-06-30,2008-08-06,False
c:8724,Draper Fisher Jurvetson (DFJ),IGV,2007-04-23,2007-06-30,2008-06-27,True
c:874,Khosla Ventures,SOXX,2007-07-01,2007-09-30,2008-01-01,False
c:874,SV Angel,SOXX,2007-07-01,2007-09-30,2008-01-01,True
c:87480,Charles River Ventures,IGV,2012-07-24,2012-09-30,2013-07-17,False
c:87480,Ignition Partners,IGV,2012-07-24,2012-09-30,2013-07-17,False
c:87480,FLOODGATE,IGV,2012-07-24,2012-09-30,2013-07-17,False
c:8765,OVP Venture Partners,IGV,2008-07-23,2008-09-30,2010-10-28,False
c:8841,New Enterprise Associates,IGV,2009-07-01,2009-09-30,2011-01-01,False
c:886,First Round Capital,IGV,2007-03-01,2007-03-31,2009-01-05,False
c:886,SV Angel,IGV,2007-03-01,2007-03-31,2009-01-05,True
c:8883,Intel Capital,IGV,2011-05-23,2011-06-30,2013-08-05,True
c:8883,Intel Capital,IGV,2013-03-20,2013-03-31,2013-08-05,True
c:8972,Foundry Group,IGV,2008-11-10,2008-12-31,2009-06-24,False
c:8972,Spark Capital,IGV,2008-11-10,2008-12-31,2009-06-24,False
c:8990,Benchmark,IGV,2007-06-10,2007-06-30,2008-06-24,False
c:90,Bessemer Venture Partners,IGV,2007-01-01,2007-03-31,2008-01-01,True
c:90349,Mayfield Fund,IGV,2012-01-09,2012-03-31,2013-08-22,False
c:9035,Norwest Venture Partners,IGV,2010-09-15,2010-09-30,2011-04-11,False
c:9038,Prism Venture Management,IGV,2008-07-29,2008-09-30,2009-11-10,False
c:9049,Sequoia Capital,IGV,2010-11-10,2010-12-31,2011-07-25,True
c:9049,Greylock Partners,IGV,2010-11-10,2010-12-31,2011-07-25,True
c:9049,SV Angel,IGV,2010-11-10,2010-12-31,2011-07-25,True
c:9050,General Catalyst Partners,IGV,2009-03-12,2009-03-31,2010-03-12,False
c:9050,Bessemer Venture Partners,IGV,2009-03-12,2009-03-31,2010-03-12,False
c:9050,SV Angel,IGV,2009-03-12,2009-03-31,2010-03-12,True
c:9145,First Round Capital,IGV,2007-12-27,2007-12-31,2008-09-16,False
c:9145,Khosla Ventures,IGV,2007-12-27,2007-12-31,2008-09-16,False
c:9145,SV Angel,IGV,2007-12-27,2007-12-31,2008-09-16,True
c:9145,Ron Conway,IGV,2007-12-27,2007-12-31,2008-09-16,True
c:9276,North Bridge Venture Partners,IGV,2010-10-18,2010-12-31,2012-10-11,False
c:9276,FLOODGATE,IGV,2010-10-18,2010-12-31,2012-10-11,False
c:9321,Asset Management Company,IGV,2007-02-01,2007-03-31,2008-08-04,True
c:9321,Draper Richards,IGV,2007-02-01,2007-03-31,2008-08-04,False
c:9365,Draper Fisher Jurvetson (DFJ),IGV,2006-01-01,2006-03-31,2008-08-06,True
c:938,Genesis Partners,IGV,2006-09-01,2006-09-30,2008-04-30,False
c:942,O'Reilly AlphaTech Ventures,IGV,2010-09-14,2010-09-30,2011-08-03,False
c:942,First Round Capital,IGV,2010-09-14,2010-09-30,2011-08-03,False
c:9436,Trinity Ventures,IGV,2008-08-08,2008-09-30,2009-06-25,False
c:949,Khosla Ventures,IGV,2007-09-01,2007-09-30,2008-02-01,False
c:9602,Foundry Group,IGV,2010-12-14,2010-12-31,2012-03-21,False
c:9624,Union Square Ventures,IGV,2010-05-04,2010-06-30,2011-03-08,False
c:9624,Ron Conway,IGV,2010-05-04,2010-06-30,2011-03-08,True
c:9624,Dharmesh Shah,IGV,2010-05-04,2010-06-30,2011-03-08,True
c:9658,BlueRun Ventures,SOXX,2006-09-18,2006-09-30,2008-01-07,False
c:9658,Draper Fisher Jurvetson (DFJ),SOXX,2006-09-18,2006-09-30,2008-01-07,False
c:97,BDC Venture Capital,IGV,2007-04-25,2007-06-30,2007-04-25,False
c:9743,Greylock Partners,IGV,2006-01-01,2006-03-31,2007-06-25,False
c:990,Mayfield Fund,IGV,2007-09-01,2007-09-30,2009-01-12,False
c:990,Atomico,IGV,2007-09-01,2007-09-30,2009-01-12,False
c:990,General Catalyst Partners,IGV,2007-09-01,2007-09-30,2009-01-12,False
c:9972,Mayfield Fund,IGV,2011-09-21,2011-09-30,2013-01-30,False
c:9972,FLOODGATE,IGV,2011-09-21,2011-09-30,2013-01-30,False
