accession,cik,company_name,filed_date,form_type
0001137638-20-000002,789019,MICROSOFT CORP,2020-07-24,D
0001288257-18-000026,1318605,"Tesla, Inc.",2018-11-20,D
0001209191-16-128883,1403161,VISA INC.,2016-06-21,D
0000950172-25-000078,50863,INTEL CORP,2025-03-25,D
0000950172-21-000031,50863,INTEL CORP,2021-02-23,D
0001321655-20-000001,1321655,Palantir Technologies Inc.,2020-07-02,D
0001321655-16-000005,1321655,Palantir Technologies Inc.,2016-11-23,D
0001321655-15-000004,1321655,Palantir Technologies Inc.,2015-12-23,D/A
0001321655-15-000003,1321655,Palantir Technologies Inc.,2015-12-09,D/A
0001321655-15-000002,1321655,Palantir Technologies Inc.,2015-10-21,D/A
0001321655-15-000001,1321655,Palantir Technologies Inc.,2015-07-23,D
0001321655-14-000005,1321655,Palantir Technologies Inc.,2014-12-11,D
0001321655-14-000004,1321655,Palantir Technologies Inc.,2014-11-03,D
0001321655-14-000003,1321655,Palantir Technologies Inc.,2014-09-12,D/A
0001321655-14-000002,1321655,Palantir Technologies Inc.,2014-02-14,D/A
0001321655-13-000005,1321655,Palantir Technologies Inc.,2013-12-24,D/A
0001321655-13-000004,1321655,Palantir Technologies Inc.,2013-12-10,D/A
0001321655-13-000003,1321655,Palantir Technologies Inc.,2013-12-05,D
0001321655-13-000002,1321655,Palantir Technologies Inc.,2013-09-27,D
0001321655-13-000001,1321655,Palantir Technologies Inc.,2013-06-28,D
0001321655-12-000002,1321655,Palantir Technologies Inc.,2012-05-16,D
0001321655-11-000003,1321655,Palantir Technologies Inc.,2011-09-07,D
0001321655-11-000002,1321655,Palantir Technologies Inc.,2011-05-05,D
0001321655-10-000001,1321655,Palantir Technologies Inc.,2010-07-07,D/A
0001321655-09-000005,1321655,Palantir Technologies Inc.,2009-12-23,D
0001321655-09-000004,1321655,Palantir Technologies Inc.,2009-11-30,D
0001321655-09-000003,1321655,Palantir Technologies Inc.,2009-04-14,D
0001104659-26-003724,354950,"HOME DEPOT, INC.",2026-01-14,D/A
0000950123-25-000297,354950,"HOME DEPOT, INC.",2025-01-15,D/A
0001209191-24-001438,354950,"HOME DEPOT, INC.",2024-01-11,D/A
0001209191-23-003254,354950,"HOME DEPOT, INC.",2023-01-13,D/A
0001209191-22-003283,354950,"HOME DEPOT, INC.",2022-01-14,D/A
0001209191-21-003398,354950,"HOME DEPOT, INC.",2021-01-13,D/A
0001209191-20-003459,354950,"HOME DEPOT, INC.",2020-01-15,D/A
0001209191-19-003676,354950,"HOME DEPOT, INC.",2019-01-15,D/A
0001209191-18-003365,354950,"HOME DEPOT, INC.",2018-01-12,D/A
0000947871-09-000606,1094517,TOYOTA MOTOR CORP/,2009-10-02,D
0001567619-19-019698,1594805,SHOPIFY INC.,2019-10-17,D
0001594805-14-000002,1594805,SHOPIFY INC.,2014-01-10,D
0001751008-22-000006,1751008,AppLovin Corp,2022-04-15,D/A
0001751008-22-000001,1751008,AppLovin Corp,2022-03-10,D
0001751008-18-000001,1751008,AppLovin Corp,2018-08-24,D
0000925421-21-000167,1543151,"Uber Technologies, Inc",2021-08-23,D
0001835632-26-000002,1835632,"Marvell Technology, Inc.",2026-02-25,D
0001835632-26-000001,1835632,"Marvell Technology, Inc.",2026-02-17,D
0000950103-25-009313,1022837,"SUMITOMO MITSUI FINANCIAL GROUP, INC.",2025-07-28,D
0000950103-24-010823,1022837,"SUMITOMO MITSUI FINANCIAL GROUP, INC.",2024-07-26,D
0000950103-23-010767,1022837,"SUMITOMO MITSUI FINANCIAL GROUP, INC.",2023-07-26,D
0000950103-22-012962,1022837,"SUMITOMO MITSUI FINANCIAL GROUP, INC.",2022-07-27,D
0000950103-21-011191,1022837,"SUMITOMO MITSUI FINANCIAL GROUP, INC.",2021-07-27,D
0000950103-20-014243,1022837,"SUMITOMO MITSUI FINANCIAL GROUP, INC.",2020-07-28,D
0000950103-19-009825,1022837,"SUMITOMO MITSUI FINANCIAL GROUP, INC.",2019-07-30,D
0000950103-18-009428,1022837,"SUMITOMO MITSUI FINANCIAL GROUP, INC.",2018-08-06,D
0001158838-25-000004,1158838,ADVANTEST CORP,2025-08-28,D/A
0000891839-24-000006,1158838,ADVANTEST CORP,2024-09-03,D/A
0000891839-23-000002,1158838,ADVANTEST CORP,2023-06-06,D/A
0000891839-22-000007,1158838,ADVANTEST CORP,2022-06-09,D
0001075531-18-000024,1075531,Booking Holdings Inc.,2018-05-02,D
0001104659-17-074507,895728,ENBRIDGE INC,2017-12-21,D
0000950103-20-005217,1101239,EQUINIX INC,2020-03-13,D
0001193125-25-310760,883241,SYNOPSYS INC,2025-12-08,D
0001373715-25-000301,1373715,"ServiceNow, Inc.",2025-09-26,D
0000950172-16-000169,1639920,Spotify Technology S.A.,2016-04-08,D
0001104659-15-044991,1639920,Spotify Technology S.A.,2015-06-12,D
0000002809-13-000001,2809,AGNICO EAGLE MINES LTD,2013-02-21,D/A
0000002809-12-000001,2809,AGNICO EAGLE MINES LTD,2012-03-19,D/A
0000002809-11-000001,2809,AGNICO EAGLE MINES LTD,2011-03-18,D/A
0000002809-10-000004,2809,AGNICO EAGLE MINES LTD,2010-12-07,D/A
0000002809-09-000003,2809,AGNICO EAGLE MINES LTD,2009-12-07,D/A
0000895564-26-000004,895564,BAE SYSTEMS PLC /FI/,2026-04-02,D
0000895564-25-000003,895564,BAE SYSTEMS PLC /FI/,2025-09-18,D
0000895564-25-000001,895564,BAE SYSTEMS PLC /FI/,2025-04-04,D
0000895564-24-000003,895564,BAE SYSTEMS PLC /FI/,2024-09-20,D
0000895564-24-000001,895564,BAE SYSTEMS PLC /FI/,2024-04-01,D
0000895564-23-000003,895564,BAE SYSTEMS PLC /FI/,2023-09-14,D
0000895564-23-000002,895564,BAE SYSTEMS PLC /FI/,2023-05-11,D
0000895564-23-000001,895564,BAE SYSTEMS PLC /FI/,2023-04-06,D
0000895564-22-000002,895564,BAE SYSTEMS PLC /FI/,2022-09-19,D
0000895564-22-000001,895564,BAE SYSTEMS PLC /FI/,2022-04-07,D
0000895564-21-000002,895564,BAE SYSTEMS PLC /FI/,2021-09-17,D
0000895564-21-000001,895564,BAE SYSTEMS PLC /FI/,2021-04-07,D
0000895564-20-000002,895564,BAE SYSTEMS PLC /FI/,2020-09-17,D
0000895564-20-000001,895564,BAE SYSTEMS PLC /FI/,2020-04-16,D
0000895564-19-000002,895564,BAE SYSTEMS PLC /FI/,2019-09-16,D
0000895564-19-000001,895564,BAE SYSTEMS PLC /FI/,2019-04-02,D
0000895564-18-000002,895564,BAE SYSTEMS PLC /FI/,2018-09-19,D
0000895564-18-000001,895564,BAE SYSTEMS PLC /FI/,2018-04-03,D
0000895564-17-000002,895564,BAE SYSTEMS PLC /FI/,2017-09-19,D
0000895564-17-000001,895564,BAE SYSTEMS PLC /FI/,2017-04-04,D
0000895564-16-000004,895564,BAE SYSTEMS PLC /FI/,2016-09-16,D
0000895564-16-000003,895564,BAE SYSTEMS PLC /FI/,2016-04-04,D
0000895564-15-000002,895564,BAE SYSTEMS PLC /FI/,2015-09-21,D
0000895564-15-000001,895564,BAE SYSTEMS PLC /FI/,2015-04-15,D
0000895564-14-000001,895564,BAE SYSTEMS PLC /FI/,2014-04-07,D
0000895564-13-000002,895564,BAE SYSTEMS PLC /FI/,2013-09-10,D
0000895564-13-000001,895564,BAE SYSTEMS PLC /FI/,2013-04-04,D
0000895564-12-000002,895564,BAE SYSTEMS PLC /FI/,2012-11-02,D
0000895564-12-000001,895564,BAE SYSTEMS PLC /FI/,2012-04-13,D
0000895564-11-000002,895564,BAE SYSTEMS PLC /FI/,2011-06-23,D/A
0000895564-11-000001,895564,BAE SYSTEMS PLC /FI/,2011-06-10,D
0000895564-10-000002,895564,BAE SYSTEMS PLC /FI/,2010-10-13,D/A
0000895564-10-000001,895564,BAE SYSTEMS PLC /FI/,2010-04-26,D
0000895564-09-000004,895564,BAE SYSTEMS PLC /FI/,2009-06-02,D
0000831259-16-000084,831259,FREEPORT-MCMORAN INC,2016-07-15,D
0001059556-22-000013,1059556,MOODYS CORP /DE/,2022-03-15,D
0000950142-25-002327,1858681,"Apollo Global Management, Inc.",2025-08-29,D/A
0000950142-24-002270,1858681,"Apollo Global Management, Inc.",2024-08-23,D/A
0000950142-23-002307,1858681,"Apollo Global Management, Inc.",2023-08-25,D/A
0000950142-22-002603,1858681,"Apollo Global Management, Inc.",2022-08-26,D
0001209191-16-110235,1276187,Energy Transfer LP,2016-03-23,D
0001691493-21-000004,1691493,Nu Holdings Ltd.,2021-08-10,D
0000950103-21-009091,1691493,Nu Holdings Ltd.,2021-06-21,D
0001691493-21-000002,1691493,Nu Holdings Ltd.,2021-06-02,D
0001691493-21-000001,1691493,Nu Holdings Ltd.,2021-02-11,D
0000950103-20-012031,1691493,Nu Holdings Ltd.,2020-06-19,D
0001691493-19-000001,1691493,Nu Holdings Ltd.,2019-08-01,D
0001691493-18-000002,1691493,Nu Holdings Ltd.,2018-10-10,D
0001691493-18-000001,1691493,Nu Holdings Ltd.,2018-03-02,D
0001691493-16-000002,1691493,Nu Holdings Ltd.,2016-12-09,D
0001769628-24-000001,1769628,"CoreWeave, Inc.",2024-05-30,D
0001769628-21-000002,1769628,"CoreWeave, Inc.",2021-05-07,D
0001769628-21-000001,1769628,"CoreWeave, Inc.",2021-03-03,D
0001769628-20-000002,1769628,"CoreWeave, Inc.",2020-02-14,D/A
0001769628-19-000003,1769628,"CoreWeave, Inc.",2019-10-03,D
0001769628-19-000001,1769628,"CoreWeave, Inc.",2019-03-11,D
0001209191-16-110949,1389170,Targa Resources Corp.,2016-03-29,D
0001140361-18-032720,769397,"Autodesk, Inc.",2018-07-17,D
0001640147-26-000001,1640147,Snowflake Inc.,2026-02-17,D
0001640147-22-000027,1640147,Snowflake Inc.,2022-04-20,D
0000850918-26-000005,850918,GREAT-WEST LIFECO INC.,2026-04-08,D/A
0001158649-25-000001,850918,GREAT-WEST LIFECO INC.,2025-04-08,D/A
0000850918-24-000001,850918,GREAT-WEST LIFECO INC.,2024-04-11,D/A
0001567619-23-005596,850918,GREAT-WEST LIFECO INC.,2023-04-11,D/A
0001567619-22-008351,850918,GREAT-WEST LIFECO INC.,2022-04-11,D/A
0000850918-21-000002,850918,GREAT-WEST LIFECO INC.,2021-04-09,D
0001567619-20-007843,850918,GREAT-WEST LIFECO INC.,2020-04-10,D/A
0001567619-19-008671,850918,GREAT-WEST LIFECO INC.,2019-04-10,D/A
0001140361-18-017997,850918,GREAT-WEST LIFECO INC.,2018-04-10,D/A
0001140361-17-015540,850918,GREAT-WEST LIFECO INC.,2017-04-11,D/A
0001140361-17-015421,850918,GREAT-WEST LIFECO INC.,2017-04-10,D/A
0001140361-16-060647,850918,GREAT-WEST LIFECO INC.,2016-04-08,D/A
0001140361-15-014601,850918,GREAT-WEST LIFECO INC.,2015-04-07,D/A
0001140361-14-016712,850918,GREAT-WEST LIFECO INC.,2014-04-15,D
0001140361-14-015926,850918,GREAT-WEST LIFECO INC.,2014-04-07,D
0001209191-21-030380,1512673,"Block, Inc.",2021-05-05,D
0000899140-20-000432,946581,TAKE TWO INTERACTIVE SOFTWARE INC,2020-09-18,D
0001104659-18-041142,1549802,"JD.com, Inc.",2018-06-20,D
0001097362-15-000005,1097362,SUN LIFE FINANCIAL INC,2015-03-27,D
0001213900-26-045686,46619,HEICO CORP,2026-04-20,D
0001213900-25-011392,46619,HEICO CORP,2025-02-07,D
0001213900-22-051119,46619,HEICO CORP,2022-08-25,D
0001736297-20-000001,1736297,"Astera Labs, Inc.",2020-08-12,D
0001736297-18-000001,1736297,"Astera Labs, Inc.",2018-04-05,D
0001315098-22-000075,1315098,Roblox Corp,2022-04-15,D/A
0001315098-22-000074,1315098,Roblox Corp,2022-04-14,D
0000015615-25-000113,15615,MASTEC INC,2025-10-08,D/A
0001200876-24-000030,15615,MASTEC INC,2024-11-12,D/A
0001200876-22-000008,15615,MASTEC INC,2022-01-12,D
0000950103-21-007203,1807794,Credo Technology Group Holding Ltd,2021-05-14,D/A
0000950103-21-000075,1807794,Credo Technology Group Holding Ltd,2021-01-05,D
0000950103-20-007072,1807794,Credo Technology Group Holding Ltd,2020-04-06,D
0001713445-21-000002,1713445,"Reddit, Inc.",2021-08-26,D
0001713445-21-000001,1713445,"Reddit, Inc.",2021-02-23,D
0001713445-19-000001,1713445,"Reddit, Inc.",2019-02-11,D
0001713445-17-000001,1713445,"Reddit, Inc.",2017-07-31,D
0001315863-23-000826,900075,COPART INC,2023-10-17,D
0001209191-15-085799,1090012,DEVON ENERGY CORP/DE,2015-12-17,D
0001069183-18-000053,1069183,"AXON ENTERPRISE, INC.",2018-05-18,D
0001567619-19-021659,1628171,"Revolution Medicines, Inc.",2019-11-15,D
0001140361-18-032012,1628171,"Revolution Medicines, Inc.",2018-07-10,D
0001140361-16-090452,1628171,"Revolution Medicines, Inc.",2016-12-21,D
0001209191-18-002503,1705696,VICI PROPERTIES INC.,2018-01-05,D
0001705696-17-000004,1705696,VICI PROPERTIES INC.,2017-10-18,D
0001168404-21-000008,1447669,TWILIO INC,2021-07-28,D
0001243233-20-000011,1447669,TWILIO INC,2020-11-16,D
0001140361-15-043662,1546066,PEMBINA PIPELINE CORP,2015-12-04,D
0001140361-13-014365,1546066,PEMBINA PIPELINE CORP,2013-03-28,D
0001315863-16-001980,1031296,FIRSTENERGY CORP,2016-12-21,D
0001493152-22-014652,1780312,"AST SpaceMobile, Inc.",2022-05-20,D
0001178913-14-001240,928876,TOWER SEMICONDUCTOR LTD,2014-04-09,D
0001178913-10-001880,928876,TOWER SEMICONDUCTOR LTD,2010-07-22,D
0001776985-22-000024,1776985,BioNTech SE,2022-04-14,D
0001209191-20-050787,1776985,BioNTech SE,2020-09-17,D
0001474432-14-000002,1474432,"Everpure, Inc.",2014-08-11,D
0001474432-14-000001,1474432,"Everpure, Inc.",2014-05-02,D
0001474432-13-000002,1474432,"Everpure, Inc.",2013-09-10,D
0001278150-12-000006,1474432,"Everpure, Inc.",2012-10-09,D
0001474432-12-000001,1474432,"Everpure, Inc.",2012-01-31,D
0001474432-11-000003,1474432,"Everpure, Inc.",2011-08-09,D/A
0001474432-11-000002,1474432,"Everpure, Inc.",2011-07-14,D/A
0001713683-24-000062,1713683,"Zscaler, Inc.",2024-04-24,D
0001012975-25-000270,313927,CHURCH & DWIGHT CO INC /DE/,2025-05-27,D
0001533232-14-000001,1533232,Brookfield Renewable Partners L.P.,2014-06-20,D
0001818874-22-000036,1818874,"SoFi Technologies, Inc.",2022-03-15,D
0001209191-17-052949,1123360,GLOBAL PAYMENTS INC,2017-09-15,D
0002098430-26-000001,2098430,Madison Air Solutions Corp,2026-04-27,D
0000950172-20-000043,1659166,Fortive Corp,2020-03-03,D
0001140361-24-012613,215466,"Coeur Mining, Inc.",2024-03-11,D
0001140361-23-031698,215466,"Coeur Mining, Inc.",2023-06-27,D
0000861967-26-000001,861967,WOLTERS KLUWER N V /FI,2026-03-20,D
0000861967-25-000002,861967,WOLTERS KLUWER N V /FI,2025-03-21,D
0000861967-24-000001,861967,WOLTERS KLUWER N V /FI,2024-04-12,D
0000861967-23-000007,861967,WOLTERS KLUWER N V /FI,2023-04-25,D
0001209191-23-032563,1622536,Talen Energy Corp,2023-05-26,D
0001069157-23-000087,1069157,EAST WEST BANCORP INC,2023-07-07,D
0001178819-16-000092,1178819,ALAMOS GOLD INC,2016-08-04,D
0001178819-13-000005,1178819,ALAMOS GOLD INC,2013-01-25,D
0001209191-23-009703,1136869,"ZIMMER BIOMET HOLDINGS, INC.",2023-02-15,D
0001209191-21-037302,1823945,BLUE OWL CAPITAL INC.,2021-06-02,D
0001140361-25-004457,1206264,SOMNIGROUP INTERNATIONAL INC.,2025-02-14,D
0001193125-26-085436,2052568,Legence Corp.,2026-03-02,D
0001193125-26-001093,2052568,Legence Corp.,2026-01-02,D
0001451809-11-000001,1451809,SITIME Corp,2011-05-17,D
0001451809-09-000002,1451809,SITIME Corp,2009-09-03,D/A
0001243233-18-000010,704532,ONTO INNOVATION INC.,2018-11-26,D
0002062357-25-000044,1319161,Warner Music Group Corp.,2025-10-14,D
0001319161-24-000029,1319161,Warner Music Group Corp.,2024-10-11,D
0001319161-23-000029,1319161,Warner Music Group Corp.,2023-10-13,D
0001319161-22-000027,1319161,Warner Music Group Corp.,2022-10-12,D
0001319161-21-000028,1319161,Warner Music Group Corp.,2021-10-18,D
0001319161-20-000026,1319161,Warner Music Group Corp.,2020-11-16,D
0001780806-19-000014,1319161,Warner Music Group Corp.,2019-11-05,D
0001755591-18-000004,1319161,Warner Music Group Corp.,2018-10-12,D
0001718162-17-000004,1319161,Warner Music Group Corp.,2017-10-12,D
0001168648-16-000056,1319161,Warner Music Group Corp.,2016-12-08,D
0001618259-15-000005,1319161,Warner Music Group Corp.,2015-10-09,D
0001181431-14-034267,1319161,Warner Music Group Corp.,2014-10-15,D
0001181431-13-003228,1319161,Warner Music Group Corp.,2013-01-15,D
0001181431-11-052362,1319161,Warner Music Group Corp.,2011-10-11,D
0001140361-14-044520,1612042,Ascendis Pharma A/S,2014-12-09,D
0000950142-26-001138,1236275,"QXO, Inc.",2026-04-15,D
0002026053-24-000001,2026053,PERSHING SQUARE INC.,2024-06-13,D
0001213900-24-056230,1816319,Lytus Technologies Holdings PTV. Ltd.,2024-06-26,D
0001209191-21-057884,1836833,Planet Labs PBC,2021-09-28,D
0000040729-20-000006,40729,Ally Financial Inc.,2020-03-02,D
0001599298-24-000142,1599298,Summit Therapeutics Inc.,2024-09-26,D
0000950123-24-006261,1599298,Summit Therapeutics Inc.,2024-06-18,D
0001599298-20-000044,1599298,Summit Therapeutics Inc.,2020-11-23,D
0001599298-20-000001,1599298,Summit Therapeutics Inc.,2020-01-02,D
0001599298-19-000002,1599298,Summit Therapeutics Inc.,2019-01-18,D
0001599298-14-000001,1599298,Summit Therapeutics Inc.,2014-03-04,D
0001641172-25-019557,1829311,"BITMINE IMMERSION TECHNOLOGIES, INC.",2025-07-15,D
0001683168-25-003014,1829311,"BITMINE IMMERSION TECHNOLOGIES, INC.",2025-05-01,D/A
0001683168-25-001759,1829311,"BITMINE IMMERSION TECHNOLOGIES, INC.",2025-03-21,D
0001683168-22-003232,1829311,"BITMINE IMMERSION TECHNOLOGIES, INC.",2022-05-05,D/A
0001683168-22-002433,1829311,"BITMINE IMMERSION TECHNOLOGIES, INC.",2022-04-07,D/A
0001683168-22-002355,1829311,"BITMINE IMMERSION TECHNOLOGIES, INC.",2022-04-05,D
0000935836-14-000308,1321732,Penumbra Inc,2014-05-13,D
0000935836-12-000453,1321732,Penumbra Inc,2012-11-01,D
0000935836-25-000437,1481045,Daiwa Securities Group Inc.,2025-06-27,D/A
0000935836-24-000457,1481045,Daiwa Securities Group Inc.,2024-06-28,D/A
0000935836-23-000497,1481045,Daiwa Securities Group Inc.,2023-07-06,D/A
0000935836-22-000426,1481045,Daiwa Securities Group Inc.,2022-07-07,D/A
0000935836-21-000407,1481045,Daiwa Securities Group Inc.,2021-07-08,D/A
0000935836-20-000375,1481045,Daiwa Securities Group Inc.,2020-07-09,D/A
0000935836-19-000386,1481045,Daiwa Securities Group Inc.,2019-07-17,D/A
0000935836-18-000410,1481045,Daiwa Securities Group Inc.,2018-07-17,D
0001209191-23-059641,1567094,CNH Industrial N.V.,2023-12-26,D
0000764622-25-000091,764622,PINNACLE WEST CAPITAL CORP,2025-12-15,D/A
0000764622-25-000006,764622,PINNACLE WEST CAPITAL CORP,2025-01-08,D/A
0000764622-24-000001,764622,PINNACLE WEST CAPITAL CORP,2024-01-05,D/A
0000764622-23-000048,764622,PINNACLE WEST CAPITAL CORP,2023-03-07,D/A
0000764622-23-000005,764622,PINNACLE WEST CAPITAL CORP,2023-02-07,D/A
0000764622-22-000059,764622,PINNACLE WEST CAPITAL CORP,2022-07-01,D/A
0000764622-21-000049,764622,PINNACLE WEST CAPITAL CORP,2021-08-04,D/A
0000764622-21-000020,764622,PINNACLE WEST CAPITAL CORP,2021-03-22,D
0000764622-20-000053,764622,PINNACLE WEST CAPITAL CORP,2020-07-29,D/A
0000764622-20-000025,764622,PINNACLE WEST CAPITAL CORP,2020-03-06,D/A
0000764622-20-000008,764622,PINNACLE WEST CAPITAL CORP,2020-01-24,D/A
0000764622-19-000006,764622,PINNACLE WEST CAPITAL CORP,2019-01-24,D/A
0000764622-18-000076,764622,PINNACLE WEST CAPITAL CORP,2018-11-16,D/A
0000764622-17-000077,764622,PINNACLE WEST CAPITAL CORP,2017-11-16,D/A
0000764622-16-000149,764622,PINNACLE WEST CAPITAL CORP,2016-11-18,D/A
0000764622-16-000090,764622,PINNACLE WEST CAPITAL CORP,2016-03-03,D/A
0001140361-17-015404,1531152,"BJ's Wholesale Club Holdings, Inc.",2017-04-10,D/A
0001140361-16-060185,1531152,"BJ's Wholesale Club Holdings, Inc.",2016-04-05,D/A
0001140361-15-039595,1531152,"BJ's Wholesale Club Holdings, Inc.",2015-11-04,D
0001531152-11-000001,1531152,"BJ's Wholesale Club Holdings, Inc.",2011-10-11,D
0000917273-11-000015,917273,RAMBUS INC,2011-06-07,D
0001288452-17-000002,1157601,"MADRIGAL PHARMACEUTICALS, INC.",2017-07-05,D
0000719413-20-000001,719413,HECLA MINING CO/DE/,2020-07-21,D
0001437749-18-004435,719413,HECLA MINING CO/DE/,2018-03-13,D
0000891836-25-000054,1883685,DraftKings Inc.,2025-11-05,D
0000891836-24-000065,1883685,DraftKings Inc.,2024-12-13,D
0000891836-24-000027,1883685,DraftKings Inc.,2024-06-06,D
0001618732-16-000003,1618732,"Nutanix, Inc.",2016-09-19,D
0001618732-16-000002,1618732,"Nutanix, Inc.",2016-09-06,D
0001618732-14-000001,1618732,"Nutanix, Inc.",2014-09-09,D
0001579428-15-000002,1579428,"Axsome Therapeutics, Inc.",2015-05-19,D
0001579428-15-000001,1579428,"Axsome Therapeutics, Inc.",2015-01-07,D
0001579428-14-000001,1579428,"Axsome Therapeutics, Inc.",2014-09-23,D
0001579428-13-000004,1579428,"Axsome Therapeutics, Inc.",2013-10-30,D/A
0001579428-13-000003,1579428,"Axsome Therapeutics, Inc.",2013-07-03,D
0001579428-13-000002,1579428,"Axsome Therapeutics, Inc.",2013-06-19,D
0000899140-18-000392,1267238,"ASSURANT, INC.",2018-06-15,D
0000897069-18-000418,751978,VICOR CORP,2018-06-14,D
0001231919-21-000076,1582961,"DigitalOcean Holdings, Inc.",2021-09-13,D
0001231919-20-000032,1582961,"DigitalOcean Holdings, Inc.",2020-05-21,D
0001582961-15-000002,1582961,"DigitalOcean Holdings, Inc.",2015-07-14,D
0001582961-14-000001,1582961,"DigitalOcean Holdings, Inc.",2014-03-10,D
0001582961-13-000002,1582961,"DigitalOcean Holdings, Inc.",2013-08-09,D/A
0001582961-13-000001,1582961,"DigitalOcean Holdings, Inc.",2013-07-31,D
0000950142-18-002087,1756607,Equinox Gold Corp.,2018-10-25,D
0001104659-17-051360,868857,AECOM,2017-08-11,D
0001061894-11-000008,1061894,Gildan Activewear Inc.,2011-04-21,D
0001181431-13-054655,879407,"ARROWHEAD PHARMACEUTICALS, INC.",2013-10-22,D
0001181431-13-028068,879407,"ARROWHEAD PHARMACEUTICALS, INC.",2013-05-16,D
0001181431-10-048404,879407,"ARROWHEAD PHARMACEUTICALS, INC.",2010-09-30,D
0001181431-10-005341,879407,"ARROWHEAD PHARMACEUTICALS, INC.",2010-01-29,D
0001617640-23-000092,1617640,"ZILLOW GROUP, INC.",2023-08-11,D
0001579878-24-000002,1579878,"Figma, Inc.",2024-05-29,D
0001579878-21-000003,1579878,"Figma, Inc.",2021-07-01,D
0001579878-21-000001,1579878,"Figma, Inc.",2021-02-24,D
0001579878-20-000001,1579878,"Figma, Inc.",2020-05-12,D
0001579878-19-000003,1579878,"Figma, Inc.",2019-02-22,D
0001579878-15-000001,1579878,"Figma, Inc.",2015-12-03,D
0001579878-13-000001,1579878,"Figma, Inc.",2013-06-25,D
0001140361-15-032470,1302215,"HOULIHAN LOKEY, INC.",2015-08-17,D
0001144204-13-001943,1366868,"Globalstar, Inc.",2013-01-11,D
0001039399-25-000003,1039399,FORMFACTOR INC,2025-01-17,D
0000950172-19-000139,1639438,"CAVA GROUP, INC.",2019-12-10,D
0001591408-18-000046,1639438,"CAVA GROUP, INC.",2018-12-06,D
0001591408-18-000012,1639438,"CAVA GROUP, INC.",2018-05-11,D
0001591408-17-000005,1639438,"CAVA GROUP, INC.",2017-03-29,D
0001639438-15-000003,1639438,"CAVA GROUP, INC.",2015-09-24,D/A
0001639438-15-000001,1639438,"CAVA GROUP, INC.",2015-04-16,D
0000908834-24-000223,1865782,"BrightSpring Health Services, Inc.",2024-09-16,D
0001209191-15-029603,91419,J M SMUCKER Co,2015-03-27,D
0000911959-14-000032,1289460,"Texas Roadhouse, Inc.",2014-12-04,D
0001891344-21-000001,1579091,Maplebear Inc.,2021-11-01,D
0001559292-21-000001,1579091,Maplebear Inc.,2021-03-11,D
0001827715-20-000001,1579091,Maplebear Inc.,2020-10-20,D
0001810806-20-000002,1579091,Maplebear Inc.,2020-06-26,D
0001579091-18-000002,1579091,Maplebear Inc.,2018-04-13,D/A
0001579091-18-000001,1579091,Maplebear Inc.,2018-02-22,D
0001579091-17-000003,1579091,Maplebear Inc.,2017-03-15,D
0001579091-15-000001,1579091,Maplebear Inc.,2015-07-10,D/A
0001579091-14-000002,1579091,Maplebear Inc.,2014-12-30,D
0001579091-14-000001,1579091,Maplebear Inc.,2014-06-25,D
0001579091-13-000002,1579091,Maplebear Inc.,2013-07-11,D
0001579091-13-000001,1579091,Maplebear Inc.,2013-06-12,D
0001493152-24-037662,1144879,Applied Digital Corp.,2024-09-20,D
0000932440-21-000041,1144879,Applied Digital Corp.,2021-08-06,D
0000932440-21-000013,1144879,Applied Digital Corp.,2021-04-26,D
0001144879-11-000003,1144879,Applied Digital Corp.,2011-09-15,D
0001144879-11-000002,1144879,Applied Digital Corp.,2011-01-18,D
0001144879-09-000020,1144879,Applied Digital Corp.,2009-10-07,D
0001144879-09-000007,1144879,Applied Digital Corp.,2009-01-27,D
0001717115-22-000001,1717115,"Tempus AI, Inc.",2022-10-17,D
0001717115-18-000003,1717115,"Tempus AI, Inc.",2018-09-07,D
0001717115-18-000001,1717115,"Tempus AI, Inc.",2018-03-30,D
0001717115-17-000001,1717115,"Tempus AI, Inc.",2017-09-25,D
0001209191-21-069404,892553,CHART INDUSTRIES INC,2021-12-14,D
0000031791-21-000011,31791,"REVVITY, INC.",2021-09-23,D
0000912282-09-001415,1308648,FIRST MAJESTIC SILVER CORP,2009-09-25,D/A
0000912282-09-001294,1308648,FIRST MAJESTIC SILVER CORP,2009-09-08,D
0000912282-09-000426,1308648,FIRST MAJESTIC SILVER CORP,2009-03-20,D
0001261333-20-000150,1261333,"DOCUSIGN, INC.",2020-07-20,D
0001689548-19-000002,1689548,"Praxis Precision Medicines, Inc.",2019-06-27,D
0001689548-18-000001,1689548,"Praxis Precision Medicines, Inc.",2018-03-26,D
0001689548-16-000001,1689548,"Praxis Precision Medicines, Inc.",2016-11-10,D
0001231919-21-000085,1611052,"PROCORE TECHNOLOGIES, INC.",2021-11-15,D
0001611052-18-000003,1611052,"PROCORE TECHNOLOGIES, INC.",2018-12-20,D
0001140361-16-090294,1611052,"PROCORE TECHNOLOGIES, INC.",2016-12-20,D
0001140361-16-087061,1611052,"PROCORE TECHNOLOGIES, INC.",2016-11-17,D
0001140361-16-053579,1611052,"PROCORE TECHNOLOGIES, INC.",2016-02-17,D
0001140361-15-045927,1611052,"PROCORE TECHNOLOGIES, INC.",2015-12-30,D
0001140361-15-015516,1611052,"PROCORE TECHNOLOGIES, INC.",2015-04-15,D
0001611052-14-000002,1611052,"PROCORE TECHNOLOGIES, INC.",2014-11-13,D/A
0001611052-14-000001,1611052,"PROCORE TECHNOLOGIES, INC.",2014-06-19,D
0001368622-26-000001,1368622,AeroVironment Inc,2026-03-24,D
0001368622-23-000068,1368622,AeroVironment Inc,2023-09-19,D
0001104659-21-028949,1368622,AeroVironment Inc,2021-02-26,D
0001567619-21-013107,1868159,"Lineage, Inc.",2021-07-08,D
0001952917-24-000002,1819848,"Joby Aviation, Inc.",2024-10-15,D
0001567619-20-013997,797721,VIASAT INC,2020-08-03,D
0001200876-22-000027,1341766,"Celsius Holdings, Inc.",2022-08-02,D
0001341766-17-000004,1341766,"Celsius Holdings, Inc.",2017-03-14,D/A
0001341766-17-000001,1341766,"Celsius Holdings, Inc.",2017-01-13,D
0001341766-15-000002,1341766,"Celsius Holdings, Inc.",2015-04-30,D
0001140361-11-018047,924805,Freedom Holding Corp.,2011-03-22,D
0001178913-19-001747,1109138,CAMTEK LTD,2019-06-20,D
0001795586-21-000002,1795586,"Chime Financial, Inc.",2021-09-10,D/A
0001795586-21-000001,1795586,"Chime Financial, Inc.",2021-08-23,D
0001795586-20-000003,1795586,"Chime Financial, Inc.",2020-10-15,D/A
0001795586-20-000002,1795586,"Chime Financial, Inc.",2020-09-28,D
0001795586-20-000001,1795586,"Chime Financial, Inc.",2020-03-05,D/A
0001795586-19-000001,1795586,"Chime Financial, Inc.",2019-12-06,D
0001711279-17-000002,1711279,"Krystal Biotech, Inc.",2017-08-18,D
0001288320-20-000002,1649094,"Vaxcyte, Inc.",2020-04-03,D
0001649094-18-000001,1649094,"Vaxcyte, Inc.",2018-06-12,D
0001649094-17-000002,1649094,"Vaxcyte, Inc.",2017-03-21,D
0001649094-15-000001,1649094,"Vaxcyte, Inc.",2015-07-24,D
0001861560-21-000001,1861560,"Nuvalent, Inc.",2021-05-12,D
0000950172-24-000439,1274173,JANUS HENDERSON GROUP PLC,2024-10-08,D
0001193125-25-331101,70145,NATIONAL FUEL GAS CO,2025-12-23,D
0001488138-14-000003,1513761,Norwegian Cruise Line Holdings Ltd.,2014-11-21,D
0001209191-23-059474,1849253,"RYAN SPECIALTY HOLDINGS, INC.",2023-12-22,D
0001209191-23-032742,1849253,"RYAN SPECIALTY HOLDINGS, INC.",2023-05-30,D
0000950142-26-000274,1907982,D-Wave Quantum Inc.,2026-01-30,D
0001326110-23-000133,1326110,"ImmunityBio, Inc.",2023-09-22,D
0001209191-22-042988,1326110,"ImmunityBio, Inc.",2022-07-22,D
0001326110-15-000005,1326110,"ImmunityBio, Inc.",2015-08-05,D
0001326110-15-000004,1326110,"ImmunityBio, Inc.",2015-07-17,D/A
0001326110-15-000002,1326110,"ImmunityBio, Inc.",2015-06-24,D
0001620935-15-000001,1326110,"ImmunityBio, Inc.",2015-01-05,D
0001627480-14-000001,1326110,"ImmunityBio, Inc.",2014-12-29,D
0001415889-14-001199,1326110,"ImmunityBio, Inc.",2014-04-17,D
0001326110-09-000003,1326110,"ImmunityBio, Inc.",2009-10-09,D
0000824142-24-000095,824142,"AAON, INC.",2024-04-02,D
0000824142-23-000043,824142,"AAON, INC.",2023-03-10,D
0000824142-22-000051,824142,"AAON, INC.",2022-03-15,D
0001183740-24-000077,1334933,URANIUM ENERGY CORP,2024-09-23,D
0001183740-24-000022,1334933,URANIUM ENERGY CORP,2024-03-01,D
0001183740-20-000261,1334933,URANIUM ENERGY CORP,2020-12-11,D
0001183740-19-000269,1334933,URANIUM ENERGY CORP,2019-12-24,D
0001183740-19-000261,1334933,URANIUM ENERGY CORP,2019-12-11,D
0001183740-18-000199,1334933,URANIUM ENERGY CORP,2018-12-13,D
0001183740-18-000115,1334933,URANIUM ENERGY CORP,2018-06-18,D
0001183740-18-000090,1334933,URANIUM ENERGY CORP,2018-05-09,D
0001183740-18-000064,1334933,URANIUM ENERGY CORP,2018-03-19,D
0001183740-18-000048,1334933,URANIUM ENERGY CORP,2018-02-26,D
0001183740-17-000163,1334933,URANIUM ENERGY CORP,2017-09-15,D
0001183740-17-000095,1334933,URANIUM ENERGY CORP,2017-06-13,D
0001183740-17-000091,1334933,URANIUM ENERGY CORP,2017-06-01,D
0001183740-17-000048,1334933,URANIUM ENERGY CORP,2017-03-15,D
0001183740-16-000422,1334933,URANIUM ENERGY CORP,2016-09-28,D
0001183740-16-000321,1334933,URANIUM ENERGY CORP,2016-04-08,D
0001183740-16-000305,1334933,URANIUM ENERGY CORP,2016-02-24,D
0001183740-16-000301,1334933,URANIUM ENERGY CORP,2016-02-18,D
0001183740-15-000273,1334933,URANIUM ENERGY CORP,2015-12-23,D
0001183740-15-000259,1334933,URANIUM ENERGY CORP,2015-11-19,D
0001183740-15-000243,1334933,URANIUM ENERGY CORP,2015-10-21,D
0001183740-15-000178,1334933,URANIUM ENERGY CORP,2015-07-15,D
0001183740-15-000110,1334933,URANIUM ENERGY CORP,2015-05-29,D
0001183740-15-000083,1334933,URANIUM ENERGY CORP,2015-04-15,D
0001183740-15-000068,1334933,URANIUM ENERGY CORP,2015-03-13,D
0001183740-14-000382,1334933,URANIUM ENERGY CORP,2014-12-22,D
0000950123-25-004678,1866368,"Clearwater Analytics Holdings, Inc.",2025-05-12,D
0001035443-26-000002,1035443,"ALEXANDRIA REAL ESTATE EQUITIES, INC.",2026-01-15,D
0001759425-25-000005,1035443,"ALEXANDRIA REAL ESTATE EQUITIES, INC.",2025-01-15,D
0001759425-24-000002,1035443,"ALEXANDRIA REAL ESTATE EQUITIES, INC.",2024-01-16,D
0001840051-23-000002,1035443,"ALEXANDRIA REAL ESTATE EQUITIES, INC.",2023-01-17,D
0001035443-22-000025,1035443,"ALEXANDRIA REAL ESTATE EQUITIES, INC.",2022-01-18,D
0001035443-21-000016,1035443,"ALEXANDRIA REAL ESTATE EQUITIES, INC.",2021-01-15,D
0001079973-19-000080,1167419,"Riot Platforms, Inc.",2019-02-12,D
0001079973-17-000761,1167419,"Riot Platforms, Inc.",2017-12-27,D
0001079973-17-000177,1167419,"Riot Platforms, Inc.",2017-03-22,D
0001079973-16-001182,1167419,"Riot Platforms, Inc.",2016-09-15,D
0000950123-24-010340,1718227,"Construction Partners, Inc.",2024-11-04,D
0001493152-25-014642,1603454,Celcuity Inc.,2025-09-23,D/A
0001437749-24-031204,1603454,Celcuity Inc.,2024-10-15,D/A
0001437749-24-021559,1603454,Celcuity Inc.,2024-06-28,D/A
0001437749-24-013173,1603454,Celcuity Inc.,2024-04-25,D/A
0001437749-23-033046,1603454,Celcuity Inc.,2023-11-27,D/A
0001437749-23-029067,1603454,Celcuity Inc.,2023-10-26,D
0001437749-23-012128,1603454,Celcuity Inc.,2023-05-02,D/A
0001437749-22-028083,1603454,Celcuity Inc.,2022-11-28,D/A
0001437749-22-013660,1603454,Celcuity Inc.,2022-05-26,D
0001437749-22-008566,1603454,Celcuity Inc.,2022-04-08,D/A
0001437749-21-027211,1603454,Celcuity Inc.,2021-11-22,D/A
0001437749-21-008922,1603454,Celcuity Inc.,2021-04-14,D
0001437749-20-022144,1603454,Celcuity Inc.,2020-11-02,D/A
0001437749-19-020960,1603454,Celcuity Inc.,2019-10-31,D/A
0001437749-18-019819,1603454,Celcuity Inc.,2018-11-07,D/A
0001209191-17-059594,1603454,Celcuity Inc.,2017-11-07,D/A
0001209191-17-033838,1603454,Celcuity Inc.,2017-05-19,D
0001209191-17-029082,1603454,Celcuity Inc.,2017-05-02,D
0001209191-16-103023,1603454,Celcuity Inc.,2016-02-26,D
0001209191-15-085994,1603454,Celcuity Inc.,2015-12-18,D
0001181431-14-013755,1603454,Celcuity Inc.,2014-03-24,D
0001476150-10-000001,1476150,Terreno Realty Corp,2010-02-26,D
0001140361-14-045204,1468642,Aura Minerals Inc.,2014-12-15,D
0001140361-14-014789,1468642,Aura Minerals Inc.,2014-03-31,D
0001183740-10-000049,1468642,Aura Minerals Inc.,2010-02-10,D
0001183740-09-000328,1468642,Aura Minerals Inc.,2009-07-23,D
0001835830-22-000002,1835830,"Klaviyo, Inc.",2022-08-02,D
0001835830-21-000001,1835830,"Klaviyo, Inc.",2021-05-18,D
0001835830-20-000001,1835830,"Klaviyo, Inc.",2020-12-15,D
0001487326-10-000001,1487326,OceanaGold Corp,2010-03-17,D
0001470831-19-000001,730272,REPLIGEN CORP,2019-06-13,D
0001209191-17-048097,730272,REPLIGEN CORP,2017-08-08,D
0001470831-14-000001,730272,REPLIGEN CORP,2014-06-16,D
0001231919-22-000059,1839341,"Core Scientific, Inc./tx",2022-09-09,D
0001759425-26-000005,1759425,"Mirum Pharmaceuticals, Inc.",2026-01-29,D
0001759425-20-000002,1759425,"Mirum Pharmaceuticals, Inc.",2020-12-30,D
0001759425-18-000001,1759425,"Mirum Pharmaceuticals, Inc.",2018-11-20,D
0001023128-17-000067,1023128,LITHIA MOTORS INC,2017-05-24,D
0001377121-15-000002,1377121,"Protagonist Therapeutics, Inc",2015-07-24,D
0001377121-13-000004,1377121,"Protagonist Therapeutics, Inc",2013-06-11,D
0001622229-20-000002,1622229,"Cogent Biosciences, Inc.",2020-07-21,D
0001622229-15-000002,1622229,"Cogent Biosciences, Inc.",2015-06-25,D
0001622229-14-000001,1622229,"Cogent Biosciences, Inc.",2014-10-20,D
0000868671-15-000048,868671,"GLACIER BANCORP, INC.",2015-03-12,D
0001209191-18-054973,1626115,PJT Partners Inc.,2018-10-15,D
0001433195-09-000002,1433195,APPFOLIO INC,2009-08-24,D
0001609253-18-000021,1609253,California Resources Corp,2018-02-16,D
0001567619-21-000704,1831363,"Terns Pharmaceuticals, Inc.",2021-01-07,D
0001618563-23-000004,1618563,National Storage Affiliates Trust,2023-03-29,D
0001638826-24-000001,1638826,"ServiceTitan, Inc.",2024-05-03,D
0001638826-21-000002,1638826,"ServiceTitan, Inc.",2021-07-13,D
0001638826-21-000001,1638826,"ServiceTitan, Inc.",2021-04-14,D
0001638826-20-000001,1638826,"ServiceTitan, Inc.",2020-05-08,D
0001638826-18-000002,1638826,"ServiceTitan, Inc.",2018-11-14,D
0001638826-18-000001,1638826,"ServiceTitan, Inc.",2018-03-23,D
0001638826-17-000001,1638826,"ServiceTitan, Inc.",2017-03-16,D
0001638826-15-000001,1638826,"ServiceTitan, Inc.",2015-06-16,D
0001767042-19-000001,1767042,"Kodiak Gas Services, Inc.",2019-02-07,D
0001209191-23-059745,1636282,"Spyre Therapeutics, Inc.",2023-12-27,D
0001231919-23-000044,1636282,"Spyre Therapeutics, Inc.",2023-07-06,D
0001636282-15-000001,1636282,"Spyre Therapeutics, Inc.",2015-03-24,D
0001002638-14-000005,1002638,OPEN TEXT CORP,2014-01-16,D/A
0001002638-13-000030,1002638,OPEN TEXT CORP,2013-11-18,D
0001838359-22-000004,1838359,"Rigetti Computing, Inc.",2022-08-22,D
0001567619-22-000131,1838359,"Rigetti Computing, Inc.",2022-01-04,D
0001140361-17-002411,1649904,"RHYTHM PHARMACEUTICALS, INC.",2017-01-20,D
0001140361-15-044190,1649904,"RHYTHM PHARMACEUTICALS, INC.",2015-12-10,D/A
0001140361-15-031215,1649904,"RHYTHM PHARMACEUTICALS, INC.",2015-08-12,D
0001140361-18-014814,1655888,Blue Owl Capital Corp,2018-03-23,D/A
0001140361-18-005671,1655888,Blue Owl Capital Corp,2018-02-08,D/A
0001140361-18-005642,1655888,Blue Owl Capital Corp,2018-02-07,D/A
0001140361-17-034855,1655888,Blue Owl Capital Corp,2017-09-08,D
0001140361-17-021588,1655888,Blue Owl Capital Corp,2017-05-19,D/A
0001140361-17-004908,1655888,Blue Owl Capital Corp,2017-02-07,D/A
0001140361-16-089865,1655888,Blue Owl Capital Corp,2016-12-15,D/A
0001140361-16-076203,1655888,Blue Owl Capital Corp,2016-08-12,D/A
0001140361-16-058427,1655888,Blue Owl Capital Corp,2016-03-18,D
0001352010-19-000029,1352010,"EPAM Systems, Inc.",2019-09-11,D
0001736035-19-000015,1736035,Blackstone Secured Lending Fund,2019-12-16,D/A
0001736035-18-000001,1736035,Blackstone Secured Lending Fund,2018-10-26,D
0001144204-18-006057,351569,Ameris Bancorp,2018-02-06,D
0001144204-18-002091,351569,Ameris Bancorp,2018-01-12,D
0001144204-17-005271,351569,Ameris Bancorp,2017-02-01,D/A
0001144204-17-004883,351569,Ameris Bancorp,2017-01-31,D
0001144204-15-005750,351569,Ameris Bancorp,2015-02-04,D
0000912282-09-001124,1429937,B2GOLD CORP,2009-08-10,D
0001144204-12-017111,1001316,"TG THERAPEUTICS, INC.",2012-03-26,D
0001144204-12-011931,1001316,"TG THERAPEUTICS, INC.",2012-02-29,D/A
0001144204-12-010449,1001316,"TG THERAPEUTICS, INC.",2012-02-22,D/A
0001140361-10-012208,1001316,"TG THERAPEUTICS, INC.",2010-03-16,D
0001231919-21-000015,1734722,"UiPath, Inc.",2021-02-11,D
0001734722-20-000001,1734722,"UiPath, Inc.",2020-07-20,D
0001734722-19-000001,1734722,"UiPath, Inc.",2019-05-13,D
0001734722-18-000003,1734722,"UiPath, Inc.",2018-11-16,D
0001734722-18-000001,1734722,"UiPath, Inc.",2018-03-16,D
0001231919-25-000012,1764013,"Immunovant, Inc.",2025-01-21,D
0001567619-22-012931,1703056,ADT Inc.,2022-06-16,D
0001567619-21-022411,1703056,ADT Inc.,2021-12-21,D
0000950142-20-002722,1703056,ADT Inc.,2020-12-09,D
0000950103-24-017748,2003292,Klarna Group plc,2024-12-13,D
0002003292-24-000002,2003292,Klarna Group plc,2024-05-13,D/A
0001567619-23-007906,2003292,Klarna Group plc,2023-12-26,D
0001568651-15-000001,1568651,"Oscar Health, Inc.",2015-04-28,D
0001568651-14-000002,1568651,"Oscar Health, Inc.",2014-05-19,D
0001568651-14-000001,1568651,"Oscar Health, Inc.",2014-01-07,D
0001568651-13-000002,1568651,"Oscar Health, Inc.",2013-09-11,D
0001727196-18-000001,1727196,Scholar Rock Holding Corp,2018-01-08,D
0001230245-19-000098,1230245,PIPER SANDLER COMPANIES,2019-10-15,D
0001104659-17-001211,1109354,BRUKER CORP,2017-01-06,D
0001670061-16-000002,1670061,Almonty Industries Inc.,2016-03-24,D
0001672013-16-000001,1672013,Acushnet Holdings Corp.,2016-06-29,D
0001722482-17-000002,1722482,"Avantor, Inc.",2017-12-28,D
0001579877-14-000161,1579877,OUTFRONT Media Inc.,2014-12-03,D
0001567619-23-005926,1070081,"PTC THERAPEUTICS, INC.",2023-05-08,D
0001104659-20-072913,1070081,"PTC THERAPEUTICS, INC.",2020-06-12,D
0001070081-20-000098,1070081,"PTC THERAPEUTICS, INC.",2020-05-14,D
0001070081-18-000069,1070081,"PTC THERAPEUTICS, INC.",2018-09-05,D
0001140361-13-039966,1385849,ENERGY FUELS INC,2013-10-30,D
0001140361-13-033453,1385849,ENERGY FUELS INC,2013-08-19,D/A
0001140361-13-026381,1385849,ENERGY FUELS INC,2013-06-26,D
0001385849-12-000004,1385849,ENERGY FUELS INC,2012-07-03,D
0001860160-24-000003,1860160,Firefly Aerospace Inc.,2024-11-15,D
0001860160-24-000002,1860160,Firefly Aerospace Inc.,2024-03-01,D
0001860160-23-000001,1860160,Firefly Aerospace Inc.,2023-02-16,D
0001860160-22-000001,1860160,Firefly Aerospace Inc.,2022-03-29,D
0001860160-21-000001,1860160,Firefly Aerospace Inc.,2021-05-11,D
0001567619-21-014911,1747777,Blue Owl Technology Finance Corp.,2021-08-10,D/A
0001567619-21-011718,1747777,Blue Owl Technology Finance Corp.,2021-06-04,D/A
0001567619-20-014630,1747777,Blue Owl Technology Finance Corp.,2020-08-10,D/A
0001567619-20-001637,1747777,Blue Owl Technology Finance Corp.,2020-01-28,D/A
0001567619-18-006926,1747777,Blue Owl Technology Finance Corp.,2018-11-26,D/A
0001567619-18-004562,1747777,Blue Owl Technology Finance Corp.,2018-10-25,D/A
0001567619-18-000324,1747777,Blue Owl Technology Finance Corp.,2018-08-10,D
0001583708-21-000002,1583708,"SentinelOne, Inc.",2021-02-24,D
0001583708-20-000004,1583708,"SentinelOne, Inc.",2020-02-21,D
0001583708-17-000002,1583708,"SentinelOne, Inc.",2017-01-25,D
0001583708-15-000001,1583708,"SentinelOne, Inc.",2015-10-14,D
0001583708-13-000001,1583708,"SentinelOne, Inc.",2013-08-06,D
0001563190-26-000024,1563190,"Compass, Inc.",2026-01-30,D
0001563190-25-000199,1563190,"Compass, Inc.",2025-11-13,D
0001563190-25-000188,1563190,"Compass, Inc.",2025-10-15,D
0001563190-25-000183,1563190,"Compass, Inc.",2025-09-24,D
0001563190-25-000180,1563190,"Compass, Inc.",2025-09-09,D
0001563190-25-000162,1563190,"Compass, Inc.",2025-08-08,D
0001563190-25-000155,1563190,"Compass, Inc.",2025-07-31,D
0001563190-25-000138,1563190,"Compass, Inc.",2025-06-26,D
0001563190-24-000088,1563190,"Compass, Inc.",2024-05-22,D
0001563190-24-000075,1563190,"Compass, Inc.",2024-04-18,D
0001563190-24-000024,1563190,"Compass, Inc.",2024-02-12,D
0001563190-24-000019,1563190,"Compass, Inc.",2024-01-23,D
0001563190-23-000219,1563190,"Compass, Inc.",2023-10-26,D
0001563190-23-000218,1563190,"Compass, Inc.",2023-10-17,D
0001563190-23-000217,1563190,"Compass, Inc.",2023-10-13,D
0001563190-23-000190,1563190,"Compass, Inc.",2023-08-31,D
0001563190-23-000188,1563190,"Compass, Inc.",2023-08-30,D
0001563190-23-000061,1563190,"Compass, Inc.",2023-03-29,D
0001563190-23-000056,1563190,"Compass, Inc.",2023-03-10,D
0001563190-13-000002,1563190,"Compass, Inc.",2013-10-10,D
0001563190-12-000001,1563190,"Compass, Inc.",2012-12-05,D
0000913353-10-000003,913353,Colliers International Group Inc.,2010-01-27,D
0001707753-17-000003,1707753,Elastic N.V.,2017-11-13,D
0001707753-17-000002,1707753,Elastic N.V.,2017-06-05,D
0000950172-21-000078,1170010,CARMAX INC,2021-06-08,D
0001507079-10-000002,1507079,"Floor & Decor Holdings, Inc.",2010-12-07,D
0000950123-24-006516,1995807,LandBridge Co LLC,2024-07-12,D
0001209191-20-024107,1674416,CRISPR Therapeutics AG,2020-04-10,D/A
0001209191-20-024064,1674416,CRISPR Therapeutics AG,2020-04-09,D
0001674416-16-000002,1674416,CRISPR Therapeutics AG,2016-11-04,D
0001567619-20-020085,1562088,"Duolingo, Inc.",2020-11-19,D
0001567619-20-007913,1562088,"Duolingo, Inc.",2020-04-14,D
0001567619-20-000688,1562088,"Duolingo, Inc.",2020-01-07,D
0001140361-17-035174,1562088,"Duolingo, Inc.",2017-09-12,D
0001562088-12-000001,1562088,"Duolingo, Inc.",2012-11-13,D
0001140361-14-026497,1610250,"Boot Barn Holdings, Inc.",2014-06-24,D
0001140361-15-035037,1317685,Alliance Laundry Holdings Inc.,2015-09-15,D
0000950103-24-005930,1782170,"Remitly Global, Inc.",2024-04-29,D/A
0000950103-23-000817,1782170,"Remitly Global, Inc.",2023-01-20,D
0001168404-21-000005,1782170,"Remitly Global, Inc.",2021-05-25,D
0001168404-20-000006,1782170,"Remitly Global, Inc.",2020-08-17,D
0001651573-19-000003,1782170,"Remitly Global, Inc.",2019-07-12,D/A
0001231919-23-000026,1801198,Legend Biotech Corp,2023-04-28,D
0001288320-20-000003,1801198,Legend Biotech Corp,2020-04-07,D
0001570827-17-000001,1570827,"Victory Capital Holdings, Inc.",2017-03-10,D/A
0001570827-16-000005,1570827,"Victory Capital Holdings, Inc.",2016-08-12,D
0001570827-16-000004,1570827,"Victory Capital Holdings, Inc.",2016-03-02,D/A
0001570827-15-000003,1570827,"Victory Capital Holdings, Inc.",2015-05-13,D
0001570827-15-000001,1570827,"Victory Capital Holdings, Inc.",2015-03-02,D/A
0001570827-14-000001,1570827,"Victory Capital Holdings, Inc.",2014-11-17,D
0000950103-13-004625,1570827,"Victory Capital Holdings, Inc.",2013-08-01,D/A
0000950103-13-004417,1570827,"Victory Capital Holdings, Inc.",2013-07-19,D/A
0000950103-13-001569,1570827,"Victory Capital Holdings, Inc.",2013-03-06,D
0001693736-22-000001,1693736,EquipmentShare.com Inc,2022-01-06,D
0001693736-21-000004,1693736,EquipmentShare.com Inc,2021-04-14,D
0001693736-21-000002,1693736,EquipmentShare.com Inc,2021-01-15,D
0001693736-18-000002,1693736,EquipmentShare.com Inc,2018-10-05,D
0001693736-18-000001,1693736,EquipmentShare.com Inc,2018-08-21,D
0001693736-17-000002,1693736,EquipmentShare.com Inc,2017-01-05,D
0001690585-18-000001,1690585,"Dianthus Therapeutics, Inc. /DE/",2018-04-09,D
0001690585-17-000001,1690585,"Dianthus Therapeutics, Inc. /DE/",2017-05-05,D
0001690585-16-000001,1690585,"Dianthus Therapeutics, Inc. /DE/",2016-11-23,D
0000890926-26-000001,890926,RADIAN GROUP INC,2026-02-09,D
0001213900-26-044058,1646188,Ondas Inc.,2026-04-15,D
0001213900-25-110127,1646188,Ondas Inc.,2025-11-13,D
0001213900-24-021116,1646188,Ondas Inc.,2024-03-08,D
0001213900-23-068611,1646188,Ondas Inc.,2023-08-17,D/A
0001213900-23-068268,1646188,Ondas Inc.,2023-08-16,D
0001213900-23-063740,1646188,Ondas Inc.,2023-08-04,D
0001213900-22-019036,1646188,Ondas Inc.,2022-04-08,D
0001213900-21-041096,1646188,Ondas Inc.,2021-08-09,D
0001213900-20-025053,1646188,Ondas Inc.,2020-09-02,D
0001213900-20-022717,1646188,Ondas Inc.,2020-08-18,D
0001213900-19-025313,1646188,Ondas Inc.,2019-12-04,D/A
0001213900-19-019398,1646188,Ondas Inc.,2019-10-01,D
0001615774-18-010490,1646188,Ondas Inc.,2018-10-04,D
0001209191-21-029517,1735707,Garrett Motion Inc.,2021-05-03,D
0001516513-12-000001,1516513,"Doximity, Inc.",2012-10-12,D
0001516513-11-000001,1516513,"Doximity, Inc.",2011-03-25,D
0000889900-18-000001,889900,PATTERSON UTI ENERGY INC,2018-11-02,D
0001209191-12-034168,889900,PATTERSON UTI ENERGY INC,2012-06-18,D
0001209191-10-049578,889900,PATTERSON UTI ENERGY INC,2010-10-06,D
0001624794-21-000105,1624794,"CSW INDUSTRIALS, INC.",2021-12-16,D
0001104659-20-140077,1624794,"CSW INDUSTRIALS, INC.",2020-12-29,D
0001639723-21-000004,1639723,"Navan, Inc.",2021-10-26,D
0001639723-21-000002,1639723,"Navan, Inc.",2021-02-04,D
0001639723-19-000001,1639723,"Navan, Inc.",2019-07-11,D
0001639723-18-000002,1639723,"Navan, Inc.",2018-11-09,D
0001639723-16-000003,1639723,"Navan, Inc.",2016-03-01,D
0001639723-15-000002,1639723,"Navan, Inc.",2015-05-08,D
0001104659-16-164639,912766,"LAUREATE EDUCATION, INC.",2017-01-03,D
0001415889-15-000419,1507605,"MARA Holdings, Inc.",2015-02-04,D
0001415889-14-003191,1507605,"MARA Holdings, Inc.",2014-10-21,D
0001415889-14-001358,1507605,"MARA Holdings, Inc.",2014-05-06,D
0001521536-13-000529,1507605,"MARA Holdings, Inc.",2013-06-13,D
0001521536-13-000010,1507605,"MARA Holdings, Inc.",2013-01-04,D
0001438472-21-000002,1438472,"MIAMI INTERNATIONAL HOLDINGS, INC.",2021-08-09,D
0001438472-20-000002,1438472,"MIAMI INTERNATIONAL HOLDINGS, INC.",2020-12-18,D
0001438472-18-000002,1438472,"MIAMI INTERNATIONAL HOLDINGS, INC.",2018-02-02,D
0001438472-18-000001,1438472,"MIAMI INTERNATIONAL HOLDINGS, INC.",2018-01-12,D
0001438472-16-000005,1438472,"MIAMI INTERNATIONAL HOLDINGS, INC.",2016-07-12,D
0001438472-15-000004,1438472,"MIAMI INTERNATIONAL HOLDINGS, INC.",2015-12-11,D
0001680056-20-000002,1680056,Orla Mining Ltd.,2020-04-15,D
0001680056-20-000001,1680056,Orla Mining Ltd.,2020-01-02,D
0001680056-19-000003,1680056,Orla Mining Ltd.,2019-07-26,D
0001680056-18-000001,1680056,Orla Mining Ltd.,2018-02-27,D
0001680056-16-000002,1680056,Orla Mining Ltd.,2016-10-27,D
0001680056-16-000001,1680056,Orla Mining Ltd.,2016-07-25,D
0001567619-20-020224,1730430,"Kiniksa Pharmaceuticals International, plc",2020-11-23,D/A
0001567619-19-014672,1730430,"Kiniksa Pharmaceuticals International, plc",2019-07-11,D/A
0001567619-19-008415,1730430,"Kiniksa Pharmaceuticals International, plc",2019-04-04,D
0001567619-23-001146,1794669,"Shift4 Payments, Inc.",2023-01-24,D
0001567619-22-021976,1794669,"Shift4 Payments, Inc.",2022-12-23,D
0001567619-22-019551,1794669,"Shift4 Payments, Inc.",2022-11-10,D
0001567619-22-017783,1794669,"Shift4 Payments, Inc.",2022-09-23,D
0001567619-22-012857,1794669,"Shift4 Payments, Inc.",2022-06-15,D
0000925421-24-000002,1658247,"Crinetics Pharmaceuticals, Inc.",2024-03-11,D
0001140361-18-009890,1658247,"Crinetics Pharmaceuticals, Inc.",2018-02-23,D
0001140361-15-041243,1658247,"Crinetics Pharmaceuticals, Inc.",2015-11-16,D
0001231919-25-000361,1827635,"Veradermics, Inc",2025-10-28,D
0001827635-24-000001,1827635,"Veradermics, Inc",2024-12-10,D
0001827635-23-000002,1827635,"Veradermics, Inc",2023-05-01,D
0001827635-21-000004,1827635,"Veradermics, Inc",2021-10-07,D/A
0001827635-21-000003,1827635,"Veradermics, Inc",2021-10-06,D
0001827635-20-000001,1827635,"Veradermics, Inc",2020-10-09,D
0001243233-20-000008,1517413,"Fastly, Inc.",2020-10-16,D
0001430723-20-000028,1430723,"ServisFirst Bancshares, Inc.",2020-10-27,D
0001430723-17-000038,1430723,"ServisFirst Bancshares, Inc.",2017-11-17,D
0001144204-15-042759,1430723,"ServisFirst Bancshares, Inc.",2015-07-16,D
0001144204-13-030767,1430723,"ServisFirst Bancshares, Inc.",2013-05-21,D
0001144204-12-064824,1430723,"ServisFirst Bancshares, Inc.",2012-11-26,D
0001144204-11-030354,1430723,"ServisFirst Bancshares, Inc.",2011-05-17,D
0001209191-10-019030,1430723,"ServisFirst Bancshares, Inc.",2010-03-30,D
0000950172-21-000064,1857047,MDA Space Ltd.,2021-04-19,D
0001213900-19-012277,1691421,"Lemonade, Inc.",2019-07-09,D/A
0001567619-19-014518,1691421,"Lemonade, Inc.",2019-07-08,D
0001140361-18-014290,1691421,"Lemonade, Inc.",2018-03-20,D
0001140361-16-088651,1691421,"Lemonade, Inc.",2016-12-02,D
0001104659-25-097583,1679049,"International Seaways, Inc.",2025-10-07,D
0001653482-16-000007,1653482,Gitlab Inc.,2016-09-29,D
0001653482-15-000005,1653482,Gitlab Inc.,2015-09-24,D
0000050725-10-000004,50725,GRIFFON CORP,2010-10-14,D
0000950172-17-000097,46765,"Helmerich & Payne, Inc.",2017-12-15,D
0000090896-18-000003,90896,"Champion Homes, Inc.",2018-06-14,D
0001840856-23-000009,1840856,"SOUNDHOUND AI, INC.",2023-01-31,D
0001784570-26-000001,1784570,"BETA Technologies, Inc.",2026-04-16,D
0001784570-25-000006,1784570,"BETA Technologies, Inc.",2025-09-12,D
0001676800-25-000001,1784570,"BETA Technologies, Inc.",2025-08-27,D/A
0000950123-24-010540,1784570,"BETA Technologies, Inc.",2024-11-07,D
0001784570-22-000001,1784570,"BETA Technologies, Inc.",2022-04-19,D
0001784570-21-000003,1784570,"BETA Technologies, Inc.",2021-05-24,D/A
0001784570-21-000001,1784570,"BETA Technologies, Inc.",2021-04-01,D
0001990354-25-000017,1990354,Waystar Holding Corp.,2025-10-10,D
0000907654-15-000002,907654,"Oruka Therapeutics, Inc.",2015-06-25,D
0001500553-14-000001,907654,"Oruka Therapeutics, Inc.",2014-02-20,D
0001428500-13-000002,907654,"Oruka Therapeutics, Inc.",2013-06-17,D
0001478297-13-000001,907654,"Oruka Therapeutics, Inc.",2013-02-01,D
0001437505-12-000003,907654,"Oruka Therapeutics, Inc.",2012-12-28,D
0001437505-12-000002,907654,"Oruka Therapeutics, Inc.",2012-10-31,D
0001428500-12-000001,907654,"Oruka Therapeutics, Inc.",2012-01-05,D
0001344413-09-000003,907654,"Oruka Therapeutics, Inc.",2009-10-26,D
0001193125-26-151288,1466085,"INDEPENDENCE REALTY TRUST, INC.",2026-04-10,D/A
0000950123-25-003746,1466085,"INDEPENDENCE REALTY TRUST, INC.",2025-04-25,D/A
0000950123-24-003408,1466085,"INDEPENDENCE REALTY TRUST, INC.",2024-04-19,D/A
0001209191-23-026044,1466085,"INDEPENDENCE REALTY TRUST, INC.",2023-04-28,D/A
0001209191-22-025918,1466085,"INDEPENDENCE REALTY TRUST, INC.",2022-04-28,D/A
0001209191-21-029339,1466085,"INDEPENDENCE REALTY TRUST, INC.",2021-04-30,D/A
0001209191-20-026442,1466085,"INDEPENDENCE REALTY TRUST, INC.",2020-05-01,D/A
0001466085-19-000006,1466085,"INDEPENDENCE REALTY TRUST, INC.",2019-05-01,D/A
0001466085-18-000005,1466085,"INDEPENDENCE REALTY TRUST, INC.",2018-05-15,D/A
0001466085-18-000004,1466085,"INDEPENDENCE REALTY TRUST, INC.",2018-05-07,D/A
0001466085-17-000007,1466085,"INDEPENDENCE REALTY TRUST, INC.",2017-07-14,D
0001466085-17-000005,1466085,"INDEPENDENCE REALTY TRUST, INC.",2017-05-03,D/A
0001192482-16-000725,1466085,"INDEPENDENCE REALTY TRUST, INC.",2016-10-06,D/A
0001466085-16-000010,1466085,"INDEPENDENCE REALTY TRUST, INC.",2016-05-04,D/A
0001209191-15-071670,1466085,"INDEPENDENCE REALTY TRUST, INC.",2015-09-21,D
0001466085-15-000005,1466085,"INDEPENDENCE REALTY TRUST, INC.",2015-05-04,D
0001466085-15-000002,1466085,"INDEPENDENCE REALTY TRUST, INC.",2015-05-01,D
0001466085-11-000004,1466085,"INDEPENDENCE REALTY TRUST, INC.",2011-12-21,D
0001144204-18-008641,857855,UNITED COMMUNITY BANKS INC,2018-02-14,D
0001539497-24-001790,1830918,Montage Gold Corp.,2024-08-28,D
0001830918-23-000002,1830918,Montage Gold Corp.,2023-05-19,D
0001830918-20-000001,1830918,Montage Gold Corp.,2020-11-04,D
0001209191-21-040572,1786352,"BILL Holdings, Inc.",2021-06-15,D
0001388658-15-000001,1388658,"iRhythm Holdings, Inc.",2015-03-16,D/A
0001388658-14-000001,1388658,"iRhythm Holdings, Inc.",2014-05-23,D
0001388658-13-000001,1388658,"iRhythm Holdings, Inc.",2013-04-08,D
0001388658-12-000002,1388658,"iRhythm Holdings, Inc.",2012-11-13,D
0001388658-12-000001,1388658,"iRhythm Holdings, Inc.",2012-01-26,D/A
0001388658-11-000005,1388658,"iRhythm Holdings, Inc.",2011-10-24,D/A
0001388658-11-000003,1388658,"iRhythm Holdings, Inc.",2011-05-05,D
0001388658-10-000001,1388658,"iRhythm Holdings, Inc.",2010-05-18,D
0001388658-09-000004,1388658,"iRhythm Holdings, Inc.",2009-04-23,D
0001124796-17-000001,1124796,"NLIGHT, INC.",2017-05-10,D
0001124796-16-000004,1124796,"NLIGHT, INC.",2016-01-26,D/A
0001124796-15-000002,1124796,"NLIGHT, INC.",2015-07-30,D
0001124796-15-000001,1124796,"NLIGHT, INC.",2015-04-30,D/A
0001124796-14-000001,1124796,"NLIGHT, INC.",2014-11-12,D
0001124796-13-000001,1124796,"NLIGHT, INC.",2013-01-02,D
0001124796-11-000003,1124796,"NLIGHT, INC.",2011-07-21,D/A
0001124796-11-000002,1124796,"NLIGHT, INC.",2011-06-17,D/A
0001124796-11-000001,1124796,"NLIGHT, INC.",2011-03-10,D
0001124796-09-000003,1124796,"NLIGHT, INC.",2009-06-29,D/A
0002044153-25-000002,2044153,NGEx Minerals Ltd.,2025-10-23,D
0002044153-24-000001,2044153,NGEx Minerals Ltd.,2024-11-13,D
0001424182-19-000003,1424182,"Broadstone Net Lease, Inc.",2019-11-19,D/A
0001424182-18-000001,1424182,"Broadstone Net Lease, Inc.",2018-11-19,D/A
0001424182-17-000002,1424182,"Broadstone Net Lease, Inc.",2017-10-20,D/A
0001424182-16-000002,1424182,"Broadstone Net Lease, Inc.",2016-07-19,D/A
0001424182-15-000001,1424182,"Broadstone Net Lease, Inc.",2015-10-28,D/A
0001424182-14-000001,1424182,"Broadstone Net Lease, Inc.",2014-10-28,D/A
0001571935-13-000002,1424182,"Broadstone Net Lease, Inc.",2013-09-23,D/A
0001424182-12-000001,1424182,"Broadstone Net Lease, Inc.",2012-10-12,D/A
0001424182-11-000001,1424182,"Broadstone Net Lease, Inc.",2011-10-13,D/A
0001424182-10-000001,1424182,"Broadstone Net Lease, Inc.",2010-10-13,D/A
0001424182-09-000002,1424182,"Broadstone Net Lease, Inc.",2009-10-14,D/A
0001361658-19-000152,1361658,Travel & Leisure Co.,2019-08-22,D
0000730263-10-000002,730263,THOR INDUSTRIES INC,2010-09-29,D
0001673743-23-000002,1673743,"Hinge Health, Inc.",2023-12-28,D
0001673743-23-000001,1673743,"Hinge Health, Inc.",2023-12-21,D
0001673743-21-000001,1673743,"Hinge Health, Inc.",2021-04-01,D
0001673743-20-000002,1673743,"Hinge Health, Inc.",2020-07-01,D
0001673743-19-000001,1673743,"Hinge Health, Inc.",2019-06-06,D
0001673743-17-000005,1673743,"Hinge Health, Inc.",2017-07-24,D
0001673743-17-000001,1673743,"Hinge Health, Inc.",2017-06-16,D
0001673743-16-000002,1673743,"Hinge Health, Inc.",2016-06-20,D/A
0001673743-16-000001,1673743,"Hinge Health, Inc.",2016-05-04,D
0001482981-14-000001,1482981,"Vita Coco Company, Inc.",2014-07-23,D
0001482981-12-000001,1482981,"Vita Coco Company, Inc.",2012-05-24,D
0001482981-11-000003,1482981,"Vita Coco Company, Inc.",2011-02-18,D
0001482981-10-000002,1482981,"Vita Coco Company, Inc.",2010-05-14,D
0001482981-10-000001,1482981,"Vita Coco Company, Inc.",2010-02-03,D
0001549257-13-000001,1070494,ACADIA PHARMACEUTICALS INC,2013-01-02,D
0001346301-11-000001,1070494,ACADIA PHARMACEUTICALS INC,2011-01-24,D
0001209191-21-042330,760498,BANCFIRST CORP /OK/,2021-06-22,D
0001581760-17-000002,1581760,"Life360, Inc.",2017-12-15,D/A
0001581760-17-000001,1581760,"Life360, Inc.",2017-07-27,D
0001581760-14-000002,1581760,"Life360, Inc.",2014-05-19,D
0001581760-13-000002,1581760,"Life360, Inc.",2013-11-22,D/A
0001581760-13-000001,1581760,"Life360, Inc.",2013-07-19,D
0001607678-17-000001,1607678,"Viking Therapeutics, Inc.",2017-06-22,D
0001104659-26-054860,1981792,Howard Hughes Holdings Inc.,2026-05-04,D
0001104659-25-051673,1981792,Howard Hughes Holdings Inc.,2025-05-21,D
0001821769-25-000218,1821769,Navitas Semiconductor Corp,2025-11-21,D
0001140361-14-007068,1600033,"e.l.f. Beauty, Inc.",2014-02-14,D
0000945621-16-000680,1476765,"GOLUB CAPITAL BDC, Inc.",2016-07-25,D
0001727689-19-000004,1713748,Skeena Resources Ltd,2019-05-01,D/A
0001713748-18-000001,1713748,Skeena Resources Ltd,2018-04-11,D
0001713748-17-000001,1713748,Skeena Resources Ltd,2017-08-10,D
0000950142-23-002458,1993344,Allied Gold Corp,2023-09-21,D
0001104659-23-108248,1838406,BKV Corp,2023-10-10,D
0001838406-20-000001,1838406,BKV Corp,2020-12-30,D
0001372612-21-000001,1372612,BOX INC,2021-05-17,D
0001840776-23-000129,1840776,"Hagerty, Inc.",2023-07-05,D
0001443984-22-000015,825542,SCOTTS MIRACLE-GRO CO,2022-01-07,D
0001819576-21-000001,1819576,Liquidia Corp,2021-04-16,D
0001455863-21-000015,1455863,AMERICOLD REALTY TRUST,2021-01-13,D
0001209191-13-033907,1063259,DENISON MINES CORP.,2013-06-27,D
0001140361-10-050338,1063259,DENISON MINES CORP.,2010-12-20,D
0002067129-25-000001,2067129,Neptune Insurance Holdings Inc.,2025-05-12,D
0001710072-20-000001,1710072,"Edgewise Therapeutics, Inc.",2020-12-10,D
0001710072-19-000001,1710072,"Edgewise Therapeutics, Inc.",2019-09-26,D
0001625257-16-000206,1680062,"ACM Research, Inc.",2016-08-16,D
0000950103-20-024425,1101215,"BREAD FINANCIAL HOLDINGS, INC.",2020-12-18,D
0000919574-17-002514,1512920,SPROTT INC.,2017-03-07,D/A
0000919574-16-011651,1512920,SPROTT INC.,2016-03-07,D/A
0000919574-15-002645,1512920,SPROTT INC.,2015-03-05,D/A
0000919574-14-002093,1512920,SPROTT INC.,2014-03-05,D/A
0000919574-13-002458,1512920,SPROTT INC.,2013-03-20,D
0001140361-15-022287,1526243,PERPETUA RESOURCES CORP.,2015-05-29,D
0001140361-14-013291,1526243,PERPETUA RESOURCES CORP.,2014-03-18,D
0001183740-12-000115,1526243,PERPETUA RESOURCES CORP.,2012-02-23,D
0001183740-11-000488,1526243,PERPETUA RESOURCES CORP.,2011-07-20,D
0001144204-15-018133,1014739,"Option Care Health, Inc.",2015-03-24,D
0001493152-25-014696,1718405,HYCROFT MINING HOLDING CORP,2025-09-24,D
0001718405-22-000012,1718405,HYCROFT MINING HOLDING CORP,2022-03-29,D
0001663577-17-000267,827876,"CLEANSPARK, INC.",2017-08-21,D
0001663577-16-000178,827876,"CLEANSPARK, INC.",2016-06-08,D
0001255294-14-000508,827876,"CLEANSPARK, INC.",2014-05-23,D
0001819133-25-000003,1819133,"Tango Therapeutics, Inc.",2025-10-28,D
0001802806-23-000009,1819133,"Tango Therapeutics, Inc.",2023-08-24,D
0000203596-24-000002,203596,WESBANCO INC,2024-08-07,D
0001628369-14-000001,1628369,Cushman & Wakefield Ltd.,2014-12-31,D
0001209191-17-027149,1064728,PEABODY ENERGY CORP,2017-04-18,D
0001361113-12-000002,1361113,VARONIS SYSTEMS INC,2012-02-09,D
0001192482-11-000048,1361113,VARONIS SYSTEMS INC,2011-03-07,D
0001361113-10-000004,1361113,VARONIS SYSTEMS INC,2010-08-24,D
0001445305-14-004320,1445305,WORKIVA INC,2014-10-17,D
0001560208-12-000002,1445305,WORKIVA INC,2012-12-27,D/A
0001560208-12-000001,1445305,WORKIVA INC,2012-10-16,D
0001445305-11-003421,1445305,WORKIVA INC,2011-11-14,D
0001445305-10-000653,1445305,WORKIVA INC,2010-07-12,D
0001445305-10-000348,1445305,WORKIVA INC,2010-04-06,D/A
0001474312-10-000001,1445305,WORKIVA INC,2010-02-12,D
0001474312-09-000004,1445305,WORKIVA INC,2009-12-18,D/A
0001474312-09-000002,1445305,WORKIVA INC,2009-10-22,D
0001445305-09-000104,1445305,WORKIVA INC,2009-10-13,D
0001445305-09-000012,1445305,WORKIVA INC,2009-09-28,D
0001288320-24-000003,1847367,ALUMIS INC.,2024-07-24,D
0001288320-24-000001,1847367,ALUMIS INC.,2024-03-11,D
0001847367-21-000003,1847367,ALUMIS INC.,2021-03-19,D
0001847367-21-000002,1847367,ALUMIS INC.,2021-02-25,D
0000947871-17-000684,1517175,"Chefs' Warehouse, Inc.",2017-08-30,D
0001567619-20-008665,1761918,"Erasca, Inc.",2020-04-30,D
0001567619-19-006548,1761918,"Erasca, Inc.",2019-03-11,D/A
0001567619-19-001152,1761918,"Erasca, Inc.",2019-01-15,D
0000708955-19-000046,708955,FIRST FINANCIAL BANCORP /OH/,2019-06-24,D
0001818201-25-000004,1818201,CCC Intelligent Solutions Holdings Inc.,2025-01-06,D
0000805676-12-000004,805676,PARK NATIONAL CORP /OH/,2012-04-20,D
0001745999-19-000002,1745999,Beam Therapeutics Inc.,2019-03-26,D
0001745999-18-000001,1745999,Beam Therapeutics Inc.,2018-08-09,D
0001174850-22-000044,1174850,NICOLET BANKSHARES INC,2022-09-08,D
0000950138-21-000386,1174850,NICOLET BANKSHARES INC,2021-07-21,D
0001737706-18-000002,1737706,Seadrill Ltd,2018-07-13,D
0001647639-17-000002,1647639,"Upstart Holdings, Inc.",2017-03-02,D
0001647639-15-000001,1647639,"Upstart Holdings, Inc.",2015-07-16,D
0001888886-22-000001,1888886,Structure Therapeutics Inc.,2022-01-10,D
0001888886-21-000003,1888886,Structure Therapeutics Inc.,2021-10-21,D
0001493318-22-000001,1493318,eToro Group Ltd.,2022-10-31,D
0001493318-12-000002,1493318,eToro Group Ltd.,2012-03-30,D
0001493318-11-000001,1493318,eToro Group Ltd.,2011-01-14,D
0001493318-10-000001,1493318,eToro Group Ltd.,2010-06-09,D
0001759655-20-000001,1759655,"Privia Health Group, Inc.",2020-03-11,D/A
0000895345-19-000099,1759655,"Privia Health Group, Inc.",2019-02-13,D
0001140361-17-002869,1679688,"DigitalBridge Group, Inc.",2017-01-25,D
0001231346-15-000002,1231346,SEABRIDGE GOLD INC,2015-11-05,D
0000950123-25-003182,1621434,"Black Stone Minerals, L.P.",2025-03-25,D
0001209191-18-056658,1621434,"Black Stone Minerals, L.P.",2018-10-31,D
0001209191-17-050793,1621434,"Black Stone Minerals, L.P.",2017-08-31,D
0001209191-17-042829,1621434,"Black Stone Minerals, L.P.",2017-07-03,D
0000950157-14-000995,1331284,"DHT Holdings, Inc.",2014-09-22,D
0000950157-13-000438,1331284,"DHT Holdings, Inc.",2013-12-03,D
0001243233-21-000001,1469367,Sunrun Inc.,2021-01-19,D
0001593275-15-000002,1593275,"Hamilton Insurance Group, Ltd.",2015-01-13,D
0000950172-13-000133,1593275,"Hamilton Insurance Group, Ltd.",2013-12-23,D
0001714899-24-000088,1714899,Denali Therapeutics Inc.,2024-03-01,D
0001787306-19-000002,1787306,"Arcutis Biotherapeutics, Inc.",2019-10-22,D
0000950123-24-002925,906709,NEKTAR THERAPEUTICS,2024-03-19,D
0001209191-18-023137,906709,NEKTAR THERAPEUTICS,2018-04-03,D
0001818794-20-000001,1818794,"Dyne Therapeutics, Inc.",2020-08-14,D
0001288230-21-000014,1662991,Sezzle Inc.,2021-08-02,D
0001662991-19-000005,1662991,Sezzle Inc.,2019-04-17,D/A
0001662991-19-000003,1662991,Sezzle Inc.,2019-04-09,D
0001662991-18-000001,1662991,Sezzle Inc.,2018-04-24,D
0001662991-16-000003,1662991,Sezzle Inc.,2016-11-14,D/A
0001662991-16-000001,1662991,Sezzle Inc.,2016-03-09,D
0001713695-22-000008,1798562,TMC the metals Co Inc.,2022-08-26,D
0001209191-15-080798,1114483,Integer Holdings Corp,2015-11-18,D
0001169770-22-000045,1169770,"BANC OF CALIFORNIA, INC.",2022-09-22,D
0001209191-22-052823,1899287,"Amprius Technologies, Inc.",2022-10-05,D
0000898822-12-000172,1547903,"NMI Holdings, Inc.",2012-04-23,D/A
0001341335-13-000001,1341335,FORTUNA MINING CORP.,2013-06-11,D
0001341335-12-000002,1341335,FORTUNA MINING CORP.,2012-06-12,D
0000003197-09-000001,3197,CECO ENVIRONMENTAL CORP,2009-12-07,D
0001770787-19-000001,1770787,"10x Genomics, Inc.",2019-05-09,D
0001315863-17-000686,1373670,"Green Brick Partners, Inc.",2017-08-16,D
0001657573-18-000002,1657573,"Xometry, Inc.",2018-07-13,D
0001657573-17-000003,1657573,"Xometry, Inc.",2017-06-29,D
0001657573-17-000001,1657573,"Xometry, Inc.",2017-02-01,D
0001231919-15-000029,1657573,"Xometry, Inc.",2015-11-12,D
0001140361-16-048539,886163,LIGAND PHARMACEUTICALS INC,2016-01-25,D
0001209191-17-038871,1649749,FB Financial Corp,2017-06-09,D
0001014108-15-000185,1029199,"EURONET WORLDWIDE, INC.",2015-07-17,D
0001014108-14-000118,1029199,"EURONET WORLDWIDE, INC.",2014-03-25,D
0000950103-25-004677,1676238,"Braze, Inc.",2025-04-10,D
0001676238-18-000002,1676238,"Braze, Inc.",2018-10-04,D
0000905718-17-000757,1676238,"Braze, Inc.",2017-08-14,D
0000905718-17-000710,1676238,"Braze, Inc.",2017-07-20,D
0001484565-23-000001,1484565,SOLENO THERAPEUTICS INC,2023-10-04,D
0001484565-17-000005,1484565,SOLENO THERAPEUTICS INC,2017-12-22,D
0001484565-17-000001,1484565,SOLENO THERAPEUTICS INC,2017-02-08,D
0001484565-16-000007,1484565,SOLENO THERAPEUTICS INC,2016-07-06,D
0001484565-15-000004,1484565,SOLENO THERAPEUTICS INC,2015-10-22,D
0001484565-15-000003,1484565,SOLENO THERAPEUTICS INC,2015-10-21,D
0001484565-15-000002,1484565,SOLENO THERAPEUTICS INC,2015-03-11,D
0001209191-20-029623,1811935,Pattern Group Inc.,2020-05-15,D
0001724965-24-000001,1724965,TALOS ENERGY INC.,2024-03-18,D
0001504776-18-000001,1504776,Warby Parker Inc.,2018-03-23,D
0001504776-15-000001,1504776,Warby Parker Inc.,2015-05-08,D
0001504776-13-000004,1504776,Warby Parker Inc.,2013-12-30,D
0001504776-13-000002,1504776,Warby Parker Inc.,2013-08-28,D
0001504776-13-000001,1504776,Warby Parker Inc.,2013-01-29,D
0001504776-12-000001,1504776,Warby Parker Inc.,2012-09-07,D
0001504776-11-000003,1504776,Warby Parker Inc.,2011-09-21,D
0001504776-11-000001,1504776,Warby Parker Inc.,2011-05-31,D
0001192482-10-000314,1504776,Warby Parker Inc.,2010-11-03,D
0001705438-19-000002,821026,"Andersons, Inc.",2019-01-11,D
0001140361-10-050309,1277866,ENDEAVOUR SILVER CORP,2010-12-17,D
0000912282-09-001588,1277866,ENDEAVOUR SILVER CORP,2009-11-06,D
0001448051-09-000003,1340677,SILVERCORP METALS INC,2009-03-25,D
0000936528-23-000066,936528,WAFD INC,2023-02-28,D
0001104659-14-069263,1384101,"VERACYTE, INC.",2014-09-30,D
0001231919-26-000194,2007825,"Infleqtion, Inc.",2026-02-25,D
0001144204-11-054982,1337634,"StubHub Holdings, Inc.",2011-09-27,D
0001144204-11-018863,1337634,"StubHub Holdings, Inc.",2011-03-31,D
0001337634-09-000003,1337634,"StubHub Holdings, Inc.",2009-08-06,D
0001309167-25-000005,1309167,Aecon Group Inc.,2025-08-12,D
0001104659-21-064649,1472012,Immunome Inc.,2021-05-11,D
0001472012-20-000002,1472012,Immunome Inc.,2020-06-16,D/A
0001472012-20-000001,1472012,Immunome Inc.,2020-06-01,D
0001472012-19-000004,1472012,Immunome Inc.,2019-11-19,D
0001472012-19-000003,1472012,Immunome Inc.,2019-05-29,D/A
0001472012-19-000002,1472012,Immunome Inc.,2019-02-01,D
0001472012-17-000003,1472012,Immunome Inc.,2017-05-30,D
0001472012-16-000006,1472012,Immunome Inc.,2016-07-14,D
0001472012-15-000002,1472012,Immunome Inc.,2015-12-02,D
0001472012-15-000001,1472012,Immunome Inc.,2015-04-13,D/A
0001472012-14-000003,1472012,Immunome Inc.,2014-10-14,D
0001472012-14-000002,1472012,Immunome Inc.,2014-03-19,D/A
0001472012-14-000001,1472012,Immunome Inc.,2014-03-03,D
0001472012-13-000001,1472012,Immunome Inc.,2013-02-20,D
0001472012-12-000003,1472012,Immunome Inc.,2012-01-27,D
0001472012-11-000001,1472012,Immunome Inc.,2011-06-08,D/A
0001472012-10-000003,1472012,Immunome Inc.,2010-10-05,D/A
0001472012-10-000002,1472012,Immunome Inc.,2010-10-04,D/A
0001472012-10-000001,1472012,Immunome Inc.,2010-05-03,D
0001472012-09-000001,1472012,Immunome Inc.,2009-09-14,D
0001468748-16-000003,1468748,Kodiak Sciences Inc.,2016-03-24,D
0001468748-09-000001,1468748,Kodiak Sciences Inc.,2009-07-28,D
0000354707-13-000025,354707,HAWAIIAN ELECTRIC INDUSTRIES INC,2013-03-13,D
0000905718-16-001790,744218,"Celldex Therapeutics, Inc.",2016-11-29,D
0001104659-14-073690,744218,"Celldex Therapeutics, Inc.",2014-10-24,D
0000912282-26-000425,1756770,"Curaleaf Holdings, Inc.",2026-03-11,D
0001756770-25-000001,1756770,"Curaleaf Holdings, Inc.",2025-01-31,D
0001062993-21-013631,1756770,"Curaleaf Holdings, Inc.",2021-12-30,D
0001062993-19-002661,1756770,"Curaleaf Holdings, Inc.",2019-06-18,D
0001062993-18-004443,1756770,"Curaleaf Holdings, Inc.",2018-11-08,D
0001062993-18-004411,1756770,"Curaleaf Holdings, Inc.",2018-11-07,D
0001999371-24-013704,1260729,GABELLI DIVIDEND & INCOME TRUST,2024-10-22,D
0001739074-21-000004,1831828,"Vera Therapeutics, Inc.",2021-02-25,D
0001465818-21-000016,1849635,Trump Media & Technology Group Corp.,2021-12-15,D
0001140361-18-022864,1676725,"IDEAYA Biosciences, Inc.",2018-05-11,D
0001140361-16-077947,1676725,"IDEAYA Biosciences, Inc.",2016-08-26,D
0002017897-24-000001,1672619,"Enliven Therapeutics, Inc.",2024-04-03,D
0001672619-19-000001,1672619,"Enliven Therapeutics, Inc.",2019-03-29,D
0001672619-16-000001,1672619,"Enliven Therapeutics, Inc.",2016-04-21,D
0001062993-21-002000,1848309,Sigma Lithium Corp,2021-02-26,D
0001544522-20-000002,1544522,Freshworks Inc.,2020-07-08,D
0001544522-18-000003,1544522,Freshworks Inc.,2018-08-08,D
0001544522-16-000005,1544522,Freshworks Inc.,2016-11-16,D
0001544522-15-000004,1544522,Freshworks Inc.,2015-05-14,D
0001544522-14-000001,1544522,Freshworks Inc.,2014-06-17,D
0001544522-13-000001,1544522,Freshworks Inc.,2013-11-21,D
0001544522-12-000002,1544522,Freshworks Inc.,2012-04-27,D
0001544522-12-000001,1544522,Freshworks Inc.,2012-03-14,D
0001802806-24-000003,1812364,"Relay Therapeutics, Inc.",2024-01-10,D
0000878518-09-000007,878518,TASEKO MINES LTD,2009-04-28,D
0001464521-19-000001,1464521,"Heartflow, Inc.",2019-06-14,D
0001464521-17-000003,1464521,"Heartflow, Inc.",2017-12-04,D
0001464521-16-000003,1464521,"Heartflow, Inc.",2016-05-20,D/A
0001464521-15-000002,1464521,"Heartflow, Inc.",2015-02-12,D
0001464521-14-000002,1464521,"Heartflow, Inc.",2014-02-27,D/A
0001464521-12-000001,1464521,"Heartflow, Inc.",2012-02-02,D/A
0001464521-11-000002,1464521,"Heartflow, Inc.",2011-12-30,D
0001464521-11-000001,1464521,"Heartflow, Inc.",2011-02-04,D/A
0001464521-10-000006,1464521,"Heartflow, Inc.",2010-09-01,D
0001464521-10-000002,1464521,"Heartflow, Inc.",2010-06-14,D
0001464521-10-000001,1464521,"Heartflow, Inc.",2010-04-19,D
0001464521-09-000002,1464521,"Heartflow, Inc.",2009-07-10,D
0001295401-16-000025,1295401,"Bancorp, Inc.",2016-08-18,D
0000898432-25-000244,1865631,NEXTNAV INC.,2025-04-07,D
0001567619-22-020014,1865631,NEXTNAV INC.,2022-11-14,D
0001567619-22-012734,1933414,"Mineralys Therapeutics, Inc.",2022-06-13,D
