sector,eval_date,n_expected,n_silent,sms_score
FDN,2006-01-31,4,2,0.499999999875
FDN,2006-03-31,6,3,0.49999999991666666
FDN,2006-04-30,6,3,0.49999999991666666
FDN,2006-05-31,4,2,0.499999999875
FDN,2006-06-30,7,2,0.2857142856734694
FDN,2006-07-31,3,0,0.0
FDN,2006-09-30,9,2,0.22222222219753085
FDN,2006-10-31,3,0,0.0
FDN,2006-11-30,6,2,0.33333333327777775
FDN,2006-12-31,4,1,0.2499999999375
FDN,2007-01-31,11,4,0.36363636360330576
FDN,2007-02-28,8,3,0.374999999953125
FDN,2007-03-31,9,1,0.11111111109876542
FDN,2007-04-30,4,1,0.2499999999375
FDN,2007-05-31,8,1,0.124999999984375
FDN,2007-06-30,3,0,0.0
FDN,2007-07-31,14,8,0.571428571387755
FDN,2007-08-31,12,4,0.33333333330555553
FDN,2007-09-30,9,1,0.11111111109876542
FDN,2007-10-31,9,4,0.4444444443950617
FDN,2007-11-30,9,2,0.22222222219753085
FDN,2007-12-31,8,2,0.24999999996875
FDN,2008-01-31,11,3,0.2727272727024793
FDN,2008-02-29,12,3,0.24999999997916666
FDN,2008-03-31,4,0,0.0
FDN,2008-05-31,6,2,0.33333333327777775
FDN,2008-07-31,8,1,0.124999999984375
FDN,2008-08-31,4,0,0.0
FDN,2008-10-31,8,1,0.124999999984375
FDN,2008-11-30,4,0,0.0
FDN,2008-12-31,5,2,0.39999999992
FDN,2009-01-31,13,1,0.07692307691715976
FDN,2009-03-31,11,5,0.45454545450413225
FDN,2009-04-30,6,1,0.16666666663888888
FDN,2009-05-31,6,2,0.33333333327777775
FDN,2009-07-31,8,0,0.0
FDN,2009-08-31,5,1,0.19999999996
FDN,2009-09-30,5,1,0.19999999996
FDN,2009-10-31,5,1,0.19999999996
FDN,2009-11-30,8,4,0.4999999999375
FDN,2009-12-31,7,1,0.1428571428367347
FDN,2010-01-31,11,3,0.2727272727024793
FDN,2010-02-28,5,3,0.59999999988
FDN,2010-03-31,9,7,0.777777777691358
FDN,2010-04-30,10,3,0.29999999997
FDN,2010-05-31,3,1,0.3333333332222222
FDN,2010-06-30,9,5,0.5555555554938272
FDN,2010-08-31,8,2,0.24999999996875
FDN,2010-09-30,21,2,0.0952380952335601
FDN,2010-11-30,10,7,0.69999999993
FDN,2010-12-31,13,5,0.3846153845857988
FDN,2011-01-31,5,1,0.19999999996
FDN,2011-02-28,7,3,0.4285714285102041
FDN,2011-03-31,9,2,0.22222222219753085
FDN,2011-04-30,13,5,0.3846153845857988
FDN,2011-05-31,25,9,0.3599999999856
FDN,2011-07-31,11,4,0.36363636360330576
FDN,2011-08-31,14,7,0.49999999996428574
FDN,2011-09-30,11,7,0.6363636363057851
FDN,2011-11-30,6,1,0.16666666663888888
FDN,2011-12-31,8,1,0.124999999984375
FDN,2012-01-31,14,5,0.35714285711734695
FDN,2012-02-29,9,1,0.11111111109876542
FDN,2012-03-31,4,0,0.0
FDN,2012-05-31,7,0,0.0
FDN,2012-06-30,6,0,0.0
FDN,2012-07-31,6,1,0.16666666663888888
FDN,2012-08-31,5,1,0.19999999996
FDN,2012-09-30,4,0,0.0
FDN,2012-10-31,3,0,0.0
FDN,2012-11-30,5,3,0.59999999988
FDN,2012-12-31,4,2,0.499999999875
FDN,2013-04-30,4,0,0.0
FDN,2013-05-31,3,1,0.3333333332222222
HACK,2010-10-31,3,0,0.0
HACK,2011-06-30,5,1,0.19999999996
IBB,2007-02-28,6,1,0.16666666663888888
IBB,2007-03-31,6,0,0.0
IBB,2007-05-31,3,1,0.3333333332222222
IBB,2007-08-31,4,0,0.0
IBB,2007-09-30,5,0,0.0
IBB,2007-11-30,4,0,0.0
IBB,2008-03-31,5,0,0.0
IBB,2009-06-30,4,0,0.0
IBB,2009-08-31,5,1,0.19999999996
IBB,2009-12-31,3,1,0.3333333332222222
IBB,2010-02-28,4,1,0.2499999999375
IBB,2010-03-31,3,0,0.0
IBB,2010-08-31,3,0,0.0
IBB,2010-11-30,6,0,0.0
IBB,2011-01-31,3,0,0.0
IBB,2011-02-28,3,1,0.3333333332222222
IBB,2011-03-31,4,0,0.0
IBB,2011-10-31,6,0,0.0
IBB,2011-12-31,5,0,0.0
IBB,2013-09-30,3,0,0.0
IGV,2006-07-31,3,3,0.9999999996666666
IGV,2007-06-30,5,1,0.19999999996
IGV,2007-12-31,3,1,0.3333333332222222
IGV,2008-03-31,3,0,0.0
IGV,2008-04-30,8,0,0.0
IGV,2008-05-31,4,1,0.2499999999375
IGV,2010-06-30,3,0,0.0
IGV,2010-07-31,5,1,0.19999999996
IGV,2010-09-30,3,0,0.0
IGV,2010-11-30,5,3,0.59999999988
IGV,2011-01-31,3,0,0.0
IGV,2011-02-28,7,2,0.2857142856734694
IGV,2011-03-31,3,1,0.3333333332222222
IGV,2011-04-30,3,0,0.0
IGV,2011-05-31,8,3,0.374999999953125
IGV,2011-07-31,6,2,0.33333333327777775
IGV,2011-09-30,4,1,0.2499999999375
IGV,2012-01-31,4,1,0.2499999999375
IGV,2012-03-31,7,5,0.7142857141836735
IGV,2012-06-30,3,1,0.3333333332222222
IGV,2012-10-31,6,3,0.49999999991666666
IGV,2012-11-30,5,1,0.19999999996
IGV,2012-12-31,3,0,0.0
IGV,2013-02-28,3,1,0.3333333332222222
IGV,2013-03-31,3,2,0.6666666664444444
IPAY,2009-11-30,3,2,0.6666666664444444
IPAY,2010-05-31,4,1,0.2499999999375
IPAY,2011-07-31,4,2,0.499999999875
QCLN,2007-10-31,4,0,0.0
SMH,2006-09-30,4,0,0.0
SMH,2007-04-30,3,0,0.0
SMH,2007-06-30,3,1,0.3333333332222222
SMH,2007-07-31,5,1,0.19999999996
SMH,2011-06-30,3,0,0.0
SMH,2012-07-31,4,1,0.2499999999375
WCLD,2006-01-31,6,1,0.16666666663888888
WCLD,2006-05-31,6,1,0.16666666663888888
WCLD,2006-08-31,4,1,0.2499999999375
WCLD,2006-09-30,3,0,0.0
WCLD,2006-10-31,4,1,0.2499999999375
WCLD,2007-01-31,4,1,0.2499999999375
WCLD,2007-03-31,5,1,0.19999999996
WCLD,2007-05-31,3,0,0.0
WCLD,2007-11-30,4,1,0.2499999999375
WCLD,2007-12-31,6,0,0.0
WCLD,2008-01-31,8,0,0.0
WCLD,2008-03-31,3,0,0.0
WCLD,2008-04-30,4,0,0.0
WCLD,2008-07-31,8,3,0.374999999953125
WCLD,2008-08-31,3,0,0.0
WCLD,2008-09-30,3,0,0.0
WCLD,2008-10-31,5,0,0.0
WCLD,2008-11-30,5,0,0.0
WCLD,2009-01-31,3,0,0.0
WCLD,2009-03-31,3,1,0.3333333332222222
WCLD,2009-04-30,3,0,0.0
WCLD,2009-06-30,5,1,0.19999999996
WCLD,2009-07-31,5,2,0.39999999992
WCLD,2009-08-31,3,0,0.0
WCLD,2009-09-30,3,0,0.0
WCLD,2009-10-31,4,1,0.2499999999375
WCLD,2009-11-30,7,0,0.0
WCLD,2009-12-31,14,5,0.35714285711734695
WCLD,2010-01-31,5,2,0.39999999992
WCLD,2010-02-28,4,1,0.2499999999375
WCLD,2010-03-31,10,3,0.29999999997
WCLD,2010-04-30,14,5,0.35714285711734695
WCLD,2010-05-31,6,2,0.33333333327777775
WCLD,2010-06-30,6,2,0.33333333327777775
WCLD,2010-07-31,6,1,0.16666666663888888
WCLD,2010-08-31,3,0,0.0
WCLD,2010-09-30,17,7,0.41176470585813146
WCLD,2010-10-31,5,2,0.39999999992
WCLD,2010-11-30,10,1,0.09999999999
WCLD,2010-12-31,7,2,0.2857142856734694
WCLD,2011-01-31,5,1,0.19999999996
WCLD,2011-02-28,14,2,0.14285714284693876
WCLD,2011-03-31,5,2,0.39999999992
WCLD,2011-04-30,5,0,0.0
WCLD,2011-05-31,17,4,0.235294117633218
WCLD,2011-06-30,7,0,0.0
WCLD,2011-07-31,4,2,0.499999999875
WCLD,2011-09-30,25,6,0.2399999999904
WCLD,2011-10-31,5,0,0.0
WCLD,2011-11-30,6,1,0.16666666663888888
WCLD,2012-02-29,4,1,0.2499999999375
WCLD,2012-03-31,10,2,0.19999999998
WCLD,2012-04-30,5,0,0.0
WCLD,2012-05-31,5,2,0.39999999992
WCLD,2012-06-30,4,0,0.0
WCLD,2012-07-31,7,0,0.0
WCLD,2012-08-31,5,1,0.19999999996
WCLD,2012-10-31,9,3,0.3333333332962963
WCLD,2013-01-31,12,4,0.33333333330555553
