eval_date,sector,alpha_k6,alpha_k12,alpha_k18,alpha_k24,alpha_k36,sms_score,n_expected,n_silent
2006-01-31,FDN,0.0109807234605928,0.042948157956000696,0.056155828755373005,0.015611607761155197,0.01806284060398363,0.499999999875,4,2
2006-03-31,FDN,0.013917440439576899,0.0485870100640796,0.04108595456120061,0.0047224272413518,0.018191263225364934,0.49999999991666666,6,3
2006-04-30,FDN,0.021168748190867198,0.050235920999174,0.035264755883877605,0.006444524725677901,0.020464328160963628,0.49999999991666666,6,3
2006-05-31,FDN,0.022551540172180598,0.0465370705503795,0.022938781420349802,0.0032828462757888994,0.018012953332423434,0.499999999875,4,2
2006-06-30,FDN,0.0272782947922368,0.04579125700379489,0.013734416859541599,0.0007950874685233996,0.018060826133777436,0.2857142856734694,7,2
2006-07-31,FDN,0.0319674344954079,0.04517510529478019,0.004630884300562398,-0.0003602753042722981,0.014584244731902932,0.0,3,0
2006-09-30,FDN,0.0346695696245027,0.0271685141216237,-0.0091950131982251,-0.006195746773606967,0.021343763644196132,0.22222222219753085,9,2
2006-10-31,FDN,0.029067172808306795,0.014096007693010401,-0.014724223465189302,-0.012162814003843368,0.025146306992542732,0.0,3,0
2006-11-30,FDN,0.0239855303781989,0.0003872412481691987,-0.0192686938963917,-0.016961044396447866,0.029787095384240434,0.33333333327777775,6,2
2006-12-31,FDN,0.0185129622115581,-0.013543877932695202,-0.0264832073237134,-0.022859500257286065,0.03376783609147733,0.2499999999375,4,1
2007-01-31,FDN,0.0132076707993723,-0.0273365501948455,-0.03232770979968019,-0.024885317352017065,0.03923916827495173,0.36363636360330576,11,4
2007-02-28,FDN,0.0037778601751661004,-0.037553311779975604,-0.035920228405525195,-0.028626453191140367,0.04259923480130093,0.374999999953125,8,3
2007-03-31,FDN,-0.007501055502879,-0.0438645828227278,-0.040865316398109676,-0.030395746838714665,0.045069134820957334,0.11111111109876542,9,1
2007-04-30,FDN,-0.0149711651152964,-0.0437913962734961,-0.04122998681215017,-0.02977159283821037,0.05255550583567724,0.2499999999375,4,1
2007-05-31,FDN,-0.0235982891300297,-0.0432542242745906,-0.04094657477464678,-0.028524117217956065,0.059539541831969335,0.124999999984375,8,1
2007-06-30,FDN,-0.0320568401442533,-0.044996169535271496,-0.04137246246884417,-0.027730430870017468,0.06709107411253504,0.0,3,0
2007-07-31,FDN,-0.0405442209942178,-0.045535380599052495,-0.03809298815138938,-0.03059086056287727,0.07334854510056753,0.571428571387755,14,8
2007-08-31,FDN,-0.0413311719551417,-0.03969808858069129,-0.03240431336630647,-0.023097698861486868,0.08411162467367153,0.33333333330555553,12,4
2007-09-30,FDN,-0.03636352731984881,-0.03336426089523067,-0.022894691335835674,-0.00582475047742757,0.10308046461474836,0.11111111109876542,9,1
2007-10-31,FDN,-0.0288202311581997,-0.026258821696853764,-0.014800427722913968,0.011050299299532333,0.12358940555511955,0.4444444443950617,9,4
2007-11-30,FDN,-0.0196559351445609,-0.017348285644617066,-0.004925828087926371,0.029399854136071227,0.14978042971298944,0.22222222219753085,9,2
2007-12-31,FDN,-0.0129393293910182,-0.009315622324590869,0.0043264092742358335,0.04731171402417253,0.17648207902617175,0.24999999996875,8,2
2008-01-31,FDN,-0.004991159604834697,0.0024512328428284327,0.009953360431340536,0.06657571846979723,0.20178465024962494,0.2727272727024793,11,3
2008-02-29,FDN,0.001633083374450403,0.008926858588835233,0.018233473093654834,0.08015254658127653,0.22256488949571962,0.24999999997916666,12,3
2008-03-31,FDN,0.002999266424618133,0.013468835984013133,0.030538776842421234,0.08893371764368513,0.2313729735001627,0.0,4,0
2008-05-31,FDN,0.0023076494999438335,0.014730107056634533,0.049055789280632145,0.10279376610655994,0.24509185903987762,0.33333333327777775,6,2
2008-07-31,FDN,0.00744239244766313,0.01494452003617523,0.07156687807463193,0.11888392569962003,0.258181489169708,0.124999999984375,8,1
2008-08-31,FDN,0.007293775214384831,0.016600389719204432,0.07851946320682612,0.12380971325436282,0.2602653773833036,0.0,4,0
2008-10-31,FDN,0.0114583939739398,0.0373091209963861,0.09378549264782739,0.1498482272519733,0.26247463661865356,0.124999999984375,8,1
2008-11-30,FDN,0.0124224575566907,0.0467481397806883,0.10048611660661609,0.1671287153576065,0.2620352046306429,0.0,4,0
2008-12-31,FDN,0.013642031598826699,0.05662733634876341,0.1084635365813792,0.1857977013507626,0.26220847012660536,0.39999999992,5,2
2009-01-31,FDN,0.007502127588512099,0.0641244856269688,0.11144153325195691,0.1993334174067965,0.2589877518289462,0.07692307691715976,13,1
2009-03-31,FDN,0.0170699408584081,0.075464881659672,0.125975155950584,0.21790413751614962,0.2530925881065538,0.45454545450413225,11,5
2009-04-30,FDN,0.0258507270224463,0.08232709867388759,0.1383898332780335,0.2248970265557576,0.25094141942799336,0.16666666663888888,6,1
2009-05-31,FDN,0.034325682223997594,0.08806365904992539,0.1547062578009158,0.2303617519832431,0.2482016052675045,0.33333333327777775,6,2
2009-07-31,FDN,0.056622358038456694,0.10393940566344478,0.1918312898182844,0.24323696913353282,0.24408395362712998,0.0,8,0
2009-08-31,FDN,0.061919073487621705,0.10720932353515841,0.20433141640206479,0.24366498766409922,0.2388598943262109,0.19999999996,5,1
2009-09-30,FDN,0.0583949408012639,0.10890521509217592,0.2008341966577415,0.23466103891001933,0.22199016790820852,0.19999999996,5,1
2009-10-31,FDN,0.0564763716514413,0.11253910625558722,0.1990462995333113,0.22516551562226753,0.2074854790942045,0.19999999996,5,1
2009-11-30,FDN,0.0537379768259278,0.12038057557691821,0.19603606975924548,0.2152870648499546,0.19453262534934654,0.4999999999375,8,4
2009-12-31,FDN,0.0518362002326158,0.1291703650019992,0.19251309420442936,0.20558113377784198,0.1826713845318119,0.1428571428367347,7,1
2010-01-31,FDN,0.0473170476249881,0.1352089317798277,0.18661461109507607,0.19486326620197741,0.17079181952104538,0.2727272727024793,11,3
2010-02-28,FDN,0.045290250047536694,0.1424123429144431,0.18174591417647748,0.1853987837529191,0.1618244268969776,0.59999999988,5,3
2010-03-31,FDN,0.050510274290912,0.1424392558564776,0.1762660981087554,0.1776277064468818,0.15537053811584886,0.777777777691358,9,7
2010-04-30,FDN,0.0560627346041459,0.14256992788186998,0.1686891439708262,0.1686143207541058,0.1476708096895574,0.29999999997,10,3
2010-05-31,FDN,0.0666425987509904,0.1422980929333177,0.1615490880240268,0.1601379462175791,0.1409878933988883,0.3333333332222222,3,1
2010-06-30,FDN,0.0773341647693834,0.14067689397181357,0.1537449335452262,0.14893254193360217,0.1345723754160474,0.5555555554938272,9,5
2010-08-31,FDN,0.09712209286690641,0.13645566412894078,0.14010853370538243,0.13165057079105247,0.12272496326788229,0.24999999996875,8,2
2010-09-30,FDN,0.0919289815655656,0.1257558238178434,0.1271174321559698,0.11308495281603259,0.1148784440935222,0.0952380952335601,21,2
2010-11-30,FDN,0.0756554941823273,0.0949064892730364,0.09349534746658869,0.07415204977242829,0.0969066928415796,0.69999999993,10,7
2010-12-31,FDN,0.0633427292024302,0.0764107687758428,0.0715983771642188,0.05350101952981269,0.08554731032084299,0.3846153845857988,13,5
2011-01-31,FDN,0.0514056793152484,0.0596543344221497,0.0522526638088456,0.03558288774121769,0.07661869610087199,0.19999999996,5,1
2011-02-28,FDN,0.0393335712620344,0.042986440838476,0.034528477924146095,0.019412083982534495,0.06845869710277769,0.4285714285102041,7,3
2011-03-31,FDN,0.0338268422522778,0.0351884505904042,0.021155971250466993,0.012931282259371292,0.06972616487338179,0.22222222219753085,9,2
2011-04-30,FDN,0.026119216088956204,0.026044392872235794,0.008439179560893195,0.0051008818076873925,0.06724324197700139,0.3846153845857988,13,5
2011-05-31,FDN,0.019250995090709093,0.0178398532842614,-0.0015034444098990063,-0.0013101995344294067,0.06526052508244638,0.3599999999856,25,9
2011-07-31,FDN,0.008248655106901294,0.0008469844935971938,-0.015822791574030708,-0.010153423784953307,0.0560501076099446,0.36363636360330576,11,4
2011-08-31,FDN,0.0036528695764415937,-0.004805093337888306,-0.019921487279499907,-0.013730700861058506,0.0545885674347349,0.49999999996428574,14,7
2011-09-30,FDN,0.001361608338126394,-0.012670871001810807,-0.020895559992906508,-0.010877379724321207,0.05565547879291309,0.6363636363057851,11,7
2011-11-30,FDN,-0.0014111418064477002,-0.020754439500608103,-0.0205611946251385,0.0020002035685431976,0.0568249731631131,0.16666666663888888,6,1
2011-12-31,FDN,-0.004812391611624,-0.022909749246030103,-0.0191725581291788,0.0091365415450002,0.050652948244409496,0.124999999984375,8,1
2012-01-31,FDN,-0.0074016706133041,-0.024071446680932,-0.018402078891854603,0.0169643616787223,0.05003102041772389,0.35714285711734695,14,5
2012-02-29,FDN,-0.0084579629143299,-0.023574356855941503,-0.0173835704375001,0.0254722562643017,0.05013331336218219,0.11111111109876542,9,1
2012-03-31,FDN,-0.014032479339937199,-0.022257168331032903,-0.0122389880624476,0.0345377142829776,0.0505416162651543,0.0,4,0
2012-05-31,FDN,-0.0193432976941604,-0.019150052818690796,0.003411345374990901,0.047420671798185,0.052458420750788604,0.0,7,0
2012-06-30,FDN,-0.018097357634406102,-0.014360166517554796,0.0139489331566242,0.0523121309636401,0.055465339856033496,0.0,6,0
2012-07-31,FDN,-0.016669776067627897,-0.011000408278550502,0.0243660322920264,0.0552031231163474,0.057432691031028,0.16666666663888888,6,1
2012-08-31,FDN,-0.0151163939416116,-0.0089256075231702,0.0339302191786316,0.0593936607726232,0.05859127627651211,0.19999999996,5,1
2012-09-30,FDN,-0.0082246889910957,0.0017934912774895998,0.0485701936229148,0.0683263497947239,0.06457409560509152,0.0,4,0
2012-10-31,FDN,-0.0033382977532058,0.0129150358089576,0.0588040624161082,0.0755125755729008,0.0687732060429657,0.0,3,0
2012-11-30,FDN,0.0001932448754696001,0.0227546430691513,0.06676396949234539,0.0775794126637212,0.07180171844494901,0.59999999988,5,3
2012-12-31,FDN,0.0037371911168513003,0.0320462907910303,0.07040948859804619,0.07356269749043959,0.07356269749043959,0.499999999875,4,2
2013-04-30,FDN,0.0162533335621634,0.062142360169313994,0.0788508733261066,0.07211150379617151,0.07211150379617151,0.0,4,0
2013-05-31,FDN,0.0225613981936817,0.0665707246168758,0.0773861677882516,0.0716084735694794,0.0716084735694794,0.3333333332222222,3,1
2007-02-28,IBB,-0.02735390709219765,0.02499458021957479,0.18244697946412336,0.4066511237525461,0.28327313866107984,0.16666666663888888,6,1
2007-03-31,IBB,0.01517188143692405,0.05915299441723021,0.2553493469845298,0.40941245670141235,0.31798384697493587,0.0,6,0
2007-05-31,IBB,0.05981630315639108,0.047614141155692846,0.2860781164962506,0.27138542916392094,0.2792878421937679,0.3333333332222222,3,1
2007-08-31,IBB,0.05234848731177244,0.209800886556321,0.43400503084474373,0.3053097746050619,0.2695469009991891,0.0,4,0
2007-09-30,IBB,0.04398111298030616,0.24017746554760577,0.3942405752644883,0.29794880530879353,0.26711626323703763,0.0,5,0
2007-11-30,IBB,-0.012202162000698236,0.2262618133398595,0.21156912600752986,0.1846420192796039,0.20700916858417528,0.0,4,0
2008-03-31,IBB,0.19619635256729961,0.35025946228418214,0.25396769232848737,0.25883085255770566,0.21947482337978752,0.0,5,0
2009-06-30,IBB,-0.07907571263430002,-0.06366100154327747,-0.07907388518941261,-0.001580647608006247,0.14340828876886091,0.0,4,0
2009-08-31,IBB,0.005317271148215563,-0.035762873605872825,-0.08778126127437746,0.009909059284007316,0.19288708911560914,0.19999999996,5,1
2009-12-31,IBB,0.015414711091022548,1.8274448874144866e-06,0.07749506502629377,0.09103759158770686,0.229944344299159,0.3333333332222222,3,1
2010-02-28,IBB,-0.04108014475408839,-0.09309853242259303,0.004591788135791752,0.08965985349881667,0.19228626037331054,0.2499999999375,4,1
2010-03-31,IBB,-0.035695702300974186,-0.03935602917791814,0.04073243417976413,0.08926872894760263,0.2327114993164333,0.0,3,0
2010-08-31,IBB,-0.05201838766850464,0.04567193288988014,0.13073999825290505,0.22864996272148197,0.43143227014661,0.0,3,0
2010-11-30,IBB,0.08806997201435329,0.08168610234795004,0.2105221823485649,0.25040574586394837,0.486602397070368,0.0,6,0
2011-01-31,IBB,0.09223275337447812,0.17528949303754948,0.26201996336665767,0.25846780320361284,0.6100441176070068,0.0,3,0
2011-02-28,IBB,0.09769032055838478,0.1827583859214097,0.2806683503899866,0.28538479279590356,0.6642948648466804,0.3333333332222222,3,1
2011-03-31,IBB,0.08008846335768227,0.12862475812552077,0.24421141336651986,0.27206752849435145,0.4923763439388027,0.0,4,0
2011-10-31,IBB,0.1306458621486698,0.16668656924752678,0.3082521853574466,0.3873274596281867,0.6247513991204866,0.0,6,0
2011-12-31,IBB,0.13144640981545408,0.13890675271145214,0.252161692849487,0.38050975381462016,0.5665880206053494,0.0,5,0
2013-09-30,IBB,0.015790585179996874,0.10974524641697858,0.28423728619978483,0.24028506017135065,0.08750704160854239,0.0,3,0
2006-07-31,IGV,-0.0187767318162862,-0.029801287637809003,-0.04929598913581921,-0.0320618367321967,0.0863351424489699,0.9999999996666666,3,3
2007-06-30,IGV,-0.0196976473897582,-0.0095533727323913,0.0273998681767963,0.1019034467148355,0.19267315566625115,0.19999999996,5,1
2007-12-31,IGV,0.0101442746573669,0.047097515566554504,0.12160109410459369,0.1807911661858675,0.24356427847264892,0.3333333332222222,3,1
2008-03-31,IGV,0.0284984421257011,0.0765446271625277,0.1538513339206889,0.19737917799313598,0.26570478629378785,0.0,3,0
2008-04-30,IGV,0.0303694685759517,0.0896715935913858,0.16098395793592601,0.19978891654955327,0.26473944125204546,0.0,8,0
2008-05-31,IGV,0.034906065254441704,0.1032899597447191,0.16748648625580642,0.20307336062580258,0.26456602263343104,0.2499999999375,4,1
2010-06-30,IGV,0.0311934754166395,0.06302126067742089,0.07122812269582585,0.09798800648058875,0.21390879231523463,0.0,3,0
2010-07-31,IGV,0.0371864064776741,0.0630928172888634,0.07044774592158976,0.10194104817158467,0.21482472083268722,0.19999999996,5,1
2010-09-30,IGV,0.04221389055862929,0.0537360107742668,0.07359864882395606,0.11392766456098395,0.21477237871271704,0.0,3,0
2010-11-30,IGV,0.0338026507438217,0.04419417148094126,0.07139051808408196,0.11927658330161177,0.19664857575036454,0.59999999988,5,3
2011-01-31,IGV,0.025906410811189298,0.03326133944391566,0.06475464169391056,0.12284313363657086,0.17543872027558763,0.0,3,0
2011-02-28,IGV,0.016797908573454798,0.03093983701366276,0.06588099121807936,0.12542484221077327,0.16345928360621254,0.2857142856734694,7,2
2011-03-31,IGV,0.0115221202156375,0.03138475826532676,0.07171377400235467,0.13143956683138358,0.15424424644958193,0.3333333332222222,3,1
2011-04-30,IGV,0.00982088924810316,0.03570857515991746,0.07891250870498567,0.14036496636288665,0.14857424989676077,0.0,3,0
2011-05-31,IGV,0.01039152073711956,0.03758786734026026,0.08547393255779005,0.14907699300758426,0.14289263526708468,0.374999999953125,8,3
2011-07-31,IGV,0.007354928632726361,0.03884823088272126,0.09693672282538156,0.15173190354382385,0.12642924587460658,0.33333333327777775,6,2
2011-09-30,IGV,0.01986263804968926,0.06019165378671716,0.11991744661574608,0.16103636793845025,0.12542522045888785,0.2499999999375,4,1
2012-01-31,IGV,0.0314933022499949,0.0895817941926552,0.14437697491109747,0.14217738083167197,0.1178758835328883,0.2499999999375,4,1
2012-03-31,IGV,0.0403290157370279,0.10005480856605681,0.141173729888761,0.1228594881842552,0.1061244379858146,0.7142857141836735,7,5
2012-06-30,IGV,0.0538541611209212,0.1159207858346459,0.119321128777121,0.0984029448829843,0.0931203242464893,0.3333333332222222,3,1
2012-10-31,IGV,0.061452457657901007,0.08893393045083982,0.0696617411917751,0.055837615167420106,0.056917553388751506,0.49999999991666666,6,3
2012-11-30,IGV,0.06360306044979419,0.0773719924487528,0.057418702709294604,0.048202125856691605,0.048367560013243105,0.19999999996,5,1
2012-12-31,IGV,0.0620666247137247,0.0654669676561998,0.044548783762063095,0.0392661631255681,0.0392661631255681,0.0,3,0
2013-02-28,IGV,0.0493027148547753,0.0380344413954393,0.0174777328659889,0.0171476796550006,0.0171476796550006,0.3333333332222222,3,1
2013-03-31,IGV,0.04111892132270419,0.022804679618198397,0.0055077738431418,0.0060696294197578,0.0060696294197578,0.6666666664444444,3,2
2007-10-31,QCLN,0.061124590121680145,-0.1856565460491325,-0.05182374048178684,-0.14920101562350985,-0.13340940227931553,0.0,4,0
2006-09-30,SMH,-0.09781698156384089,-0.03852444985366321,-0.17734642311811055,-0.1995199101574624,-0.07030509733373458,0.0,4,0
2007-04-30,SMH,-0.10316356974610308,-0.11596111959779021,-0.14926558489527642,-0.057391322792566646,-0.015179898164338956,0.0,3,0
2007-06-30,SMH,-0.13421792631656282,-0.09094754047676812,-0.24511183307293893,-0.08637560811727929,-0.012518885928622492,0.3333333332222222,3,1
2007-07-31,SMH,-0.23129884206983164,-0.16537994976450576,-0.22940763298027955,-0.023657138248916687,-0.04896567498960025,0.19999999996,5,1
2011-06-30,SMH,-0.07049197430014464,-0.09717220895309131,-0.14889718737689006,-0.10237203542044093,-0.028823186639726717,0.0,3,0
2012-07-31,SMH,-0.009646939609205596,-0.022597081683747744,-0.005021577396594368,0.07907063146984261,0.06420914737122707,0.2499999999375,4,1
