funding_round_id,object_id,funded_at,funding_round_type,raised_amount_usd,source
edgar_r_900000000,r:23825,2020-07-24,series-a,,edgar
edgar_r_900000001,r:5712,2018-11-20,series-a,,edgar
edgar_r_900000002,c:17066,2016-06-21,series-a,,edgar
edgar_r_900000003,c:71,2025-03-25,series-a,,edgar
edgar_r_900000004,c:71,2021-02-23,series-a,,edgar
edgar_r_900000005,c:31006,2020-07-02,series-a,,edgar
edgar_r_900000006,c:31006,2016-11-23,series-a,,edgar
edgar_r_900000007,c:31006,2015-12-23,series-a,,edgar
edgar_r_900000008,c:31006,2015-12-09,series-a,,edgar
edgar_r_900000009,c:31006,2015-10-21,series-a,,edgar
edgar_r_900000010,c:31006,2015-07-23,series-a,,edgar
edgar_r_900000011,c:31006,2014-12-11,series-a,,edgar
edgar_r_900000012,c:31006,2014-11-03,series-a,,edgar
edgar_r_900000013,c:31006,2014-09-12,series-a,,edgar
edgar_r_900000014,c:31006,2014-02-14,series-a,,edgar
edgar_r_900000015,c:31006,2013-12-24,series-a,,edgar
edgar_r_900000016,c:31006,2013-12-10,series-a,,edgar
edgar_r_900000017,c:31006,2013-12-05,series-a,,edgar
edgar_r_900000018,c:31006,2013-09-27,series-a,,edgar
edgar_r_900000019,c:31006,2013-06-28,series-a,,edgar
edgar_r_900000020,c:31006,2012-05-16,series-a,,edgar
edgar_r_900000021,c:31006,2011-09-07,series-a,,edgar
edgar_r_900000022,c:31006,2011-05-05,series-a,,edgar
edgar_r_900000023,c:31006,2010-07-07,series-a,,edgar
edgar_r_900000024,c:31006,2009-12-23,series-a,,edgar
edgar_r_900000025,c:31006,2009-11-30,series-a,,edgar
edgar_r_900000026,c:31006,2009-04-14,series-a,,edgar
edgar_r_900000027,c:224067,2026-01-14,series-a,,edgar
edgar_r_900000028,c:224067,2025-01-15,series-a,,edgar
edgar_r_900000029,c:224067,2024-01-11,series-a,,edgar
edgar_r_900000030,c:224067,2023-01-13,series-a,,edgar
edgar_r_900000031,c:224067,2022-01-14,series-a,,edgar
edgar_r_900000032,c:224067,2021-01-13,series-a,,edgar
edgar_r_900000033,c:224067,2020-01-15,series-a,,edgar
edgar_r_900000034,c:224067,2019-01-15,series-a,,edgar
edgar_r_900000035,c:224067,2018-01-12,series-a,,edgar
edgar_r_900000036,c:248996,2009-10-02,series-a,,edgar
edgar_r_900000037,c:38811,2019-10-17,series-a,,edgar
edgar_r_900000038,c:38811,2014-01-10,series-a,,edgar
edgar_r_900000039,c:198185,2022-04-15,series-a,,edgar
edgar_r_900000040,c:198185,2022-03-10,series-a,,edgar
edgar_r_900000041,c:198185,2018-08-24,series-a,,edgar
edgar_r_900000042,edgar_c_332d28c62b31,2021-08-23,series-a,,edgar
edgar_r_900000043,c:243003,2026-02-25,series-a,,edgar
edgar_r_900000044,c:243003,2026-02-17,series-a,,edgar
edgar_r_900000045,edgar_c_f4944d9881ef,2025-07-28,series-a,,edgar
edgar_r_900000046,edgar_c_f4944d9881ef,2024-07-26,series-a,,edgar
edgar_r_900000047,edgar_c_f4944d9881ef,2023-07-26,series-a,,edgar
edgar_r_900000048,edgar_c_f4944d9881ef,2022-07-27,series-a,,edgar
edgar_r_900000049,edgar_c_f4944d9881ef,2021-07-27,series-a,,edgar
edgar_r_900000050,edgar_c_f4944d9881ef,2020-07-28,series-a,,edgar
edgar_r_900000051,edgar_c_f4944d9881ef,2019-07-30,series-a,,edgar
edgar_r_900000052,edgar_c_f4944d9881ef,2018-08-06,series-a,,edgar
edgar_r_900000053,c:20007,2025-08-28,series-a,,edgar
edgar_r_900000054,c:20007,2024-09-03,series-a,,edgar
edgar_r_900000055,c:20007,2023-06-06,series-a,,edgar
edgar_r_900000056,c:20007,2022-06-09,series-a,,edgar
edgar_r_900000057,edgar_c_c54d2193bd1c,2018-05-02,series-a,,edgar
edgar_r_900000058,c:143222,2017-12-21,series-a,,edgar
edgar_r_900000059,c:8931,2020-03-13,series-a,,edgar
edgar_r_900000060,c:42408,2025-12-08,series-a,,edgar
edgar_r_900000061,r:22216,2025-09-26,series-a,,edgar
edgar_r_900000062,edgar_c_4142d3a888aa,2016-04-08,series-a,,edgar
edgar_r_900000063,edgar_c_4142d3a888aa,2015-06-12,series-a,,edgar
edgar_r_900000064,edgar_c_93c14748e8f1,2013-02-21,series-a,,edgar
edgar_r_900000065,edgar_c_93c14748e8f1,2012-03-19,series-a,,edgar
edgar_r_900000066,edgar_c_93c14748e8f1,2011-03-18,series-a,,edgar
edgar_r_900000067,edgar_c_93c14748e8f1,2010-12-07,series-a,,edgar
edgar_r_900000068,edgar_c_93c14748e8f1,2009-12-07,series-a,,edgar
edgar_r_900000069,c:36651,2026-04-02,series-a,,edgar
edgar_r_900000070,c:36651,2025-09-18,series-a,,edgar
edgar_r_900000071,c:36651,2025-04-04,series-a,,edgar
edgar_r_900000072,c:36651,2024-09-20,series-a,,edgar
edgar_r_900000073,c:36651,2024-04-01,series-a,,edgar
edgar_r_900000074,c:36651,2023-09-14,series-a,,edgar
edgar_r_900000075,c:36651,2023-05-11,series-a,,edgar
edgar_r_900000076,c:36651,2023-04-06,series-a,,edgar
edgar_r_900000077,c:36651,2022-09-19,series-a,,edgar
edgar_r_900000078,c:36651,2022-04-07,series-a,,edgar
edgar_r_900000079,c:36651,2021-09-17,series-a,,edgar
edgar_r_900000080,c:36651,2021-04-07,series-a,,edgar
edgar_r_900000081,c:36651,2020-09-17,series-a,,edgar
edgar_r_900000082,c:36651,2020-04-16,series-a,,edgar
edgar_r_900000083,c:36651,2019-09-16,series-a,,edgar
edgar_r_900000084,c:36651,2019-04-02,series-a,,edgar
edgar_r_900000085,c:36651,2018-09-19,series-a,,edgar
edgar_r_900000086,c:36651,2018-04-03,series-a,,edgar
edgar_r_900000087,c:36651,2017-09-19,series-a,,edgar
edgar_r_900000088,c:36651,2017-04-04,series-a,,edgar
edgar_r_900000089,c:36651,2016-09-16,series-a,,edgar
edgar_r_900000090,c:36651,2016-04-04,series-a,,edgar
edgar_r_900000091,c:36651,2015-09-21,series-a,,edgar
edgar_r_900000092,c:36651,2015-04-15,series-a,,edgar
edgar_r_900000093,c:36651,2014-04-07,series-a,,edgar
edgar_r_900000094,c:36651,2013-09-10,series-a,,edgar
edgar_r_900000095,c:36651,2013-04-04,series-a,,edgar
edgar_r_900000096,c:36651,2012-11-02,series-a,,edgar
edgar_r_900000097,c:36651,2012-04-13,series-a,,edgar
edgar_r_900000098,c:36651,2011-06-23,series-a,,edgar
edgar_r_900000099,c:36651,2011-06-10,series-a,,edgar
edgar_r_900000100,c:36651,2010-10-13,series-a,,edgar
edgar_r_900000101,c:36651,2010-04-26,series-a,,edgar
edgar_r_900000102,c:36651,2009-06-02,series-a,,edgar
edgar_r_900000103,edgar_c_51aae27061f7,2016-07-15,series-a,,edgar
edgar_r_900000104,c:23931,2022-03-15,series-a,,edgar
edgar_r_900000105,f:7915,2025-08-29,series-a,,edgar
edgar_r_900000106,f:7915,2024-08-23,series-a,,edgar
edgar_r_900000107,f:7915,2023-08-25,series-a,,edgar
edgar_r_900000108,f:7915,2022-08-26,series-a,,edgar
edgar_r_900000109,edgar_c_7b842ef4c8c7,2016-03-23,series-a,,edgar
edgar_r_900000110,edgar_c_ba1b5c74f9b3,2021-08-10,series-a,,edgar
edgar_r_900000111,edgar_c_ba1b5c74f9b3,2021-06-21,series-a,,edgar
edgar_r_900000112,edgar_c_ba1b5c74f9b3,2021-06-02,series-a,,edgar
edgar_r_900000113,edgar_c_ba1b5c74f9b3,2021-02-11,series-a,,edgar
edgar_r_900000114,edgar_c_ba1b5c74f9b3,2020-06-19,series-a,,edgar
edgar_r_900000115,edgar_c_ba1b5c74f9b3,2019-08-01,series-a,,edgar
edgar_r_900000116,edgar_c_ba1b5c74f9b3,2018-10-10,series-a,,edgar
edgar_r_900000117,edgar_c_ba1b5c74f9b3,2018-03-02,series-a,,edgar
edgar_r_900000118,edgar_c_ba1b5c74f9b3,2016-12-09,series-a,,edgar
edgar_r_900000119,c:257228,2024-05-30,series-a,,edgar
edgar_r_900000120,c:257228,2021-05-07,series-a,,edgar
edgar_r_900000121,c:257228,2021-03-03,series-a,,edgar
edgar_r_900000122,c:257228,2020-02-14,series-a,,edgar
edgar_r_900000123,c:257228,2019-10-03,series-a,,edgar
edgar_r_900000124,c:257228,2019-03-11,series-a,,edgar
edgar_r_900000125,edgar_c_eaebf31a9b29,2016-03-29,series-a,,edgar
edgar_r_900000126,c:5182,2018-07-17,series-a,,edgar
edgar_r_900000127,edgar_c_510529e21cb9,2026-02-17,series-a,,edgar
edgar_r_900000128,edgar_c_510529e21cb9,2022-04-20,series-a,,edgar
edgar_r_900000129,c:255698,2026-04-08,series-a,,edgar
edgar_r_900000130,c:255698,2025-04-08,series-a,,edgar
edgar_r_900000131,c:255698,2024-04-11,series-a,,edgar
edgar_r_900000132,c:255698,2023-04-11,series-a,,edgar
edgar_r_900000133,c:255698,2022-04-11,series-a,,edgar
edgar_r_900000134,c:255698,2021-04-09,series-a,,edgar
edgar_r_900000135,c:255698,2020-04-10,series-a,,edgar
edgar_r_900000136,c:255698,2019-04-10,series-a,,edgar
edgar_r_900000137,c:255698,2018-04-10,series-a,,edgar
edgar_r_900000138,c:255698,2017-04-11,series-a,,edgar
edgar_r_900000139,c:255698,2017-04-10,series-a,,edgar
edgar_r_900000140,c:255698,2016-04-08,series-a,,edgar
edgar_r_900000141,c:255698,2015-04-07,series-a,,edgar
edgar_r_900000142,c:255698,2014-04-15,series-a,,edgar
edgar_r_900000143,c:255698,2014-04-07,series-a,,edgar
edgar_r_900000144,c:167620,2021-05-05,series-a,,edgar
edgar_r_900000145,c:38219,2020-09-18,series-a,,edgar
edgar_r_900000146,c:65045,2018-06-20,series-a,,edgar
edgar_r_900000147,f:14775,2015-03-27,series-a,,edgar
edgar_r_900000148,c:79818,2026-04-20,series-a,,edgar
edgar_r_900000149,c:79818,2025-02-07,series-a,,edgar
edgar_r_900000150,c:79818,2022-08-25,series-a,,edgar
edgar_r_900000151,c:161289,2020-08-12,series-a,,edgar
edgar_r_900000152,c:161289,2018-04-05,series-a,,edgar
edgar_r_900000153,c:28658,2022-04-15,series-a,,edgar
edgar_r_900000154,c:28658,2022-04-14,series-a,,edgar
edgar_r_900000155,c:208984,2025-10-08,series-a,,edgar
edgar_r_900000156,c:208984,2024-11-12,series-a,,edgar
edgar_r_900000157,c:208984,2022-01-12,series-a,,edgar
edgar_r_900000158,edgar_c_3e52375977b6,2021-05-14,series-a,,edgar
edgar_r_900000159,edgar_c_3e52375977b6,2021-01-05,series-a,,edgar
edgar_r_900000160,edgar_c_3e52375977b6,2020-04-06,series-a,,edgar
edgar_r_900000161,r:386,2021-08-26,series-a,,edgar
edgar_r_900000162,r:386,2021-02-23,series-a,,edgar
edgar_r_900000163,r:386,2019-02-11,series-a,,edgar
edgar_r_900000164,r:386,2017-07-31,series-a,,edgar
edgar_r_900000165,c:68030,2023-10-17,series-a,,edgar
edgar_r_900000166,c:280761,2015-12-17,series-a,,edgar
edgar_r_900000167,edgar_c_7bf06bf84f9a,2018-05-18,series-a,,edgar
edgar_r_900000168,edgar_c_4a275f5dfa75,2019-11-15,series-a,,edgar
edgar_r_900000169,edgar_c_4a275f5dfa75,2018-07-10,series-a,,edgar
edgar_r_900000170,edgar_c_4a275f5dfa75,2016-12-21,series-a,,edgar
edgar_r_900000171,edgar_c_9679f610e433,2018-01-05,series-a,,edgar
edgar_r_900000172,edgar_c_9679f610e433,2017-10-18,series-a,,edgar
edgar_r_900000173,c:13807,2021-07-28,series-a,,edgar
edgar_r_900000174,c:13807,2020-11-16,series-a,,edgar
edgar_r_900000175,edgar_c_6f142ea8d28a,2015-12-04,series-a,,edgar
edgar_r_900000176,edgar_c_6f142ea8d28a,2013-03-28,series-a,,edgar
edgar_r_900000177,c:57930,2016-12-21,series-a,,edgar
edgar_r_900000178,edgar_c_8e769fdd3682,2022-05-20,series-a,,edgar
edgar_r_900000179,c:3136,2014-04-09,series-a,,edgar
edgar_r_900000180,c:3136,2010-07-22,series-a,,edgar
edgar_r_900000181,c:25312,2022-04-14,series-a,,edgar
edgar_r_900000182,c:25312,2020-09-17,series-a,,edgar
edgar_r_900000183,c:78341,2014-08-11,series-a,,edgar
edgar_r_900000184,c:78341,2014-05-02,series-a,,edgar
edgar_r_900000185,c:78341,2013-09-10,series-a,,edgar
edgar_r_900000186,c:78341,2012-10-09,series-a,,edgar
edgar_r_900000187,c:78341,2012-01-31,series-a,,edgar
edgar_r_900000188,c:78341,2011-08-09,series-a,,edgar
edgar_r_900000189,c:78341,2011-07-14,series-a,,edgar
edgar_r_900000190,r:23862,2024-04-24,series-a,,edgar
edgar_r_900000191,c:221339,2025-05-27,series-a,,edgar
edgar_r_900000192,edgar_c_ad56cd251246,2014-06-20,series-a,,edgar
edgar_r_900000193,c:53858,2022-03-15,series-a,,edgar
edgar_r_900000194,c:33843,2017-09-15,series-a,,edgar
edgar_r_900000195,edgar_c_98f1ec76ebf7,2026-04-27,series-a,,edgar
edgar_r_900000196,c:118813,2020-03-03,series-a,,edgar
edgar_r_900000197,edgar_c_cf9ed15b2416,2024-03-11,series-a,,edgar
edgar_r_900000198,edgar_c_cf9ed15b2416,2023-06-27,series-a,,edgar
edgar_r_900000199,c:25255,2026-03-20,series-a,,edgar
edgar_r_900000200,c:25255,2025-03-21,series-a,,edgar
edgar_r_900000201,c:25255,2024-04-12,series-a,,edgar
edgar_r_900000202,c:25255,2023-04-25,series-a,,edgar
edgar_r_900000203,edgar_c_a15706040d48,2023-05-26,series-a,,edgar
edgar_r_900000204,c:265622,2023-07-07,series-a,,edgar
edgar_r_900000205,edgar_c_e2ba307fb539,2016-08-04,series-a,,edgar
edgar_r_900000206,edgar_c_e2ba307fb539,2013-01-25,series-a,,edgar
edgar_r_900000207,edgar_c_b91de619b7d1,2023-02-15,series-a,,edgar
edgar_r_900000208,f:6852,2021-06-02,series-a,,edgar
edgar_r_900000209,edgar_c_ce7210af0f47,2025-02-14,series-a,,edgar
edgar_r_900000210,edgar_c_9da83d5902ad,2026-03-02,series-a,,edgar
edgar_r_900000211,edgar_c_9da83d5902ad,2026-01-02,series-a,,edgar
edgar_r_900000212,c:77603,2011-05-17,series-a,,edgar
edgar_r_900000213,c:77603,2009-09-03,series-a,,edgar
edgar_r_900000214,edgar_c_22339b047e12,2018-11-26,series-a,,edgar
edgar_r_900000215,c:12673,2025-10-14,series-a,,edgar
edgar_r_900000216,c:12673,2024-10-11,series-a,,edgar
edgar_r_900000217,c:12673,2023-10-13,series-a,,edgar
edgar_r_900000218,c:12673,2022-10-12,series-a,,edgar
edgar_r_900000219,c:12673,2021-10-18,series-a,,edgar
edgar_r_900000220,c:12673,2020-11-16,series-a,,edgar
edgar_r_900000221,c:12673,2019-11-05,series-a,,edgar
edgar_r_900000222,c:12673,2018-10-12,series-a,,edgar
edgar_r_900000223,c:12673,2017-10-12,series-a,,edgar
edgar_r_900000224,c:12673,2016-12-08,series-a,,edgar
edgar_r_900000225,c:12673,2015-10-09,series-a,,edgar
edgar_r_900000226,c:12673,2014-10-15,series-a,,edgar
edgar_r_900000227,c:12673,2013-01-15,series-a,,edgar
edgar_r_900000228,c:12673,2011-10-11,series-a,,edgar
edgar_r_900000229,edgar_c_a6be37dfcfa7,2014-12-09,series-a,,edgar
edgar_r_900000230,edgar_c_e93e8c875ac6,2026-04-15,series-a,,edgar
edgar_r_900000231,edgar_c_84c6e5c9cf62,2024-06-13,series-a,,edgar
edgar_r_900000232,edgar_c_d0d3d3df65de,2024-06-26,series-a,,edgar
edgar_r_900000233,c:231747,2021-09-28,series-a,,edgar
edgar_r_900000234,edgar_c_3b20ab02a33b,2020-03-02,series-a,,edgar
edgar_r_900000235,edgar_c_6043348b406e,2024-09-26,series-a,,edgar
edgar_r_900000236,edgar_c_6043348b406e,2024-06-18,series-a,,edgar
edgar_r_900000237,edgar_c_6043348b406e,2020-11-23,series-a,,edgar
edgar_r_900000238,edgar_c_6043348b406e,2020-01-02,series-a,,edgar
edgar_r_900000239,edgar_c_6043348b406e,2019-01-18,series-a,,edgar
edgar_r_900000240,edgar_c_6043348b406e,2014-03-04,series-a,,edgar
edgar_r_900000241,edgar_c_001489cee4c5,2025-07-15,series-a,,edgar
edgar_r_900000242,edgar_c_001489cee4c5,2025-05-01,series-a,,edgar
edgar_r_900000243,edgar_c_001489cee4c5,2025-03-21,series-a,,edgar
edgar_r_900000244,edgar_c_001489cee4c5,2022-05-05,series-a,,edgar
edgar_r_900000245,edgar_c_001489cee4c5,2022-04-07,series-a,,edgar
edgar_r_900000246,edgar_c_001489cee4c5,2022-04-05,series-a,,edgar
edgar_r_900000247,c:236632,2014-05-13,series-a,,edgar
edgar_r_900000248,c:236632,2012-11-01,series-a,,edgar
edgar_r_900000249,f:3035,2025-06-27,series-a,,edgar
edgar_r_900000250,f:3035,2024-06-28,series-a,,edgar
edgar_r_900000251,f:3035,2023-07-06,series-a,,edgar
edgar_r_900000252,f:3035,2022-07-07,series-a,,edgar
edgar_r_900000253,f:3035,2021-07-08,series-a,,edgar
edgar_r_900000254,f:3035,2020-07-09,series-a,,edgar
edgar_r_900000255,f:3035,2019-07-17,series-a,,edgar
edgar_r_900000256,f:3035,2018-07-17,series-a,,edgar
edgar_r_900000257,edgar_c_8aa70f34035d,2023-12-26,series-a,,edgar
edgar_r_900000258,edgar_c_f23978924e87,2025-12-15,series-a,,edgar
edgar_r_900000259,edgar_c_f23978924e87,2025-01-08,series-a,,edgar
edgar_r_900000260,edgar_c_f23978924e87,2024-01-05,series-a,,edgar
edgar_r_900000261,edgar_c_f23978924e87,2023-03-07,series-a,,edgar
edgar_r_900000262,edgar_c_f23978924e87,2023-02-07,series-a,,edgar
edgar_r_900000263,edgar_c_f23978924e87,2022-07-01,series-a,,edgar
edgar_r_900000264,edgar_c_f23978924e87,2021-08-04,series-a,,edgar
edgar_r_900000265,edgar_c_f23978924e87,2021-03-22,series-a,,edgar
edgar_r_900000266,edgar_c_f23978924e87,2020-07-29,series-a,,edgar
edgar_r_900000267,edgar_c_f23978924e87,2020-03-06,series-a,,edgar
edgar_r_900000268,edgar_c_f23978924e87,2020-01-24,series-a,,edgar
edgar_r_900000269,edgar_c_f23978924e87,2019-01-24,series-a,,edgar
edgar_r_900000270,edgar_c_f23978924e87,2018-11-16,series-a,,edgar
edgar_r_900000271,edgar_c_f23978924e87,2017-11-16,series-a,,edgar
edgar_r_900000272,edgar_c_f23978924e87,2016-11-18,series-a,,edgar
edgar_r_900000273,edgar_c_f23978924e87,2016-03-03,series-a,,edgar
edgar_r_900000274,edgar_c_0183b3b302f2,2017-04-10,series-a,,edgar
edgar_r_900000275,edgar_c_0183b3b302f2,2016-04-05,series-a,,edgar
edgar_r_900000276,edgar_c_0183b3b302f2,2015-11-04,series-a,,edgar
edgar_r_900000277,edgar_c_0183b3b302f2,2011-10-11,series-a,,edgar
edgar_r_900000278,c:14900,2011-06-07,series-a,,edgar
edgar_r_900000279,c:273512,2017-07-05,series-a,,edgar
edgar_r_900000280,edgar_c_fe4d4a2020b2,2020-07-21,series-a,,edgar
edgar_r_900000281,edgar_c_fe4d4a2020b2,2018-03-13,series-a,,edgar
edgar_r_900000282,c:162946,2025-11-05,series-a,,edgar
edgar_r_900000283,c:162946,2024-12-13,series-a,,edgar
edgar_r_900000284,c:162946,2024-06-06,series-a,,edgar
edgar_r_900000285,c:74084,2016-09-19,series-a,,edgar
edgar_r_900000286,c:74084,2016-09-06,series-a,,edgar
edgar_r_900000287,c:74084,2014-09-09,series-a,,edgar
edgar_r_900000288,c:229237,2015-05-19,series-a,,edgar
edgar_r_900000289,c:229237,2015-01-07,series-a,,edgar
edgar_r_900000290,c:229237,2014-09-23,series-a,,edgar
edgar_r_900000291,c:229237,2013-10-30,series-a,,edgar
edgar_r_900000292,c:229237,2013-07-03,series-a,,edgar
edgar_r_900000293,c:229237,2013-06-19,series-a,,edgar
edgar_r_900000294,c:73731,2018-06-15,series-a,,edgar
edgar_r_900000295,c:178342,2018-06-14,series-a,,edgar
edgar_r_900000296,edgar_c_b7261d55501f,2021-09-13,series-a,,edgar
edgar_r_900000297,edgar_c_b7261d55501f,2020-05-21,series-a,,edgar
edgar_r_900000298,edgar_c_b7261d55501f,2015-07-14,series-a,,edgar
edgar_r_900000299,edgar_c_b7261d55501f,2014-03-10,series-a,,edgar
edgar_r_900000300,edgar_c_b7261d55501f,2013-08-09,series-a,,edgar
edgar_r_900000301,edgar_c_b7261d55501f,2013-07-31,series-a,,edgar
edgar_r_900000302,edgar_c_0760f5da4f24,2018-10-25,series-a,,edgar
edgar_r_900000303,c:239141,2017-08-11,series-a,,edgar
edgar_r_900000304,edgar_c_bb021c82155e,2011-04-21,series-a,,edgar
edgar_r_900000305,edgar_c_61251b9cec1a,2013-10-22,series-a,,edgar
edgar_r_900000306,edgar_c_61251b9cec1a,2013-05-16,series-a,,edgar
edgar_r_900000307,edgar_c_61251b9cec1a,2010-09-30,series-a,,edgar
edgar_r_900000308,edgar_c_61251b9cec1a,2010-01-29,series-a,,edgar
edgar_r_900000309,edgar_c_967c4fc4b2d2,2023-08-11,series-a,,edgar
edgar_r_900000310,c:232287,2024-05-29,series-a,,edgar
edgar_r_900000311,c:232287,2021-07-01,series-a,,edgar
edgar_r_900000312,c:232287,2021-02-24,series-a,,edgar
edgar_r_900000313,c:232287,2020-05-12,series-a,,edgar
edgar_r_900000314,c:232287,2019-02-22,series-a,,edgar
edgar_r_900000315,c:232287,2015-12-03,series-a,,edgar
edgar_r_900000316,c:232287,2013-06-25,series-a,,edgar
edgar_r_900000317,f:5955,2015-08-17,series-a,,edgar
edgar_r_900000318,c:13107,2013-01-11,series-a,,edgar
edgar_r_900000319,c:40897,2025-01-17,series-a,,edgar
edgar_r_900000320,edgar_c_8cd5d79b3ea6,2019-12-10,series-a,,edgar
edgar_r_900000321,edgar_c_8cd5d79b3ea6,2018-12-06,series-a,,edgar
edgar_r_900000322,edgar_c_8cd5d79b3ea6,2018-05-11,series-a,,edgar
edgar_r_900000323,edgar_c_8cd5d79b3ea6,2017-03-29,series-a,,edgar
edgar_r_900000324,edgar_c_8cd5d79b3ea6,2015-09-24,series-a,,edgar
edgar_r_900000325,edgar_c_8cd5d79b3ea6,2015-04-16,series-a,,edgar
edgar_r_900000326,edgar_c_747a123a2667,2024-09-16,series-a,,edgar
edgar_r_900000327,edgar_c_32221c0e0813,2015-03-27,series-a,,edgar
edgar_r_900000328,c:260140,2014-12-04,series-a,,edgar
edgar_r_900000329,c:45021,2021-11-01,series-a,,edgar
edgar_r_900000330,c:45021,2021-03-11,series-a,,edgar
edgar_r_900000331,c:45021,2020-10-20,series-a,,edgar
edgar_r_900000332,c:45021,2020-06-26,series-a,,edgar
edgar_r_900000333,c:45021,2018-04-13,series-a,,edgar
edgar_r_900000334,c:45021,2018-02-22,series-a,,edgar
edgar_r_900000335,c:45021,2017-03-15,series-a,,edgar
edgar_r_900000336,c:45021,2015-07-10,series-a,,edgar
edgar_r_900000337,c:45021,2014-12-30,series-a,,edgar
edgar_r_900000338,c:45021,2014-06-25,series-a,,edgar
edgar_r_900000339,c:45021,2013-07-11,series-a,,edgar
edgar_r_900000340,c:45021,2013-06-12,series-a,,edgar
edgar_r_900000341,c:226500,2024-09-20,series-a,,edgar
edgar_r_900000342,c:226500,2021-08-06,series-a,,edgar
edgar_r_900000343,c:226500,2021-04-26,series-a,,edgar
edgar_r_900000344,c:226500,2011-09-15,series-a,,edgar
edgar_r_900000345,c:226500,2011-01-18,series-a,,edgar
edgar_r_900000346,c:226500,2009-10-07,series-a,,edgar
edgar_r_900000347,c:226500,2009-01-27,series-a,,edgar
edgar_r_900000348,c:187623,2022-10-17,series-a,,edgar
edgar_r_900000349,c:187623,2018-09-07,series-a,,edgar
edgar_r_900000350,c:187623,2018-03-30,series-a,,edgar
edgar_r_900000351,c:187623,2017-09-25,series-a,,edgar
edgar_r_900000352,edgar_c_8e3cdc70395c,2021-12-14,series-a,,edgar
edgar_r_900000353,c:72797,2021-09-23,series-a,,edgar
edgar_r_900000354,edgar_c_3c32b6e0cd99,2009-09-25,series-a,,edgar
edgar_r_900000355,edgar_c_3c32b6e0cd99,2009-09-08,series-a,,edgar
edgar_r_900000356,edgar_c_3c32b6e0cd99,2009-03-20,series-a,,edgar
edgar_r_900000357,r:599,2020-07-20,series-a,,edgar
edgar_r_900000358,edgar_c_66a881e8ba8a,2019-06-27,series-a,,edgar
edgar_r_900000359,edgar_c_66a881e8ba8a,2018-03-26,series-a,,edgar
edgar_r_900000360,edgar_c_66a881e8ba8a,2016-11-10,series-a,,edgar
edgar_r_900000361,c:46248,2021-11-15,series-a,,edgar
edgar_r_900000362,c:46248,2018-12-20,series-a,,edgar
edgar_r_900000363,c:46248,2016-12-20,series-a,,edgar
edgar_r_900000364,c:46248,2016-11-17,series-a,,edgar
edgar_r_900000365,c:46248,2016-02-17,series-a,,edgar
edgar_r_900000366,c:46248,2015-12-30,series-a,,edgar
edgar_r_900000367,c:46248,2015-04-15,series-a,,edgar
edgar_r_900000368,c:46248,2014-11-13,series-a,,edgar
edgar_r_900000369,c:46248,2014-06-19,series-a,,edgar
edgar_r_900000370,c:73629,2026-03-24,series-a,,edgar
edgar_r_900000371,c:73629,2023-09-19,series-a,,edgar
edgar_r_900000372,c:73629,2021-02-26,series-a,,edgar
edgar_r_900000373,c:55473,2021-07-08,series-a,,edgar
edgar_r_900000374,edgar_c_2314e39899aa,2024-10-15,series-a,,edgar
edgar_r_900000375,c:33731,2020-08-03,series-a,,edgar
edgar_r_900000376,edgar_c_0906148f121b,2022-08-02,series-a,,edgar
edgar_r_900000377,edgar_c_0906148f121b,2017-03-14,series-a,,edgar
edgar_r_900000378,edgar_c_0906148f121b,2017-01-13,series-a,,edgar
edgar_r_900000379,edgar_c_0906148f121b,2015-04-30,series-a,,edgar
edgar_r_900000380,edgar_c_70f4be3b67d6,2011-03-22,series-a,,edgar
edgar_r_900000381,c:260004,2019-06-20,series-a,,edgar
edgar_r_900000382,edgar_c_170f75421439,2021-09-10,series-a,,edgar
edgar_r_900000383,edgar_c_170f75421439,2021-08-23,series-a,,edgar
edgar_r_900000384,edgar_c_170f75421439,2020-10-15,series-a,,edgar
edgar_r_900000385,edgar_c_170f75421439,2020-09-28,series-a,,edgar
edgar_r_900000386,edgar_c_170f75421439,2020-03-05,series-a,,edgar
edgar_r_900000387,edgar_c_170f75421439,2019-12-06,series-a,,edgar
edgar_r_900000388,edgar_c_c71da80f30b7,2017-08-18,series-a,,edgar
edgar_r_900000389,c:285215,2020-04-03,series-a,,edgar
edgar_r_900000390,c:285215,2018-06-12,series-a,,edgar
edgar_r_900000391,c:285215,2017-03-21,series-a,,edgar
edgar_r_900000392,c:285215,2015-07-24,series-a,,edgar
edgar_r_900000393,edgar_c_0f8e38f32e20,2021-05-12,series-a,,edgar
edgar_r_900000394,edgar_c_526c290f5391,2024-10-08,series-a,,edgar
edgar_r_900000395,c:237187,2025-12-23,series-a,,edgar
edgar_r_900000396,c:215743,2014-11-21,series-a,,edgar
edgar_r_900000397,edgar_c_629e18cf9a19,2023-12-22,series-a,,edgar
edgar_r_900000398,edgar_c_629e18cf9a19,2023-05-30,series-a,,edgar
edgar_r_900000399,edgar_c_35777aca80ed,2026-01-30,series-a,,edgar
edgar_r_900000400,edgar_c_2d435a6ac4a0,2023-09-22,series-a,,edgar
edgar_r_900000401,edgar_c_2d435a6ac4a0,2022-07-22,series-a,,edgar
edgar_r_900000402,edgar_c_2d435a6ac4a0,2015-08-05,series-a,,edgar
edgar_r_900000403,edgar_c_2d435a6ac4a0,2015-07-17,series-a,,edgar
edgar_r_900000404,edgar_c_2d435a6ac4a0,2015-06-24,series-a,,edgar
edgar_r_900000405,edgar_c_2d435a6ac4a0,2015-01-05,series-a,,edgar
edgar_r_900000406,edgar_c_2d435a6ac4a0,2014-12-29,series-a,,edgar
edgar_r_900000407,edgar_c_2d435a6ac4a0,2014-04-17,series-a,,edgar
edgar_r_900000408,edgar_c_2d435a6ac4a0,2009-10-09,series-a,,edgar
edgar_r_900000409,edgar_c_8ab3b066ca00,2024-04-02,series-a,,edgar
edgar_r_900000410,edgar_c_8ab3b066ca00,2023-03-10,series-a,,edgar
edgar_r_900000411,edgar_c_8ab3b066ca00,2022-03-15,series-a,,edgar
edgar_r_900000412,c:243703,2024-09-23,series-a,,edgar
edgar_r_900000413,c:243703,2024-03-01,series-a,,edgar
edgar_r_900000414,c:243703,2020-12-11,series-a,,edgar
edgar_r_900000415,c:243703,2019-12-24,series-a,,edgar
edgar_r_900000416,c:243703,2019-12-11,series-a,,edgar
edgar_r_900000417,c:243703,2018-12-13,series-a,,edgar
edgar_r_900000418,c:243703,2018-06-18,series-a,,edgar
edgar_r_900000419,c:243703,2018-05-09,series-a,,edgar
edgar_r_900000420,c:243703,2018-03-19,series-a,,edgar
edgar_r_900000421,c:243703,2018-02-26,series-a,,edgar
edgar_r_900000422,c:243703,2017-09-15,series-a,,edgar
edgar_r_900000423,c:243703,2017-06-13,series-a,,edgar
edgar_r_900000424,c:243703,2017-06-01,series-a,,edgar
edgar_r_900000425,c:243703,2017-03-15,series-a,,edgar
edgar_r_900000426,c:243703,2016-09-28,series-a,,edgar
edgar_r_900000427,c:243703,2016-04-08,series-a,,edgar
edgar_r_900000428,c:243703,2016-02-24,series-a,,edgar
edgar_r_900000429,c:243703,2016-02-18,series-a,,edgar
edgar_r_900000430,c:243703,2015-12-23,series-a,,edgar
edgar_r_900000431,c:243703,2015-11-19,series-a,,edgar
edgar_r_900000432,c:243703,2015-10-21,series-a,,edgar
edgar_r_900000433,c:243703,2015-07-15,series-a,,edgar
edgar_r_900000434,c:243703,2015-05-29,series-a,,edgar
edgar_r_900000435,c:243703,2015-04-15,series-a,,edgar
edgar_r_900000436,c:243703,2015-03-13,series-a,,edgar
edgar_r_900000437,c:243703,2014-12-22,series-a,,edgar
edgar_r_900000438,c:43485,2025-05-12,series-a,,edgar
edgar_r_900000439,f:2503,2026-01-15,series-a,,edgar
edgar_r_900000440,f:2503,2025-01-15,series-a,,edgar
edgar_r_900000441,f:2503,2024-01-16,series-a,,edgar
edgar_r_900000442,f:2503,2023-01-17,series-a,,edgar
edgar_r_900000443,f:2503,2022-01-18,series-a,,edgar
edgar_r_900000444,f:2503,2021-01-15,series-a,,edgar
edgar_r_900000445,edgar_c_dcb9529bb870,2019-02-12,series-a,,edgar
edgar_r_900000446,edgar_c_dcb9529bb870,2017-12-27,series-a,,edgar
edgar_r_900000447,edgar_c_dcb9529bb870,2017-03-22,series-a,,edgar
edgar_r_900000448,edgar_c_dcb9529bb870,2016-09-15,series-a,,edgar
edgar_r_900000449,c:277330,2024-11-04,series-a,,edgar
edgar_r_900000450,c:179440,2025-09-23,series-a,,edgar
edgar_r_900000451,c:179440,2024-10-15,series-a,,edgar
edgar_r_900000452,c:179440,2024-06-28,series-a,,edgar
edgar_r_900000453,c:179440,2024-04-25,series-a,,edgar
edgar_r_900000454,c:179440,2023-11-27,series-a,,edgar
edgar_r_900000455,c:179440,2023-10-26,series-a,,edgar
edgar_r_900000456,c:179440,2023-05-02,series-a,,edgar
edgar_r_900000457,c:179440,2022-11-28,series-a,,edgar
edgar_r_900000458,c:179440,2022-05-26,series-a,,edgar
edgar_r_900000459,c:179440,2022-04-08,series-a,,edgar
edgar_r_900000460,c:179440,2021-11-22,series-a,,edgar
edgar_r_900000461,c:179440,2021-04-14,series-a,,edgar
edgar_r_900000462,c:179440,2020-11-02,series-a,,edgar
edgar_r_900000463,c:179440,2019-10-31,series-a,,edgar
edgar_r_900000464,c:179440,2018-11-07,series-a,,edgar
edgar_r_900000465,c:179440,2017-11-07,series-a,,edgar
edgar_r_900000466,c:179440,2017-05-19,series-a,,edgar
edgar_r_900000467,c:179440,2017-05-02,series-a,,edgar
edgar_r_900000468,c:179440,2016-02-26,series-a,,edgar
edgar_r_900000469,c:179440,2015-12-18,series-a,,edgar
edgar_r_900000470,c:179440,2014-03-24,series-a,,edgar
edgar_r_900000471,edgar_c_59ffb85d508b,2010-02-26,series-a,,edgar
edgar_r_900000472,edgar_c_02ed23e529c7,2014-12-15,series-a,,edgar
edgar_r_900000473,edgar_c_02ed23e529c7,2014-03-31,series-a,,edgar
edgar_r_900000474,edgar_c_02ed23e529c7,2010-02-10,series-a,,edgar
edgar_r_900000475,edgar_c_02ed23e529c7,2009-07-23,series-a,,edgar
edgar_r_900000476,c:187183,2022-08-02,series-a,,edgar
edgar_r_900000477,c:187183,2021-05-18,series-a,,edgar
edgar_r_900000478,c:187183,2020-12-15,series-a,,edgar
edgar_r_900000479,edgar_c_49f652647706,2010-03-17,series-a,,edgar
edgar_r_900000480,c:64174,2019-06-13,series-a,,edgar
edgar_r_900000481,c:64174,2017-08-08,series-a,,edgar
edgar_r_900000482,c:64174,2014-06-16,series-a,,edgar
edgar_r_900000483,edgar_c_3cb094b01bd3,2022-09-09,series-a,,edgar
edgar_r_900000484,edgar_c_8639be6012b0,2026-01-29,series-a,,edgar
edgar_r_900000485,edgar_c_8639be6012b0,2020-12-30,series-a,,edgar
edgar_r_900000486,edgar_c_8639be6012b0,2018-11-20,series-a,,edgar
edgar_r_900000487,c:166758,2017-05-24,series-a,,edgar
edgar_r_900000488,c:46506,2015-07-24,series-a,,edgar
edgar_r_900000489,c:46506,2013-06-11,series-a,,edgar
edgar_r_900000490,edgar_c_d735323f4552,2020-07-21,series-a,,edgar
edgar_r_900000491,edgar_c_d735323f4552,2015-06-25,series-a,,edgar
edgar_r_900000492,edgar_c_d735323f4552,2014-10-20,series-a,,edgar
edgar_r_900000493,edgar_c_b7996bef1b2e,2015-03-12,series-a,,edgar
edgar_r_900000494,edgar_c_d04d9fce35c1,2018-10-15,series-a,,edgar
edgar_r_900000495,c:5222,2009-08-24,series-a,,edgar
edgar_r_900000496,c:264948,2018-02-16,series-a,,edgar
edgar_r_900000497,edgar_c_f22fee17e9d9,2021-01-07,series-a,,edgar
edgar_r_900000498,edgar_c_b934bfd7b8a3,2023-03-29,series-a,,edgar
edgar_r_900000499,c:164009,2024-05-03,series-a,,edgar
edgar_r_900000500,c:164009,2021-07-13,series-a,,edgar
edgar_r_900000501,c:164009,2021-04-14,series-a,,edgar
edgar_r_900000502,c:164009,2020-05-08,series-a,,edgar
edgar_r_900000503,c:164009,2018-11-14,series-a,,edgar
edgar_r_900000504,c:164009,2018-03-23,series-a,,edgar
edgar_r_900000505,c:164009,2017-03-16,series-a,,edgar
edgar_r_900000506,c:164009,2015-06-16,series-a,,edgar
edgar_r_900000507,edgar_c_c40ce2f8803c,2019-02-07,series-a,,edgar
edgar_r_900000508,edgar_c_28fd9c9ce48e,2023-12-27,series-a,,edgar
edgar_r_900000509,edgar_c_28fd9c9ce48e,2023-07-06,series-a,,edgar
edgar_r_900000510,edgar_c_28fd9c9ce48e,2015-03-24,series-a,,edgar
edgar_r_900000511,c:14008,2014-01-16,series-a,,edgar
edgar_r_900000512,c:14008,2013-11-18,series-a,,edgar
edgar_r_900000513,edgar_c_bef0121ebf13,2022-08-22,series-a,,edgar
edgar_r_900000514,edgar_c_bef0121ebf13,2022-01-04,series-a,,edgar
edgar_r_900000515,c:43907,2017-01-20,series-a,,edgar
edgar_r_900000516,c:43907,2015-12-10,series-a,,edgar
edgar_r_900000517,c:43907,2015-08-12,series-a,,edgar
edgar_r_900000518,f:6852,2018-03-23,series-a,,edgar
edgar_r_900000519,f:6852,2018-02-08,series-a,,edgar
edgar_r_900000520,f:6852,2018-02-07,series-a,,edgar
edgar_r_900000521,f:6852,2017-09-08,series-a,,edgar
edgar_r_900000522,f:6852,2017-05-19,series-a,,edgar
edgar_r_900000523,f:6852,2017-02-07,series-a,,edgar
edgar_r_900000524,f:6852,2016-12-15,series-a,,edgar
edgar_r_900000525,f:6852,2016-08-12,series-a,,edgar
edgar_r_900000526,f:6852,2016-03-18,series-a,,edgar
edgar_r_900000527,c:22632,2019-09-11,series-a,,edgar
edgar_r_900000528,edgar_c_fb985561af03,2019-12-16,series-a,,edgar
edgar_r_900000529,edgar_c_fb985561af03,2018-10-26,series-a,,edgar
edgar_r_900000530,c:223141,2018-02-06,series-a,,edgar
edgar_r_900000531,c:223141,2018-01-12,series-a,,edgar
edgar_r_900000532,c:223141,2017-02-01,series-a,,edgar
edgar_r_900000533,c:223141,2017-01-31,series-a,,edgar
edgar_r_900000534,c:223141,2015-02-04,series-a,,edgar
edgar_r_900000535,edgar_c_685b3cc584b9,2009-08-10,series-a,,edgar
edgar_r_900000536,c:260041,2012-03-26,series-a,,edgar
edgar_r_900000537,c:260041,2012-02-29,series-a,,edgar
edgar_r_900000538,c:260041,2012-02-22,series-a,,edgar
edgar_r_900000539,c:260041,2010-03-16,series-a,,edgar
edgar_r_900000540,edgar_c_7b26900c3b33,2021-02-11,series-a,,edgar
edgar_r_900000541,edgar_c_7b26900c3b33,2020-07-20,series-a,,edgar
edgar_r_900000542,edgar_c_7b26900c3b33,2019-05-13,series-a,,edgar
edgar_r_900000543,edgar_c_7b26900c3b33,2018-11-16,series-a,,edgar
edgar_r_900000544,edgar_c_7b26900c3b33,2018-03-16,series-a,,edgar
edgar_r_900000545,edgar_c_c550af46ef97,2025-01-21,series-a,,edgar
edgar_r_900000546,c:33003,2022-06-16,series-a,,edgar
edgar_r_900000547,c:33003,2021-12-21,series-a,,edgar
edgar_r_900000548,c:33003,2020-12-09,series-a,,edgar
edgar_r_900000549,edgar_c_2a1faed6e492,2024-12-13,series-a,,edgar
edgar_r_900000550,edgar_c_2a1faed6e492,2024-05-13,series-a,,edgar
edgar_r_900000551,edgar_c_2a1faed6e492,2023-12-26,series-a,,edgar
edgar_r_900000552,edgar_c_3d0d544c3dad,2015-04-28,series-a,,edgar
edgar_r_900000553,edgar_c_3d0d544c3dad,2014-05-19,series-a,,edgar
edgar_r_900000554,edgar_c_3d0d544c3dad,2014-01-07,series-a,,edgar
edgar_r_900000555,edgar_c_3d0d544c3dad,2013-09-11,series-a,,edgar
edgar_r_900000556,edgar_c_b456b6d21635,2018-01-08,series-a,,edgar
edgar_r_900000557,edgar_c_574e6dd6a153,2019-10-15,series-a,,edgar
edgar_r_900000558,c:59377,2017-01-06,series-a,,edgar
edgar_r_900000559,edgar_c_3d4f88839a24,2016-03-24,series-a,,edgar
edgar_r_900000560,edgar_c_2096de694279,2016-06-29,series-a,,edgar
edgar_r_900000561,f:7333,2017-12-28,series-a,,edgar
edgar_r_900000562,edgar_c_8f85d17b4ec3,2014-12-03,series-a,,edgar
edgar_r_900000563,c:36788,2023-05-08,series-a,,edgar
edgar_r_900000564,c:36788,2020-06-12,series-a,,edgar
edgar_r_900000565,c:36788,2020-05-14,series-a,,edgar
edgar_r_900000566,c:36788,2018-09-05,series-a,,edgar
edgar_r_900000567,c:39780,2013-10-30,series-a,,edgar
edgar_r_900000568,c:39780,2013-08-19,series-a,,edgar
edgar_r_900000569,c:39780,2013-06-26,series-a,,edgar
edgar_r_900000570,c:39780,2012-07-03,series-a,,edgar
edgar_r_900000571,edgar_c_ad52498b622d,2024-11-15,series-a,,edgar
edgar_r_900000572,edgar_c_ad52498b622d,2024-03-01,series-a,,edgar
edgar_r_900000573,edgar_c_ad52498b622d,2023-02-16,series-a,,edgar
edgar_r_900000574,edgar_c_ad52498b622d,2022-03-29,series-a,,edgar
edgar_r_900000575,edgar_c_ad52498b622d,2021-05-11,series-a,,edgar
edgar_r_900000576,edgar_c_553298abe574,2021-08-10,series-a,,edgar
edgar_r_900000577,edgar_c_553298abe574,2021-06-04,series-a,,edgar
edgar_r_900000578,edgar_c_553298abe574,2020-08-10,series-a,,edgar
edgar_r_900000579,edgar_c_553298abe574,2020-01-28,series-a,,edgar
edgar_r_900000580,edgar_c_553298abe574,2018-11-26,series-a,,edgar
edgar_r_900000581,edgar_c_553298abe574,2018-10-25,series-a,,edgar
edgar_r_900000582,edgar_c_553298abe574,2018-08-10,series-a,,edgar
edgar_r_900000583,c:230768,2021-02-24,series-a,,edgar
edgar_r_900000584,c:230768,2020-02-21,series-a,,edgar
edgar_r_900000585,c:230768,2017-01-25,series-a,,edgar
edgar_r_900000586,c:230768,2015-10-14,series-a,,edgar
edgar_r_900000587,c:230768,2013-08-06,series-a,,edgar
edgar_r_900000588,r:28685,2026-01-30,series-a,,edgar
edgar_r_900000589,r:28685,2025-11-13,series-a,,edgar
edgar_r_900000590,r:28685,2025-10-15,series-a,,edgar
edgar_r_900000591,r:28685,2025-09-24,series-a,,edgar
edgar_r_900000592,r:28685,2025-09-09,series-a,,edgar
edgar_r_900000593,r:28685,2025-08-08,series-a,,edgar
edgar_r_900000594,r:28685,2025-07-31,series-a,,edgar
edgar_r_900000595,r:28685,2025-06-26,series-a,,edgar
edgar_r_900000596,r:28685,2024-05-22,series-a,,edgar
edgar_r_900000597,r:28685,2024-04-18,series-a,,edgar
edgar_r_900000598,r:28685,2024-02-12,series-a,,edgar
edgar_r_900000599,r:28685,2024-01-23,series-a,,edgar
edgar_r_900000600,r:28685,2023-10-26,series-a,,edgar
edgar_r_900000601,r:28685,2023-10-17,series-a,,edgar
edgar_r_900000602,r:28685,2023-10-13,series-a,,edgar
edgar_r_900000603,r:28685,2023-08-31,series-a,,edgar
edgar_r_900000604,r:28685,2023-08-30,series-a,,edgar
edgar_r_900000605,r:28685,2023-03-29,series-a,,edgar
edgar_r_900000606,r:28685,2023-03-10,series-a,,edgar
edgar_r_900000607,r:28685,2013-10-10,series-a,,edgar
edgar_r_900000608,r:28685,2012-12-05,series-a,,edgar
edgar_r_900000609,c:220543,2010-01-27,series-a,,edgar
edgar_r_900000610,c:191730,2017-11-13,series-a,,edgar
edgar_r_900000611,c:191730,2017-06-05,series-a,,edgar
edgar_r_900000612,c:239591,2021-06-08,series-a,,edgar
edgar_r_900000613,edgar_c_8d0fa89dd95e,2010-12-07,series-a,,edgar
edgar_r_900000614,edgar_c_9c5a950b2c37,2024-07-12,series-a,,edgar
edgar_r_900000615,edgar_c_c4e83e987a1d,2020-04-10,series-a,,edgar
edgar_r_900000616,edgar_c_c4e83e987a1d,2020-04-09,series-a,,edgar
edgar_r_900000617,edgar_c_c4e83e987a1d,2016-11-04,series-a,,edgar
edgar_r_900000618,c:159071,2020-11-19,series-a,,edgar
edgar_r_900000619,c:159071,2020-04-14,series-a,,edgar
edgar_r_900000620,c:159071,2020-01-07,series-a,,edgar
edgar_r_900000621,c:159071,2017-09-12,series-a,,edgar
edgar_r_900000622,c:159071,2012-11-13,series-a,,edgar
edgar_r_900000623,edgar_c_49031e80b5ae,2014-06-24,series-a,,edgar
edgar_r_900000624,edgar_c_b1f0992ad2a6,2015-09-15,series-a,,edgar
edgar_r_900000625,edgar_c_f2d50483cf0f,2024-04-29,series-a,,edgar
edgar_r_900000626,edgar_c_f2d50483cf0f,2023-01-20,series-a,,edgar
edgar_r_900000627,edgar_c_f2d50483cf0f,2021-05-25,series-a,,edgar
edgar_r_900000628,edgar_c_f2d50483cf0f,2020-08-17,series-a,,edgar
edgar_r_900000629,edgar_c_f2d50483cf0f,2019-07-12,series-a,,edgar
edgar_r_900000630,edgar_c_5e127c740996,2023-04-28,series-a,,edgar
edgar_r_900000631,edgar_c_5e127c740996,2020-04-07,series-a,,edgar
edgar_r_900000632,edgar_c_c0ac3d6a9189,2017-03-10,series-a,,edgar
edgar_r_900000633,edgar_c_c0ac3d6a9189,2016-08-12,series-a,,edgar
edgar_r_900000634,edgar_c_c0ac3d6a9189,2016-03-02,series-a,,edgar
edgar_r_900000635,edgar_c_c0ac3d6a9189,2015-05-13,series-a,,edgar
edgar_r_900000636,edgar_c_c0ac3d6a9189,2015-03-02,series-a,,edgar
edgar_r_900000637,edgar_c_c0ac3d6a9189,2014-11-17,series-a,,edgar
edgar_r_900000638,edgar_c_c0ac3d6a9189,2013-08-01,series-a,,edgar
edgar_r_900000639,edgar_c_c0ac3d6a9189,2013-07-19,series-a,,edgar
edgar_r_900000640,edgar_c_c0ac3d6a9189,2013-03-06,series-a,,edgar
edgar_r_900000641,edgar_c_3150d8185a67,2022-01-06,series-a,,edgar
edgar_r_900000642,edgar_c_3150d8185a67,2021-04-14,series-a,,edgar
edgar_r_900000643,edgar_c_3150d8185a67,2021-01-15,series-a,,edgar
edgar_r_900000644,edgar_c_3150d8185a67,2018-10-05,series-a,,edgar
edgar_r_900000645,edgar_c_3150d8185a67,2018-08-21,series-a,,edgar
edgar_r_900000646,edgar_c_3150d8185a67,2017-01-05,series-a,,edgar
edgar_r_900000647,edgar_c_38401840c342,2018-04-09,series-a,,edgar
edgar_r_900000648,edgar_c_38401840c342,2017-05-05,series-a,,edgar
edgar_r_900000649,edgar_c_38401840c342,2016-11-23,series-a,,edgar
edgar_r_900000650,c:173199,2026-02-09,series-a,,edgar
edgar_r_900000651,c:23425,2026-04-15,series-a,,edgar
edgar_r_900000652,c:23425,2025-11-13,series-a,,edgar
edgar_r_900000653,c:23425,2024-03-08,series-a,,edgar
edgar_r_900000654,c:23425,2023-08-17,series-a,,edgar
edgar_r_900000655,c:23425,2023-08-16,series-a,,edgar
edgar_r_900000656,c:23425,2023-08-04,series-a,,edgar
edgar_r_900000657,c:23425,2022-04-08,series-a,,edgar
edgar_r_900000658,c:23425,2021-08-09,series-a,,edgar
edgar_r_900000659,c:23425,2020-09-02,series-a,,edgar
edgar_r_900000660,c:23425,2020-08-18,series-a,,edgar
edgar_r_900000661,c:23425,2019-12-04,series-a,,edgar
edgar_r_900000662,c:23425,2019-10-01,series-a,,edgar
edgar_r_900000663,c:23425,2018-10-04,series-a,,edgar
edgar_r_900000664,p:8952,2021-05-03,series-a,,edgar
edgar_r_900000665,c:71305,2012-10-12,series-a,,edgar
edgar_r_900000666,c:71305,2011-03-25,series-a,,edgar
edgar_r_900000667,edgar_c_f3377bc5defe,2018-11-02,series-a,,edgar
edgar_r_900000668,edgar_c_f3377bc5defe,2012-06-18,series-a,,edgar
edgar_r_900000669,edgar_c_f3377bc5defe,2010-10-06,series-a,,edgar
edgar_r_900000670,edgar_c_d994342efe37,2021-12-16,series-a,,edgar
edgar_r_900000671,edgar_c_d994342efe37,2020-12-29,series-a,,edgar
edgar_r_900000672,c:29874,2021-10-26,series-a,,edgar
edgar_r_900000673,c:29874,2021-02-04,series-a,,edgar
edgar_r_900000674,c:29874,2019-07-11,series-a,,edgar
edgar_r_900000675,c:29874,2018-11-09,series-a,,edgar
edgar_r_900000676,c:29874,2016-03-01,series-a,,edgar
edgar_r_900000677,c:29874,2015-05-08,series-a,,edgar
edgar_r_900000678,c:207078,2017-01-03,series-a,,edgar
edgar_r_900000679,f:10878,2015-02-04,series-a,,edgar
edgar_r_900000680,f:10878,2014-10-21,series-a,,edgar
edgar_r_900000681,f:10878,2014-05-06,series-a,,edgar
edgar_r_900000682,f:10878,2013-06-13,series-a,,edgar
edgar_r_900000683,f:10878,2013-01-04,series-a,,edgar
edgar_r_900000684,edgar_c_159bcb2dbfef,2021-08-09,series-a,,edgar
edgar_r_900000685,edgar_c_159bcb2dbfef,2020-12-18,series-a,,edgar
edgar_r_900000686,edgar_c_159bcb2dbfef,2018-02-02,series-a,,edgar
edgar_r_900000687,edgar_c_159bcb2dbfef,2018-01-12,series-a,,edgar
edgar_r_900000688,edgar_c_159bcb2dbfef,2016-07-12,series-a,,edgar
edgar_r_900000689,edgar_c_159bcb2dbfef,2015-12-11,series-a,,edgar
edgar_r_900000690,edgar_c_b6e7978fdef7,2020-04-15,series-a,,edgar
edgar_r_900000691,edgar_c_b6e7978fdef7,2020-01-02,series-a,,edgar
edgar_r_900000692,edgar_c_b6e7978fdef7,2019-07-26,series-a,,edgar
edgar_r_900000693,edgar_c_b6e7978fdef7,2018-02-27,series-a,,edgar
edgar_r_900000694,edgar_c_b6e7978fdef7,2016-10-27,series-a,,edgar
edgar_r_900000695,edgar_c_b6e7978fdef7,2016-07-25,series-a,,edgar
edgar_r_900000696,edgar_c_ebd689ce4503,2020-11-23,series-a,,edgar
edgar_r_900000697,edgar_c_ebd689ce4503,2019-07-11,series-a,,edgar
edgar_r_900000698,edgar_c_ebd689ce4503,2019-04-04,series-a,,edgar
edgar_r_900000699,edgar_c_18d32900ed92,2023-01-24,series-a,,edgar
edgar_r_900000700,edgar_c_18d32900ed92,2022-12-23,series-a,,edgar
edgar_r_900000701,edgar_c_18d32900ed92,2022-11-10,series-a,,edgar
edgar_r_900000702,edgar_c_18d32900ed92,2022-09-23,series-a,,edgar
edgar_r_900000703,edgar_c_18d32900ed92,2022-06-15,series-a,,edgar
edgar_r_900000704,edgar_c_b35ad372b245,2024-03-11,series-a,,edgar
edgar_r_900000705,edgar_c_b35ad372b245,2018-02-23,series-a,,edgar
edgar_r_900000706,edgar_c_b35ad372b245,2015-11-16,series-a,,edgar
edgar_r_900000707,edgar_c_5ae480e1ca92,2025-10-28,series-a,,edgar
edgar_r_900000708,edgar_c_5ae480e1ca92,2024-12-10,series-a,,edgar
edgar_r_900000709,edgar_c_5ae480e1ca92,2023-05-01,series-a,,edgar
edgar_r_900000710,edgar_c_5ae480e1ca92,2021-10-07,series-a,,edgar
edgar_r_900000711,edgar_c_5ae480e1ca92,2021-10-06,series-a,,edgar
edgar_r_900000712,edgar_c_5ae480e1ca92,2020-10-09,series-a,,edgar
edgar_r_900000713,c:81775,2020-10-16,series-a,,edgar
edgar_r_900000714,f:9513,2020-10-27,series-a,,edgar
edgar_r_900000715,f:9513,2017-11-17,series-a,,edgar
edgar_r_900000716,f:9513,2015-07-16,series-a,,edgar
edgar_r_900000717,f:9513,2013-05-21,series-a,,edgar
edgar_r_900000718,f:9513,2012-11-26,series-a,,edgar
edgar_r_900000719,f:9513,2011-05-17,series-a,,edgar
edgar_r_900000720,f:9513,2010-03-30,series-a,,edgar
edgar_r_900000721,edgar_c_7104742a7101,2021-04-19,series-a,,edgar
edgar_r_900000722,c:4614,2019-07-09,series-a,,edgar
edgar_r_900000723,c:4614,2019-07-08,series-a,,edgar
edgar_r_900000724,c:4614,2018-03-20,series-a,,edgar
edgar_r_900000725,c:4614,2016-12-02,series-a,,edgar
edgar_r_900000726,c:200921,2025-10-07,series-a,,edgar
edgar_r_900000727,c:195865,2016-09-29,series-a,,edgar
edgar_r_900000728,c:195865,2015-09-24,series-a,,edgar
edgar_r_900000729,edgar_c_00c276d2521c,2010-10-14,series-a,,edgar
edgar_r_900000730,edgar_c_b409661f36af,2017-12-15,series-a,,edgar
edgar_r_900000731,c:44475,2018-06-14,series-a,,edgar
edgar_r_900000732,c:65825,2023-01-31,series-a,,edgar
edgar_r_900000733,c:194658,2026-04-16,series-a,,edgar
edgar_r_900000734,c:194658,2025-09-12,series-a,,edgar
edgar_r_900000735,c:194658,2025-08-27,series-a,,edgar
edgar_r_900000736,c:194658,2024-11-07,series-a,,edgar
edgar_r_900000737,c:194658,2022-04-19,series-a,,edgar
edgar_r_900000738,c:194658,2021-05-24,series-a,,edgar
edgar_r_900000739,c:194658,2021-04-01,series-a,,edgar
edgar_r_900000740,edgar_c_716d49fb608e,2025-10-10,series-a,,edgar
edgar_r_900000741,edgar_c_6b9c3433c115,2015-06-25,series-a,,edgar
edgar_r_900000742,edgar_c_6b9c3433c115,2014-02-20,series-a,,edgar
edgar_r_900000743,edgar_c_6b9c3433c115,2013-06-17,series-a,,edgar
edgar_r_900000744,edgar_c_6b9c3433c115,2013-02-01,series-a,,edgar
edgar_r_900000745,edgar_c_6b9c3433c115,2012-12-28,series-a,,edgar
edgar_r_900000746,edgar_c_6b9c3433c115,2012-10-31,series-a,,edgar
edgar_r_900000747,edgar_c_6b9c3433c115,2012-01-05,series-a,,edgar
edgar_r_900000748,edgar_c_6b9c3433c115,2009-10-26,series-a,,edgar
edgar_r_900000749,edgar_c_61f9991e505f,2026-04-10,series-a,,edgar
edgar_r_900000750,edgar_c_61f9991e505f,2025-04-25,series-a,,edgar
edgar_r_900000751,edgar_c_61f9991e505f,2024-04-19,series-a,,edgar
edgar_r_900000752,edgar_c_61f9991e505f,2023-04-28,series-a,,edgar
edgar_r_900000753,edgar_c_61f9991e505f,2022-04-28,series-a,,edgar
edgar_r_900000754,edgar_c_61f9991e505f,2021-04-30,series-a,,edgar
edgar_r_900000755,edgar_c_61f9991e505f,2020-05-01,series-a,,edgar
edgar_r_900000756,edgar_c_61f9991e505f,2019-05-01,series-a,,edgar
edgar_r_900000757,edgar_c_61f9991e505f,2018-05-15,series-a,,edgar
edgar_r_900000758,edgar_c_61f9991e505f,2018-05-07,series-a,,edgar
edgar_r_900000759,edgar_c_61f9991e505f,2017-07-14,series-a,,edgar
edgar_r_900000760,edgar_c_61f9991e505f,2017-05-03,series-a,,edgar
edgar_r_900000761,edgar_c_61f9991e505f,2016-10-06,series-a,,edgar
edgar_r_900000762,edgar_c_61f9991e505f,2016-05-04,series-a,,edgar
edgar_r_900000763,edgar_c_61f9991e505f,2015-09-21,series-a,,edgar
edgar_r_900000764,edgar_c_61f9991e505f,2015-05-04,series-a,,edgar
edgar_r_900000765,edgar_c_61f9991e505f,2015-05-01,series-a,,edgar
edgar_r_900000766,edgar_c_61f9991e505f,2011-12-21,series-a,,edgar
edgar_r_900000767,edgar_c_e039b58343eb,2018-02-14,series-a,,edgar
edgar_r_900000768,c:208454,2024-08-28,series-a,,edgar
edgar_r_900000769,c:208454,2023-05-19,series-a,,edgar
edgar_r_900000770,c:208454,2020-11-04,series-a,,edgar
edgar_r_900000771,p:25509,2021-06-15,series-a,,edgar
edgar_r_900000772,edgar_c_4f3e412ea581,2015-03-16,series-a,,edgar
edgar_r_900000773,edgar_c_4f3e412ea581,2014-05-23,series-a,,edgar
edgar_r_900000774,edgar_c_4f3e412ea581,2013-04-08,series-a,,edgar
edgar_r_900000775,edgar_c_4f3e412ea581,2012-11-13,series-a,,edgar
edgar_r_900000776,edgar_c_4f3e412ea581,2012-01-26,series-a,,edgar
edgar_r_900000777,edgar_c_4f3e412ea581,2011-10-24,series-a,,edgar
edgar_r_900000778,edgar_c_4f3e412ea581,2011-05-05,series-a,,edgar
edgar_r_900000779,edgar_c_4f3e412ea581,2010-05-18,series-a,,edgar
edgar_r_900000780,edgar_c_4f3e412ea581,2009-04-23,series-a,,edgar
edgar_r_900000781,c:21789,2017-05-10,series-a,,edgar
edgar_r_900000782,c:21789,2016-01-26,series-a,,edgar
edgar_r_900000783,c:21789,2015-07-30,series-a,,edgar
edgar_r_900000784,c:21789,2015-04-30,series-a,,edgar
edgar_r_900000785,c:21789,2014-11-12,series-a,,edgar
edgar_r_900000786,c:21789,2013-01-02,series-a,,edgar
edgar_r_900000787,c:21789,2011-07-21,series-a,,edgar
edgar_r_900000788,c:21789,2011-06-17,series-a,,edgar
edgar_r_900000789,c:21789,2011-03-10,series-a,,edgar
edgar_r_900000790,c:21789,2009-06-29,series-a,,edgar
edgar_r_900000791,edgar_c_481618e5e12e,2025-10-23,series-a,,edgar
edgar_r_900000792,edgar_c_481618e5e12e,2024-11-13,series-a,,edgar
edgar_r_900000793,edgar_c_14b7b3947d48,2019-11-19,series-a,,edgar
edgar_r_900000794,edgar_c_14b7b3947d48,2018-11-19,series-a,,edgar
edgar_r_900000795,edgar_c_14b7b3947d48,2017-10-20,series-a,,edgar
edgar_r_900000796,edgar_c_14b7b3947d48,2016-07-19,series-a,,edgar
edgar_r_900000797,edgar_c_14b7b3947d48,2015-10-28,series-a,,edgar
edgar_r_900000798,edgar_c_14b7b3947d48,2014-10-28,series-a,,edgar
edgar_r_900000799,edgar_c_14b7b3947d48,2013-09-23,series-a,,edgar
edgar_r_900000800,edgar_c_14b7b3947d48,2012-10-12,series-a,,edgar
edgar_r_900000801,edgar_c_14b7b3947d48,2011-10-13,series-a,,edgar
edgar_r_900000802,edgar_c_14b7b3947d48,2010-10-13,series-a,,edgar
edgar_r_900000803,edgar_c_14b7b3947d48,2009-10-14,series-a,,edgar
edgar_r_900000804,c:280065,2019-08-22,series-a,,edgar
edgar_r_900000805,c:256167,2010-09-29,series-a,,edgar
edgar_r_900000806,c:55633,2023-12-28,series-a,,edgar
edgar_r_900000807,c:55633,2023-12-21,series-a,,edgar
edgar_r_900000808,c:55633,2021-04-01,series-a,,edgar
edgar_r_900000809,c:55633,2020-07-01,series-a,,edgar
edgar_r_900000810,c:55633,2019-06-06,series-a,,edgar
edgar_r_900000811,c:55633,2017-07-24,series-a,,edgar
edgar_r_900000812,c:55633,2017-06-16,series-a,,edgar
edgar_r_900000813,c:55633,2016-06-20,series-a,,edgar
edgar_r_900000814,c:55633,2016-05-04,series-a,,edgar
edgar_r_900000815,c:196653,2014-07-23,series-a,,edgar
edgar_r_900000816,c:196653,2012-05-24,series-a,,edgar
edgar_r_900000817,c:196653,2011-02-18,series-a,,edgar
edgar_r_900000818,c:196653,2010-05-14,series-a,,edgar
edgar_r_900000819,c:196653,2010-02-03,series-a,,edgar
edgar_r_900000820,c:65949,2013-01-02,series-a,,edgar
edgar_r_900000821,c:65949,2011-01-24,series-a,,edgar
edgar_r_900000822,edgar_c_bd7d5ae0d414,2021-06-22,series-a,,edgar
edgar_r_900000823,r:33572,2017-12-15,series-a,,edgar
edgar_r_900000824,r:33572,2017-07-27,series-a,,edgar
edgar_r_900000825,r:33572,2014-05-19,series-a,,edgar
edgar_r_900000826,r:33572,2013-11-22,series-a,,edgar
edgar_r_900000827,r:33572,2013-07-19,series-a,,edgar
edgar_r_900000828,edgar_c_62804c6256d4,2017-06-22,series-a,,edgar
edgar_r_900000829,edgar_c_f59cfa287125,2026-05-04,series-a,,edgar
edgar_r_900000830,edgar_c_f59cfa287125,2025-05-21,series-a,,edgar
edgar_r_900000831,edgar_c_d8255d0506c7,2025-11-21,series-a,,edgar
edgar_r_900000832,edgar_c_9288ab72f050,2014-02-14,series-a,,edgar
edgar_r_900000833,f:11309,2016-07-25,series-a,,edgar
edgar_r_900000834,edgar_c_323d2e2d21ba,2019-05-01,series-a,,edgar
edgar_r_900000835,edgar_c_323d2e2d21ba,2018-04-11,series-a,,edgar
edgar_r_900000836,edgar_c_323d2e2d21ba,2017-08-10,series-a,,edgar
edgar_r_900000837,edgar_c_53eab47866c3,2023-09-21,series-a,,edgar
edgar_r_900000838,edgar_c_9b3b8210cdca,2023-10-10,series-a,,edgar
edgar_r_900000839,edgar_c_9b3b8210cdca,2020-12-30,series-a,,edgar
edgar_r_900000840,r:215,2021-05-17,series-a,,edgar
edgar_r_900000841,edgar_c_e27dead8fe15,2023-07-05,series-a,,edgar
edgar_r_900000842,c:25222,2022-01-07,series-a,,edgar
edgar_r_900000843,c:73082,2021-04-16,series-a,,edgar
edgar_r_900000844,edgar_c_879b37c206fb,2021-01-13,series-a,,edgar
edgar_r_900000845,edgar_c_e69e725dcd0f,2013-06-27,series-a,,edgar
edgar_r_900000846,edgar_c_e69e725dcd0f,2010-12-20,series-a,,edgar
edgar_r_900000847,edgar_c_bf813faa0791,2025-05-12,series-a,,edgar
edgar_r_900000848,edgar_c_7ffa52bd9c82,2020-12-10,series-a,,edgar
edgar_r_900000849,edgar_c_7ffa52bd9c82,2019-09-26,series-a,,edgar
edgar_r_900000850,edgar_c_a2d4c9e275eb,2016-08-16,series-a,,edgar
edgar_r_900000851,edgar_c_49870b39062e,2020-12-18,series-a,,edgar
edgar_r_900000852,c:161932,2017-03-07,series-a,,edgar
edgar_r_900000853,c:161932,2016-03-07,series-a,,edgar
edgar_r_900000854,c:161932,2015-03-05,series-a,,edgar
edgar_r_900000855,c:161932,2014-03-05,series-a,,edgar
edgar_r_900000856,c:161932,2013-03-20,series-a,,edgar
edgar_r_900000857,edgar_c_5aba1fdab213,2015-05-29,series-a,,edgar
edgar_r_900000858,edgar_c_5aba1fdab213,2014-03-18,series-a,,edgar
edgar_r_900000859,edgar_c_5aba1fdab213,2012-02-23,series-a,,edgar
edgar_r_900000860,edgar_c_5aba1fdab213,2011-07-20,series-a,,edgar
edgar_r_900000861,edgar_c_30643cc99723,2015-03-24,series-a,,edgar
edgar_r_900000862,edgar_c_458768bc64c0,2025-09-24,series-a,,edgar
edgar_r_900000863,edgar_c_458768bc64c0,2022-03-29,series-a,,edgar
edgar_r_900000864,edgar_c_77644fa355cd,2017-08-21,series-a,,edgar
edgar_r_900000865,edgar_c_77644fa355cd,2016-06-08,series-a,,edgar
edgar_r_900000866,edgar_c_77644fa355cd,2014-05-23,series-a,,edgar
edgar_r_900000867,c:238643,2025-10-28,series-a,,edgar
edgar_r_900000868,c:238643,2023-08-24,series-a,,edgar
edgar_r_900000869,edgar_c_659db6bb4c26,2024-08-07,series-a,,edgar
edgar_r_900000870,c:73478,2014-12-31,series-a,,edgar
edgar_r_900000871,c:44468,2017-04-18,series-a,,edgar
edgar_r_900000872,c:25716,2012-02-09,series-a,,edgar
edgar_r_900000873,c:25716,2011-03-07,series-a,,edgar
edgar_r_900000874,c:25716,2010-08-24,series-a,,edgar
edgar_r_900000875,edgar_c_ef8d1c0d2a9a,2014-10-17,series-a,,edgar
edgar_r_900000876,edgar_c_ef8d1c0d2a9a,2012-12-27,series-a,,edgar
edgar_r_900000877,edgar_c_ef8d1c0d2a9a,2012-10-16,series-a,,edgar
edgar_r_900000878,edgar_c_ef8d1c0d2a9a,2011-11-14,series-a,,edgar
edgar_r_900000879,edgar_c_ef8d1c0d2a9a,2010-07-12,series-a,,edgar
edgar_r_900000880,edgar_c_ef8d1c0d2a9a,2010-04-06,series-a,,edgar
edgar_r_900000881,edgar_c_ef8d1c0d2a9a,2010-02-12,series-a,,edgar
edgar_r_900000882,edgar_c_ef8d1c0d2a9a,2009-12-18,series-a,,edgar
edgar_r_900000883,edgar_c_ef8d1c0d2a9a,2009-10-22,series-a,,edgar
edgar_r_900000884,edgar_c_ef8d1c0d2a9a,2009-10-13,series-a,,edgar
edgar_r_900000885,edgar_c_ef8d1c0d2a9a,2009-09-28,series-a,,edgar
edgar_r_900000886,edgar_c_4c53ea6cec2b,2024-07-24,series-a,,edgar
edgar_r_900000887,edgar_c_4c53ea6cec2b,2024-03-11,series-a,,edgar
edgar_r_900000888,edgar_c_4c53ea6cec2b,2021-03-19,series-a,,edgar
edgar_r_900000889,edgar_c_4c53ea6cec2b,2021-02-25,series-a,,edgar
edgar_r_900000890,edgar_c_8b018f3094de,2017-08-30,series-a,,edgar
edgar_r_900000891,edgar_c_a55b26cbdaa7,2020-04-30,series-a,,edgar
edgar_r_900000892,edgar_c_a55b26cbdaa7,2019-03-11,series-a,,edgar
edgar_r_900000893,edgar_c_a55b26cbdaa7,2019-01-15,series-a,,edgar
edgar_r_900000894,f:14720,2019-06-24,series-a,,edgar
edgar_r_900000895,c:264690,2025-01-06,series-a,,edgar
edgar_r_900000896,edgar_c_e520f0607d91,2012-04-20,series-a,,edgar
edgar_r_900000897,edgar_c_ed1a7470fe62,2019-03-26,series-a,,edgar
edgar_r_900000898,edgar_c_ed1a7470fe62,2018-08-09,series-a,,edgar
edgar_r_900000899,edgar_c_1bdad68bbc77,2022-09-08,series-a,,edgar
edgar_r_900000900,edgar_c_1bdad68bbc77,2021-07-21,series-a,,edgar
edgar_r_900000901,edgar_c_33eafff69360,2018-07-13,series-a,,edgar
edgar_r_900000902,edgar_c_85c80a3eb026,2017-03-02,series-a,,edgar
edgar_r_900000903,edgar_c_85c80a3eb026,2015-07-16,series-a,,edgar
edgar_r_900000904,edgar_c_95971a1cc49e,2022-01-10,series-a,,edgar
edgar_r_900000905,edgar_c_95971a1cc49e,2021-10-21,series-a,,edgar
edgar_r_900000906,edgar_c_741cf4bab099,2022-10-31,series-a,,edgar
edgar_r_900000907,edgar_c_741cf4bab099,2012-03-30,series-a,,edgar
edgar_r_900000908,edgar_c_741cf4bab099,2011-01-14,series-a,,edgar
edgar_r_900000909,edgar_c_741cf4bab099,2010-06-09,series-a,,edgar
edgar_r_900000910,c:84177,2020-03-11,series-a,,edgar
edgar_r_900000911,c:84177,2019-02-13,series-a,,edgar
edgar_r_900000912,edgar_c_f7d8a8954093,2017-01-25,series-a,,edgar
edgar_r_900000913,c:244074,2015-11-05,series-a,,edgar
edgar_r_900000914,edgar_c_975c5138f3a2,2025-03-25,series-a,,edgar
edgar_r_900000915,edgar_c_975c5138f3a2,2018-10-31,series-a,,edgar
edgar_r_900000916,edgar_c_975c5138f3a2,2017-08-31,series-a,,edgar
edgar_r_900000917,edgar_c_975c5138f3a2,2017-07-03,series-a,,edgar
edgar_r_900000918,f:8681,2014-09-22,series-a,,edgar
edgar_r_900000919,f:8681,2013-12-03,series-a,,edgar
edgar_r_900000920,c:23972,2021-01-19,series-a,,edgar
edgar_r_900000921,edgar_c_c41f5994fed7,2015-01-13,series-a,,edgar
edgar_r_900000922,edgar_c_c41f5994fed7,2013-12-23,series-a,,edgar
edgar_r_900000923,edgar_c_7af5b8d20f2c,2024-03-01,series-a,,edgar
edgar_r_900000924,edgar_c_a7ec337c7aa4,2019-10-22,series-a,,edgar
edgar_r_900000925,c:25740,2024-03-19,series-a,,edgar
edgar_r_900000926,c:25740,2018-04-03,series-a,,edgar
edgar_r_900000927,edgar_c_c08b5bc92a90,2020-08-14,series-a,,edgar
edgar_r_900000928,edgar_c_794080c1b0c4,2021-08-02,series-a,,edgar
edgar_r_900000929,edgar_c_794080c1b0c4,2019-04-17,series-a,,edgar
edgar_r_900000930,edgar_c_794080c1b0c4,2019-04-09,series-a,,edgar
edgar_r_900000931,edgar_c_794080c1b0c4,2018-04-24,series-a,,edgar
edgar_r_900000932,edgar_c_794080c1b0c4,2016-11-14,series-a,,edgar
edgar_r_900000933,edgar_c_794080c1b0c4,2016-03-09,series-a,,edgar
edgar_r_900000934,edgar_c_e9e6728b6585,2022-08-26,series-a,,edgar
edgar_r_900000935,c:218516,2015-11-18,series-a,,edgar
edgar_r_900000936,c:284101,2022-09-22,series-a,,edgar
edgar_r_900000937,edgar_c_c3a68f02d070,2022-10-05,series-a,,edgar
edgar_r_900000938,edgar_c_f9de94cdd8e5,2012-04-23,series-a,,edgar
edgar_r_900000939,c:217892,2013-06-11,series-a,,edgar
edgar_r_900000940,c:217892,2012-06-12,series-a,,edgar
edgar_r_900000941,edgar_c_f9c1c2606ad7,2009-12-07,series-a,,edgar
edgar_r_900000942,edgar_c_61e3f9f9bd51,2019-05-09,series-a,,edgar
edgar_r_900000943,c:104853,2017-08-16,series-a,,edgar
edgar_r_900000944,edgar_c_e7af79d0456f,2018-07-13,series-a,,edgar
edgar_r_900000945,edgar_c_e7af79d0456f,2017-06-29,series-a,,edgar
edgar_r_900000946,edgar_c_e7af79d0456f,2017-02-01,series-a,,edgar
edgar_r_900000947,edgar_c_e7af79d0456f,2015-11-12,series-a,,edgar
edgar_r_900000948,c:31441,2016-01-25,series-a,,edgar
edgar_r_900000949,edgar_c_e91bec5e66ac,2017-06-09,series-a,,edgar
edgar_r_900000950,c:56681,2015-07-17,series-a,,edgar
edgar_r_900000951,c:56681,2014-03-25,series-a,,edgar
edgar_r_900000952,edgar_c_5000c0730c9e,2025-04-10,series-a,,edgar
edgar_r_900000953,edgar_c_5000c0730c9e,2018-10-04,series-a,,edgar
edgar_r_900000954,edgar_c_5000c0730c9e,2017-08-14,series-a,,edgar
edgar_r_900000955,edgar_c_5000c0730c9e,2017-07-20,series-a,,edgar
edgar_r_900000956,edgar_c_4dd98662c132,2023-10-04,series-a,,edgar
edgar_r_900000957,edgar_c_4dd98662c132,2017-12-22,series-a,,edgar
edgar_r_900000958,edgar_c_4dd98662c132,2017-02-08,series-a,,edgar
edgar_r_900000959,edgar_c_4dd98662c132,2016-07-06,series-a,,edgar
edgar_r_900000960,edgar_c_4dd98662c132,2015-10-22,series-a,,edgar
edgar_r_900000961,edgar_c_4dd98662c132,2015-10-21,series-a,,edgar
edgar_r_900000962,edgar_c_4dd98662c132,2015-03-11,series-a,,edgar
edgar_r_900000963,edgar_c_5eebc18ea863,2020-05-15,series-a,,edgar
edgar_r_900000964,edgar_c_d1ba95de6c00,2024-03-18,series-a,,edgar
edgar_r_900000965,c:66124,2018-03-23,series-a,,edgar
edgar_r_900000966,c:66124,2015-05-08,series-a,,edgar
edgar_r_900000967,c:66124,2013-12-30,series-a,,edgar
edgar_r_900000968,c:66124,2013-08-28,series-a,,edgar
edgar_r_900000969,c:66124,2013-01-29,series-a,,edgar
edgar_r_900000970,c:66124,2012-09-07,series-a,,edgar
edgar_r_900000971,c:66124,2011-09-21,series-a,,edgar
edgar_r_900000972,c:66124,2011-05-31,series-a,,edgar
edgar_r_900000973,c:66124,2010-11-03,series-a,,edgar
edgar_r_900000974,p:151589,2019-01-11,series-a,,edgar
edgar_r_900000975,edgar_c_f8737eeeea8c,2010-12-17,series-a,,edgar
edgar_r_900000976,edgar_c_f8737eeeea8c,2009-11-06,series-a,,edgar
edgar_r_900000977,edgar_c_9144c7be6835,2009-03-25,series-a,,edgar
edgar_r_900000978,edgar_c_25fcdaf8e0b5,2023-02-28,series-a,,edgar
edgar_r_900000979,c:49706,2014-09-30,series-a,,edgar
edgar_r_900000980,c:55642,2026-02-25,series-a,,edgar
edgar_r_900000981,edgar_c_259f7e401487,2011-09-27,series-a,,edgar
edgar_r_900000982,edgar_c_259f7e401487,2011-03-31,series-a,,edgar
edgar_r_900000983,edgar_c_259f7e401487,2009-08-06,series-a,,edgar
edgar_r_900000984,edgar_c_8ba53763800f,2025-08-12,series-a,,edgar
edgar_r_900000985,c:228711,2021-05-11,series-a,,edgar
edgar_r_900000986,c:228711,2020-06-16,series-a,,edgar
edgar_r_900000987,c:228711,2020-06-01,series-a,,edgar
edgar_r_900000988,c:228711,2019-11-19,series-a,,edgar
edgar_r_900000989,c:228711,2019-05-29,series-a,,edgar
edgar_r_900000990,c:228711,2019-02-01,series-a,,edgar
edgar_r_900000991,c:228711,2017-05-30,series-a,,edgar
edgar_r_900000992,c:228711,2016-07-14,series-a,,edgar
edgar_r_900000993,c:228711,2015-12-02,series-a,,edgar
edgar_r_900000994,c:228711,2015-04-13,series-a,,edgar
edgar_r_900000995,c:228711,2014-10-14,series-a,,edgar
edgar_r_900000996,c:228711,2014-03-19,series-a,,edgar
edgar_r_900000997,c:228711,2014-03-03,series-a,,edgar
edgar_r_900000998,c:228711,2013-02-20,series-a,,edgar
edgar_r_900000999,c:228711,2012-01-27,series-a,,edgar
edgar_r_900001000,c:228711,2011-06-08,series-a,,edgar
edgar_r_900001001,c:228711,2010-10-05,series-a,,edgar
edgar_r_900001002,c:228711,2010-10-04,series-a,,edgar
edgar_r_900001003,c:228711,2010-05-03,series-a,,edgar
edgar_r_900001004,c:228711,2009-09-14,series-a,,edgar
edgar_r_900001005,edgar_c_a8e72a43f565,2016-03-24,series-a,,edgar
edgar_r_900001006,edgar_c_a8e72a43f565,2009-07-28,series-a,,edgar
edgar_r_900001007,edgar_c_9493400a3e1d,2013-03-13,series-a,,edgar
edgar_r_900001008,c:275976,2016-11-29,series-a,,edgar
edgar_r_900001009,c:275976,2014-10-24,series-a,,edgar
edgar_r_900001010,edgar_c_cda8761c27ca,2026-03-11,series-a,,edgar
edgar_r_900001011,edgar_c_cda8761c27ca,2025-01-31,series-a,,edgar
edgar_r_900001012,edgar_c_cda8761c27ca,2021-12-30,series-a,,edgar
edgar_r_900001013,edgar_c_cda8761c27ca,2019-06-18,series-a,,edgar
edgar_r_900001014,edgar_c_cda8761c27ca,2018-11-08,series-a,,edgar
edgar_r_900001015,edgar_c_cda8761c27ca,2018-11-07,series-a,,edgar
edgar_r_900001016,edgar_c_4343a21ce9bb,2024-10-22,series-a,,edgar
edgar_r_900001017,edgar_c_cf8e5ce71394,2021-02-25,series-a,,edgar
edgar_r_900001018,edgar_c_f00cec9d80ec,2021-12-15,series-a,,edgar
edgar_r_900001019,edgar_c_78b84e5db7fc,2018-05-11,series-a,,edgar
edgar_r_900001020,edgar_c_78b84e5db7fc,2016-08-26,series-a,,edgar
edgar_r_900001021,edgar_c_2a8c015dd273,2024-04-03,series-a,,edgar
edgar_r_900001022,edgar_c_2a8c015dd273,2019-03-29,series-a,,edgar
edgar_r_900001023,edgar_c_2a8c015dd273,2016-04-21,series-a,,edgar
edgar_r_900001024,edgar_c_66edd2ee7d13,2021-02-26,series-a,,edgar
edgar_r_900001025,c:19177,2020-07-08,series-a,,edgar
edgar_r_900001026,c:19177,2018-08-08,series-a,,edgar
edgar_r_900001027,c:19177,2016-11-16,series-a,,edgar
edgar_r_900001028,c:19177,2015-05-14,series-a,,edgar
edgar_r_900001029,c:19177,2014-06-17,series-a,,edgar
edgar_r_900001030,c:19177,2013-11-21,series-a,,edgar
edgar_r_900001031,c:19177,2012-04-27,series-a,,edgar
edgar_r_900001032,c:19177,2012-03-14,series-a,,edgar
edgar_r_900001033,c:271515,2024-01-10,series-a,,edgar
edgar_r_900001034,edgar_c_dc954e0ac8fe,2009-04-28,series-a,,edgar
edgar_r_900001035,c:57370,2019-06-14,series-a,,edgar
edgar_r_900001036,c:57370,2017-12-04,series-a,,edgar
edgar_r_900001037,c:57370,2016-05-20,series-a,,edgar
edgar_r_900001038,c:57370,2015-02-12,series-a,,edgar
edgar_r_900001039,c:57370,2014-02-27,series-a,,edgar
edgar_r_900001040,c:57370,2012-02-02,series-a,,edgar
edgar_r_900001041,c:57370,2011-12-30,series-a,,edgar
edgar_r_900001042,c:57370,2011-02-04,series-a,,edgar
edgar_r_900001043,c:57370,2010-09-01,series-a,,edgar
edgar_r_900001044,c:57370,2010-06-14,series-a,,edgar
edgar_r_900001045,c:57370,2010-04-19,series-a,,edgar
edgar_r_900001046,c:57370,2009-07-10,series-a,,edgar
edgar_r_900001047,edgar_c_9c446feba966,2016-08-18,series-a,,edgar
edgar_r_900001048,c:260737,2025-04-07,series-a,,edgar
edgar_r_900001049,c:260737,2022-11-14,series-a,,edgar
edgar_r_900001050,c:24278,2022-06-13,series-a,,edgar
