id,name,category_code,source
r:23825,MICROSOFT CORP,other,edgar
r:5712,"Tesla, Inc.",other,edgar
c:17066,VISA INC.,other,edgar
c:71,INTEL CORP,other,edgar
c:31006,Palantir Technologies Inc.,other,edgar
c:224067,"HOME DEPOT, INC.",other,edgar
c:248996,TOYOTA MOTOR CORP/,other,edgar
c:38811,SHOPIFY INC.,other,edgar
c:198185,AppLovin Corp,other,edgar
edgar_c_332d28c62b31,"Uber Technologies, Inc",other,edgar
c:243003,"Marvell Technology, Inc.",other,edgar
edgar_c_f4944d9881ef,"SUMITOMO MITSUI FINANCIAL GROUP, INC.",other,edgar
c:20007,ADVANTEST CORP,other,edgar
edgar_c_c54d2193bd1c,Booking Holdings Inc.,other,edgar
c:143222,ENBRIDGE INC,other,edgar
c:8931,EQUINIX INC,other,edgar
c:42408,SYNOPSYS INC,other,edgar
r:22216,"ServiceNow, Inc.",other,edgar
edgar_c_4142d3a888aa,Spotify Technology S.A.,other,edgar
edgar_c_93c14748e8f1,AGNICO EAGLE MINES LTD,other,edgar
c:36651,BAE SYSTEMS PLC /FI/,other,edgar
edgar_c_51aae27061f7,FREEPORT-MCMORAN INC,other,edgar
c:23931,MOODYS CORP /DE/,other,edgar
f:7915,"Apollo Global Management, Inc.",other,edgar
edgar_c_7b842ef4c8c7,Energy Transfer LP,other,edgar
edgar_c_ba1b5c74f9b3,Nu Holdings Ltd.,other,edgar
c:257228,"CoreWeave, Inc.",other,edgar
edgar_c_eaebf31a9b29,Targa Resources Corp.,other,edgar
c:5182,"Autodesk, Inc.",other,edgar
edgar_c_510529e21cb9,Snowflake Inc.,other,edgar
c:255698,GREAT-WEST LIFECO INC.,other,edgar
c:167620,"Block, Inc.",other,edgar
c:38219,TAKE TWO INTERACTIVE SOFTWARE INC,other,edgar
c:65045,"JD.com, Inc.",other,edgar
f:14775,SUN LIFE FINANCIAL INC,other,edgar
c:79818,HEICO CORP,other,edgar
c:161289,"Astera Labs, Inc.",other,edgar
c:28658,Roblox Corp,other,edgar
c:208984,MASTEC INC,other,edgar
edgar_c_3e52375977b6,Credo Technology Group Holding Ltd,other,edgar
r:386,"Reddit, Inc.",other,edgar
c:68030,COPART INC,other,edgar
c:280761,DEVON ENERGY CORP/DE,other,edgar
edgar_c_7bf06bf84f9a,"AXON ENTERPRISE, INC.",other,edgar
edgar_c_4a275f5dfa75,"Revolution Medicines, Inc.",other,edgar
edgar_c_9679f610e433,VICI PROPERTIES INC.,other,edgar
c:13807,TWILIO INC,other,edgar
edgar_c_6f142ea8d28a,PEMBINA PIPELINE CORP,other,edgar
c:57930,FIRSTENERGY CORP,other,edgar
edgar_c_8e769fdd3682,"AST SpaceMobile, Inc.",other,edgar
c:3136,TOWER SEMICONDUCTOR LTD,other,edgar
c:25312,BioNTech SE,other,edgar
c:78341,"Everpure, Inc.",other,edgar
r:23862,"Zscaler, Inc.",other,edgar
c:221339,CHURCH & DWIGHT CO INC /DE/,other,edgar
edgar_c_ad56cd251246,Brookfield Renewable Partners L.P.,other,edgar
c:53858,"SoFi Technologies, Inc.",other,edgar
c:33843,GLOBAL PAYMENTS INC,other,edgar
edgar_c_98f1ec76ebf7,Madison Air Solutions Corp,other,edgar
c:118813,Fortive Corp,other,edgar
edgar_c_cf9ed15b2416,"Coeur Mining, Inc.",other,edgar
c:25255,WOLTERS KLUWER N V /FI,other,edgar
edgar_c_a15706040d48,Talen Energy Corp,other,edgar
c:265622,EAST WEST BANCORP INC,other,edgar
edgar_c_e2ba307fb539,ALAMOS GOLD INC,other,edgar
edgar_c_b91de619b7d1,"ZIMMER BIOMET HOLDINGS, INC.",other,edgar
f:6852,BLUE OWL CAPITAL INC.,other,edgar
edgar_c_ce7210af0f47,SOMNIGROUP INTERNATIONAL INC.,other,edgar
edgar_c_9da83d5902ad,Legence Corp.,other,edgar
c:77603,SITIME Corp,other,edgar
edgar_c_22339b047e12,ONTO INNOVATION INC.,other,edgar
c:12673,Warner Music Group Corp.,other,edgar
edgar_c_a6be37dfcfa7,Ascendis Pharma A/S,other,edgar
edgar_c_e93e8c875ac6,"QXO, Inc.",other,edgar
edgar_c_84c6e5c9cf62,PERSHING SQUARE INC.,other,edgar
edgar_c_d0d3d3df65de,Lytus Technologies Holdings PTV. Ltd.,other,edgar
c:231747,Planet Labs PBC,other,edgar
edgar_c_3b20ab02a33b,Ally Financial Inc.,other,edgar
edgar_c_6043348b406e,Summit Therapeutics Inc.,other,edgar
edgar_c_001489cee4c5,"BITMINE IMMERSION TECHNOLOGIES, INC.",other,edgar
c:236632,Penumbra Inc,other,edgar
f:3035,Daiwa Securities Group Inc.,other,edgar
edgar_c_8aa70f34035d,CNH Industrial N.V.,other,edgar
edgar_c_f23978924e87,PINNACLE WEST CAPITAL CORP,other,edgar
edgar_c_0183b3b302f2,"BJ's Wholesale Club Holdings, Inc.",other,edgar
c:14900,RAMBUS INC,other,edgar
c:273512,"MADRIGAL PHARMACEUTICALS, INC.",other,edgar
edgar_c_fe4d4a2020b2,HECLA MINING CO/DE/,other,edgar
c:162946,DraftKings Inc.,other,edgar
c:74084,"Nutanix, Inc.",other,edgar
c:229237,"Axsome Therapeutics, Inc.",other,edgar
c:73731,"ASSURANT, INC.",other,edgar
c:178342,VICOR CORP,other,edgar
edgar_c_b7261d55501f,"DigitalOcean Holdings, Inc.",other,edgar
edgar_c_0760f5da4f24,Equinox Gold Corp.,other,edgar
c:239141,AECOM,other,edgar
edgar_c_bb021c82155e,Gildan Activewear Inc.,other,edgar
edgar_c_61251b9cec1a,"ARROWHEAD PHARMACEUTICALS, INC.",other,edgar
edgar_c_967c4fc4b2d2,"ZILLOW GROUP, INC.",other,edgar
c:232287,"Figma, Inc.",other,edgar
f:5955,"HOULIHAN LOKEY, INC.",other,edgar
c:13107,"Globalstar, Inc.",other,edgar
c:40897,FORMFACTOR INC,other,edgar
edgar_c_8cd5d79b3ea6,"CAVA GROUP, INC.",other,edgar
edgar_c_747a123a2667,"BrightSpring Health Services, Inc.",other,edgar
edgar_c_32221c0e0813,J M SMUCKER Co,other,edgar
c:260140,"Texas Roadhouse, Inc.",other,edgar
c:45021,Maplebear Inc.,other,edgar
c:226500,Applied Digital Corp.,other,edgar
c:187623,"Tempus AI, Inc.",other,edgar
edgar_c_8e3cdc70395c,CHART INDUSTRIES INC,other,edgar
c:72797,"REVVITY, INC.",other,edgar
edgar_c_3c32b6e0cd99,FIRST MAJESTIC SILVER CORP,other,edgar
r:599,"DOCUSIGN, INC.",other,edgar
edgar_c_66a881e8ba8a,"Praxis Precision Medicines, Inc.",other,edgar
c:46248,"PROCORE TECHNOLOGIES, INC.",other,edgar
c:73629,AeroVironment Inc,other,edgar
c:55473,"Lineage, Inc.",other,edgar
edgar_c_2314e39899aa,"Joby Aviation, Inc.",other,edgar
c:33731,VIASAT INC,other,edgar
edgar_c_0906148f121b,"Celsius Holdings, Inc.",other,edgar
edgar_c_70f4be3b67d6,Freedom Holding Corp.,other,edgar
c:260004,CAMTEK LTD,other,edgar
edgar_c_170f75421439,"Chime Financial, Inc.",other,edgar
edgar_c_c71da80f30b7,"Krystal Biotech, Inc.",other,edgar
c:285215,"Vaxcyte, Inc.",other,edgar
edgar_c_0f8e38f32e20,"Nuvalent, Inc.",other,edgar
edgar_c_526c290f5391,JANUS HENDERSON GROUP PLC,other,edgar
c:237187,NATIONAL FUEL GAS CO,other,edgar
c:215743,Norwegian Cruise Line Holdings Ltd.,other,edgar
edgar_c_629e18cf9a19,"RYAN SPECIALTY HOLDINGS, INC.",other,edgar
edgar_c_35777aca80ed,D-Wave Quantum Inc.,other,edgar
edgar_c_2d435a6ac4a0,"ImmunityBio, Inc.",other,edgar
edgar_c_8ab3b066ca00,"AAON, INC.",other,edgar
c:243703,URANIUM ENERGY CORP,other,edgar
c:43485,"Clearwater Analytics Holdings, Inc.",other,edgar
f:2503,"ALEXANDRIA REAL ESTATE EQUITIES, INC.",other,edgar
edgar_c_dcb9529bb870,"Riot Platforms, Inc.",other,edgar
c:277330,"Construction Partners, Inc.",other,edgar
c:179440,Celcuity Inc.,other,edgar
edgar_c_59ffb85d508b,Terreno Realty Corp,other,edgar
edgar_c_02ed23e529c7,Aura Minerals Inc.,other,edgar
c:187183,"Klaviyo, Inc.",other,edgar
edgar_c_49f652647706,OceanaGold Corp,other,edgar
c:64174,REPLIGEN CORP,other,edgar
edgar_c_3cb094b01bd3,"Core Scientific, Inc./tx",other,edgar
edgar_c_8639be6012b0,"Mirum Pharmaceuticals, Inc.",other,edgar
c:166758,LITHIA MOTORS INC,other,edgar
c:46506,"Protagonist Therapeutics, Inc",other,edgar
edgar_c_d735323f4552,"Cogent Biosciences, Inc.",other,edgar
edgar_c_b7996bef1b2e,"GLACIER BANCORP, INC.",other,edgar
edgar_c_d04d9fce35c1,PJT Partners Inc.,other,edgar
c:5222,APPFOLIO INC,other,edgar
c:264948,California Resources Corp,other,edgar
edgar_c_f22fee17e9d9,"Terns Pharmaceuticals, Inc.",other,edgar
edgar_c_b934bfd7b8a3,National Storage Affiliates Trust,other,edgar
c:164009,"ServiceTitan, Inc.",other,edgar
edgar_c_c40ce2f8803c,"Kodiak Gas Services, Inc.",other,edgar
edgar_c_28fd9c9ce48e,"Spyre Therapeutics, Inc.",other,edgar
c:14008,OPEN TEXT CORP,other,edgar
edgar_c_bef0121ebf13,"Rigetti Computing, Inc.",other,edgar
c:43907,"RHYTHM PHARMACEUTICALS, INC.",other,edgar
c:22632,"EPAM Systems, Inc.",other,edgar
edgar_c_fb985561af03,Blackstone Secured Lending Fund,other,edgar
c:223141,Ameris Bancorp,other,edgar
edgar_c_685b3cc584b9,B2GOLD CORP,other,edgar
c:260041,"TG THERAPEUTICS, INC.",other,edgar
edgar_c_7b26900c3b33,"UiPath, Inc.",other,edgar
edgar_c_c550af46ef97,"Immunovant, Inc.",other,edgar
c:33003,ADT Inc.,other,edgar
edgar_c_2a1faed6e492,Klarna Group plc,other,edgar
edgar_c_3d0d544c3dad,"Oscar Health, Inc.",other,edgar
edgar_c_b456b6d21635,Scholar Rock Holding Corp,other,edgar
edgar_c_574e6dd6a153,PIPER SANDLER COMPANIES,other,edgar
c:59377,BRUKER CORP,other,edgar
edgar_c_3d4f88839a24,Almonty Industries Inc.,other,edgar
edgar_c_2096de694279,Acushnet Holdings Corp.,other,edgar
f:7333,"Avantor, Inc.",other,edgar
edgar_c_8f85d17b4ec3,OUTFRONT Media Inc.,other,edgar
c:36788,"PTC THERAPEUTICS, INC.",other,edgar
c:39780,ENERGY FUELS INC,other,edgar
edgar_c_ad52498b622d,Firefly Aerospace Inc.,other,edgar
edgar_c_553298abe574,Blue Owl Technology Finance Corp.,other,edgar
c:230768,"SentinelOne, Inc.",other,edgar
r:28685,"Compass, Inc.",other,edgar
c:220543,Colliers International Group Inc.,other,edgar
c:191730,Elastic N.V.,other,edgar
c:239591,CARMAX INC,other,edgar
edgar_c_8d0fa89dd95e,"Floor & Decor Holdings, Inc.",other,edgar
edgar_c_9c5a950b2c37,LandBridge Co LLC,other,edgar
edgar_c_c4e83e987a1d,CRISPR Therapeutics AG,other,edgar
c:159071,"Duolingo, Inc.",other,edgar
edgar_c_49031e80b5ae,"Boot Barn Holdings, Inc.",other,edgar
edgar_c_b1f0992ad2a6,Alliance Laundry Holdings Inc.,other,edgar
edgar_c_f2d50483cf0f,"Remitly Global, Inc.",other,edgar
edgar_c_5e127c740996,Legend Biotech Corp,other,edgar
edgar_c_c0ac3d6a9189,"Victory Capital Holdings, Inc.",other,edgar
edgar_c_3150d8185a67,EquipmentShare.com Inc,other,edgar
edgar_c_38401840c342,"Dianthus Therapeutics, Inc. /DE/",other,edgar
c:173199,RADIAN GROUP INC,other,edgar
c:23425,Ondas Inc.,other,edgar
p:8952,Garrett Motion Inc.,other,edgar
c:71305,"Doximity, Inc.",other,edgar
edgar_c_f3377bc5defe,PATTERSON UTI ENERGY INC,other,edgar
edgar_c_d994342efe37,"CSW INDUSTRIALS, INC.",other,edgar
c:29874,"Navan, Inc.",other,edgar
c:207078,"LAUREATE EDUCATION, INC.",other,edgar
f:10878,"MARA Holdings, Inc.",other,edgar
edgar_c_159bcb2dbfef,"MIAMI INTERNATIONAL HOLDINGS, INC.",other,edgar
edgar_c_b6e7978fdef7,Orla Mining Ltd.,other,edgar
edgar_c_ebd689ce4503,"Kiniksa Pharmaceuticals International, plc",other,edgar
edgar_c_18d32900ed92,"Shift4 Payments, Inc.",other,edgar
edgar_c_b35ad372b245,"Crinetics Pharmaceuticals, Inc.",other,edgar
edgar_c_5ae480e1ca92,"Veradermics, Inc",other,edgar
c:81775,"Fastly, Inc.",other,edgar
f:9513,"ServisFirst Bancshares, Inc.",other,edgar
edgar_c_7104742a7101,MDA Space Ltd.,other,edgar
c:4614,"Lemonade, Inc.",other,edgar
c:200921,"International Seaways, Inc.",other,edgar
c:195865,Gitlab Inc.,other,edgar
edgar_c_00c276d2521c,GRIFFON CORP,other,edgar
edgar_c_b409661f36af,"Helmerich & Payne, Inc.",other,edgar
c:44475,"Champion Homes, Inc.",other,edgar
c:65825,"SOUNDHOUND AI, INC.",other,edgar
c:194658,"BETA Technologies, Inc.",other,edgar
edgar_c_716d49fb608e,Waystar Holding Corp.,other,edgar
edgar_c_6b9c3433c115,"Oruka Therapeutics, Inc.",other,edgar
edgar_c_61f9991e505f,"INDEPENDENCE REALTY TRUST, INC.",other,edgar
edgar_c_e039b58343eb,UNITED COMMUNITY BANKS INC,other,edgar
c:208454,Montage Gold Corp.,other,edgar
p:25509,"BILL Holdings, Inc.",other,edgar
edgar_c_4f3e412ea581,"iRhythm Holdings, Inc.",other,edgar
c:21789,"NLIGHT, INC.",other,edgar
edgar_c_481618e5e12e,NGEx Minerals Ltd.,other,edgar
edgar_c_14b7b3947d48,"Broadstone Net Lease, Inc.",other,edgar
c:280065,Travel & Leisure Co.,other,edgar
c:256167,THOR INDUSTRIES INC,other,edgar
c:55633,"Hinge Health, Inc.",other,edgar
c:196653,"Vita Coco Company, Inc.",other,edgar
c:65949,ACADIA PHARMACEUTICALS INC,other,edgar
edgar_c_bd7d5ae0d414,BANCFIRST CORP /OK/,other,edgar
r:33572,"Life360, Inc.",other,edgar
edgar_c_62804c6256d4,"Viking Therapeutics, Inc.",other,edgar
edgar_c_f59cfa287125,Howard Hughes Holdings Inc.,other,edgar
edgar_c_d8255d0506c7,Navitas Semiconductor Corp,other,edgar
edgar_c_9288ab72f050,"e.l.f. Beauty, Inc.",other,edgar
f:11309,"GOLUB CAPITAL BDC, Inc.",other,edgar
edgar_c_323d2e2d21ba,Skeena Resources Ltd,other,edgar
edgar_c_53eab47866c3,Allied Gold Corp,other,edgar
edgar_c_9b3b8210cdca,BKV Corp,other,edgar
r:215,BOX INC,other,edgar
edgar_c_e27dead8fe15,"Hagerty, Inc.",other,edgar
c:25222,SCOTTS MIRACLE-GRO CO,other,edgar
c:73082,Liquidia Corp,other,edgar
edgar_c_879b37c206fb,AMERICOLD REALTY TRUST,other,edgar
edgar_c_e69e725dcd0f,DENISON MINES CORP.,other,edgar
edgar_c_bf813faa0791,Neptune Insurance Holdings Inc.,other,edgar
edgar_c_7ffa52bd9c82,"Edgewise Therapeutics, Inc.",other,edgar
edgar_c_a2d4c9e275eb,"ACM Research, Inc.",other,edgar
edgar_c_49870b39062e,"BREAD FINANCIAL HOLDINGS, INC.",other,edgar
c:161932,SPROTT INC.,other,edgar
edgar_c_5aba1fdab213,PERPETUA RESOURCES CORP.,other,edgar
edgar_c_30643cc99723,"Option Care Health, Inc.",other,edgar
edgar_c_458768bc64c0,HYCROFT MINING HOLDING CORP,other,edgar
edgar_c_77644fa355cd,"CLEANSPARK, INC.",other,edgar
c:238643,"Tango Therapeutics, Inc.",other,edgar
edgar_c_659db6bb4c26,WESBANCO INC,other,edgar
c:73478,Cushman & Wakefield Ltd.,other,edgar
c:44468,PEABODY ENERGY CORP,other,edgar
c:25716,VARONIS SYSTEMS INC,other,edgar
edgar_c_ef8d1c0d2a9a,WORKIVA INC,other,edgar
edgar_c_4c53ea6cec2b,ALUMIS INC.,other,edgar
edgar_c_8b018f3094de,"Chefs' Warehouse, Inc.",other,edgar
edgar_c_a55b26cbdaa7,"Erasca, Inc.",other,edgar
f:14720,FIRST FINANCIAL BANCORP /OH/,other,edgar
c:264690,CCC Intelligent Solutions Holdings Inc.,other,edgar
edgar_c_e520f0607d91,PARK NATIONAL CORP /OH/,other,edgar
edgar_c_ed1a7470fe62,Beam Therapeutics Inc.,other,edgar
edgar_c_1bdad68bbc77,NICOLET BANKSHARES INC,other,edgar
edgar_c_33eafff69360,Seadrill Ltd,other,edgar
edgar_c_85c80a3eb026,"Upstart Holdings, Inc.",other,edgar
edgar_c_95971a1cc49e,Structure Therapeutics Inc.,other,edgar
edgar_c_741cf4bab099,eToro Group Ltd.,other,edgar
c:84177,"Privia Health Group, Inc.",other,edgar
edgar_c_f7d8a8954093,"DigitalBridge Group, Inc.",other,edgar
c:244074,SEABRIDGE GOLD INC,other,edgar
edgar_c_975c5138f3a2,"Black Stone Minerals, L.P.",other,edgar
f:8681,"DHT Holdings, Inc.",other,edgar
c:23972,Sunrun Inc.,other,edgar
edgar_c_c41f5994fed7,"Hamilton Insurance Group, Ltd.",other,edgar
edgar_c_7af5b8d20f2c,Denali Therapeutics Inc.,other,edgar
edgar_c_a7ec337c7aa4,"Arcutis Biotherapeutics, Inc.",other,edgar
c:25740,NEKTAR THERAPEUTICS,other,edgar
edgar_c_c08b5bc92a90,"Dyne Therapeutics, Inc.",other,edgar
edgar_c_794080c1b0c4,Sezzle Inc.,other,edgar
edgar_c_e9e6728b6585,TMC the metals Co Inc.,other,edgar
c:218516,Integer Holdings Corp,other,edgar
c:284101,"BANC OF CALIFORNIA, INC.",other,edgar
edgar_c_c3a68f02d070,"Amprius Technologies, Inc.",other,edgar
edgar_c_f9de94cdd8e5,"NMI Holdings, Inc.",other,edgar
c:217892,FORTUNA MINING CORP.,other,edgar
edgar_c_f9c1c2606ad7,CECO ENVIRONMENTAL CORP,other,edgar
edgar_c_61e3f9f9bd51,"10x Genomics, Inc.",other,edgar
c:104853,"Green Brick Partners, Inc.",other,edgar
edgar_c_e7af79d0456f,"Xometry, Inc.",other,edgar
c:31441,LIGAND PHARMACEUTICALS INC,other,edgar
edgar_c_e91bec5e66ac,FB Financial Corp,other,edgar
c:56681,"EURONET WORLDWIDE, INC.",other,edgar
edgar_c_5000c0730c9e,"Braze, Inc.",other,edgar
edgar_c_4dd98662c132,SOLENO THERAPEUTICS INC,other,edgar
edgar_c_5eebc18ea863,Pattern Group Inc.,other,edgar
edgar_c_d1ba95de6c00,TALOS ENERGY INC.,other,edgar
c:66124,Warby Parker Inc.,other,edgar
p:151589,"Andersons, Inc.",other,edgar
edgar_c_f8737eeeea8c,ENDEAVOUR SILVER CORP,other,edgar
edgar_c_9144c7be6835,SILVERCORP METALS INC,other,edgar
edgar_c_25fcdaf8e0b5,WAFD INC,other,edgar
c:49706,"VERACYTE, INC.",other,edgar
c:55642,"Infleqtion, Inc.",other,edgar
edgar_c_259f7e401487,"StubHub Holdings, Inc.",other,edgar
edgar_c_8ba53763800f,Aecon Group Inc.,other,edgar
c:228711,Immunome Inc.,other,edgar
edgar_c_a8e72a43f565,Kodiak Sciences Inc.,other,edgar
edgar_c_9493400a3e1d,HAWAIIAN ELECTRIC INDUSTRIES INC,other,edgar
c:275976,"Celldex Therapeutics, Inc.",other,edgar
edgar_c_cda8761c27ca,"Curaleaf Holdings, Inc.",other,edgar
edgar_c_4343a21ce9bb,GABELLI DIVIDEND & INCOME TRUST,other,edgar
edgar_c_cf8e5ce71394,"Vera Therapeutics, Inc.",other,edgar
edgar_c_f00cec9d80ec,Trump Media & Technology Group Corp.,other,edgar
edgar_c_78b84e5db7fc,"IDEAYA Biosciences, Inc.",other,edgar
edgar_c_2a8c015dd273,"Enliven Therapeutics, Inc.",other,edgar
edgar_c_66edd2ee7d13,Sigma Lithium Corp,other,edgar
c:19177,Freshworks Inc.,other,edgar
c:271515,"Relay Therapeutics, Inc.",other,edgar
edgar_c_dc954e0ac8fe,TASEKO MINES LTD,other,edgar
c:57370,"Heartflow, Inc.",other,edgar
edgar_c_9c446feba966,"Bancorp, Inc.",other,edgar
c:260737,NEXTNAV INC.,other,edgar
c:24278,"Mineralys Therapeutics, Inc.",other,edgar
